job_id,office,position_title,date,year,listing_type,umap_x,umap_y,cluster
MEM-100-14,Congresswoman Eleanor Holmes Norton (DC-00),Staff Assistant,2014-01-06,2014,staff,-2.5062149,7.981602,19
MEM-378-13,,Legislative Assistant,2013-12-23,2013,staff,6.6749682,7.13028,-1
MEM-376-13,,Press Secretary,2013-12-23,2013,staff,-2.8556628,-4.7574487,-1
MEM-375-13,Congressman Aaron Schock (IL-18),Communications Director,2013-12-16,2013,staff,-1.2714871,-5.5572734,12
MEM-374-13,,Legislative Assistant,2013-12-16,2013,staff,5.922856,7.6216984,-1
MEM-373-13,,Press Assistant,2013-12-16,2013,staff,-3.1748588,-3.6768718,-1
MEM-370-13,,Press Secretary,2013-12-09,2013,staff,-2.8436487,-4.7848306,12
MEM-109-14,Congressman Steven Horsford (NV-04),Community Liaison/Caseworker,2014-01-13,2014,staff,-6.0454855,13.628245,-1
MEM-108-14,,Staff Assistant,2014-01-13,2014,staff,10.581242,0.85968524,6
MEM-107-14,,Labor Policy Counsel (Pensions),2014-01-13,2014,staff,7.7569075,4.4350643,-1
MEM-106-14,,Communications Director,2014-01-13,2014,staff,-1.1379571,-5.4634013,12
MEM-104-14,,Staff Assistant,2014-01-13,2014,staff,-2.3239176,9.080312,17
MEM-119-14,,Transportation Legislative Assistant,2014-01-20,2014,staff,6.102319,6.831234,-1
MEM-118-14,Congressman Steven Horsford (NV-04),Staff Assistant,2014-01-20,2014,staff,-2.5397875,8.358722,-1
MEM-120-14,,Digital Editor,2014-01-27,2014,staff,-4.1636653,-2.7618446,-1
MEM-361-13,,Communications Director,2013-12-02,2013,staff,-0.72202045,-5.604182,12
MEM-356-13,,Scheduler/Office Administrator,2013-12-02,2013,staff,1.8346144,16.909245,20
MEM-349-13,,Communications Director,2013-12-02,2013,staff,-0.81095356,-5.4061656,12
MEM-346-13,,Revenue Analyst,2013-12-02,2013,staff,4.771205,4.488571,-1
MEM-111-25,Congresswoman Dina Titus (NV-01),District Office Staff Assistant,2025-03-31,2025,staff,-2.501466,8.337713,-1
MEM-110-25,Congresswoman Pramila Jayapal (WA-07),Senior Legislative Assistant,2025-03-31,2025,staff,6.327513,6.3939815,8
MEM-001-25,Congressman Michael Rulli (OH-06),Legislative Correspondent,2025-01-06,2025,staff,-0.55818325,5.8982744,-1
MEM-452-24,Congressman Brendan Boyle (PA-2),Special Assistant,2024-10-28,2024,staff,-1.1627274,8.465225,-1
MEM-451-24,,Deputy Chief of Staff,2024-10-28,2024,staff,5.90201,9.247001,-1
MEM-392-24,Congresswoman Emilia Sykes (OH-13),Communications Director,2024-09-30,2024,staff,-1.1237477,-6.2985244,12
MEM-382-24,Congressman Max Miller (OH-07),Military and Veterans Affairs Liaison,2024-09-16,2024,staff,-6.148796,13.55036,-1
MEM-135-24,Congresswoman Joyce Beatty (OH-03),Press Secretary,2024-03-25,2024,staff,-2.796792,-4.819762,-1
MEM-458-24,Congressman Steven Horsford (NV-04),District Representative,2024-10-28,2024,staff,-5.669353,13.726642,-1
MEM-457-24,Congressman Joaquin Castro (TX-20),Staff Assistant,2024-10-28,2024,staff,-1.8827097,8.654248,-1
MEM-456-24,Congressman Jamie Raskin (MD-08),Senior Legislative Assistant or Policy Advisor,2024-10-28,2024,staff,7.0762143,7.859169,-1
MEM-476-24,Congressman Dan Crenshaw (TX-02),Legislative Assistant,2024-11-11,2024,staff,6.0203123,7.6843476,-1
MEM-475-24,,Constituent Services Representative,2024-11-11,2024,staff,-6.193752,13.226397,-1
MEM-474-24,,Digital Director,2024-11-11,2024,staff,-2.221901,-4.165617,-1
MEM-473-24,,Staff Assistant,2024-11-11,2024,staff,4.805687,2.8288176,-1
MEM-471-24,"Congressman Ami Bera, M.D. (CA-06)",Health Policy Advisor/Senior Health Policy Advisor,2024-11-11,2024,staff,7.211132,7.4097953,-1
MEM-470-24,,Staff Assistant,2024-11-11,2024,staff,4.9101186,3.7026007,-1
MEM-469-24,,Counsel for the House Judiciary Committee – National Security,2024-11-11,2024,staff,6.224476,5.492543,-1
MEM-468-24,,Counsel for the House Judiciary Subcommittee on the Constitution – Reproductive Rights,2024-11-11,2024,staff,6.203124,5.512927,-1
MEM-467-24,Congressman Tom Suozzi (NY-03),Press Secretary/Communications Director,2024-11-11,2024,staff,-2.9108503,-4.4176884,12
MEM-478-24,Congressman Gabe Amo (RI-01),Field Representative,2024-11-18,2024,staff,-6.0346246,14.07342,-1
MEM-462-24,Congresswoman Pramila Jayapal (WA-07),Law Clerk,2024-11-18,2024,staff,6.247759,6.153322,-1
MEM-495-24,Congressman Eugene Vindman (VA-07),Scheduler,2024-11-25,2024,staff,2.4613268,17.363218,-1
MEM-494-24,Representative-elect Eugene Vindman (VA-07),District Director,2024-11-25,2024,staff,-4.137988,12.584339,-1
MEM-493-24,Representative-elect Eugene Vindman (VA-07),Communications Director,2024-11-25,2024,staff,-1.3479866,-5.8662457,-1
MEM-492-24,Congressman Eugene Vindman (VA-07),Legislative Director,2024-11-25,2024,staff,6.631147,9.158932,-1
MEM-490-24,Congresswoman Ilhan Omar (MN-05),Communications Assistant,2024-11-25,2024,staff,-3.5173965,-3.0959997,-1
MEM-486-24,Congressman Gabe Amo (RI-01),Scheduler,2024-11-25,2024,staff,2.3490336,17.605413,20
MEM-484-24,Congressman Gabe Amo (RI-01),Caseworker,2024-11-25,2024,staff,-6.8536935,13.584945,-1
MEM-451-23,Congresswoman Maxine Waters (CA-43),Legislative Director/Counsel,2023-08-28,2023,staff,6.5237474,9.167303,-1
MEM-503-24,Congresswoman Emilia Sykes (OH-13),Legislative Assistant,2024-12-02,2024,staff,6.661451,7.409456,13
MEM-502-24,Congressman Steven Horsford (NV-04),Communications Director,2024-12-02,2024,staff,-0.56933635,-6.114573,12
MEM-501-24,,National Security Advisor,2024-12-02,2024,staff,7.19644,6.153129,-1
MEM-500-24,,Legislative Assistant,2024-12-02,2024,staff,7.376612,1.2443331,2
MEM-498-24,,Legislative Assistant,2024-12-02,2024,staff,7.394543,1.1510698,2
MEM-497-24,,Scheduler,2024-12-02,2024,staff,2.2921,17.816298,20
MEM-512-24,Congresswoman Sara Jacobs (CA-51),"Washington, D.C.-Based Executive Assistant/Scheduler",2024-12-09,2024,staff,1.3164562,17.02355,-1
MEM-510-24,Congresswoman Angie Craig (MN-02),Communications Director,2024-12-09,2024,staff,-0.9373666,-6.3125763,12
MEM-511-24,,Research Assistant,2024-12-09,2024,staff,7.471377,1.075106,2
MEM-506-24,Congresswoman Sara Jacobs (CA-51),Social Media Assistant,2024-12-09,2024,staff,-3.7311814,-2.9590478,-1
MEM-504-24,,Legislative Assistant,2024-12-09,2024,staff,7.440887,1.2012292,2
MEM-529-24,Congresswoman Nanette Barragán (CA-44),Legislative Assistant or Senior Policy Advisor,2024-12-30,2024,staff,7.0048733,7.0485525,-1
MEM-528-24,Congresswoman Nanette Diaz Barragán (CA-44),Communications Director,2024-12-30,2024,staff,-0.49673206,-5.630336,12
MEM-527-24,Congresswoman Val Hoyle (OR-04),Communications Director,2024-12-30,2024,staff,-0.87806296,-6.215437,12
MEM-526-24,Member-elect Maggie Goodlander (NH-02),Legislative Assistant,2024-12-30,2024,staff,6.0576024,7.3786974,-1
MEM-525-24,Congresswoman Maggie Goodlander (NH-02),Legislative Correspondent,2024-12-30,2024,staff,-0.4772766,5.898412,-1
MEM-524-24,,District Representative,2024-12-30,2024,staff,-5.75127,13.821715,-1
MEM-523-24,,Digital Assistant,2024-12-30,2024,staff,-3.947608,-2.9710462,-1
MEM-522-24,Congressman Pat Ryan (NY-18),Press Secretary,2024-12-30,2024,staff,-3.0785174,-4.457719,-1
MEM-521-24,Congresswoman Alma S. Adams (NC-12),Communications Director,2024-12-30,2024,staff,-0.8623174,-6.0930657,12
MEM-520-24,Congresswoman-elect Maxine Dexter (OR-03),Legislative Assistant,2024-12-30,2024,staff,6.0519686,7.8848658,-1
MEM-519-24,Congressman Jamie Raskin (MD-08),Scheduling Director / Operations Manager,2024-12-30,2024,staff,2.5236702,16.946684,20
MEM-518-24,Congressman Greg Steube (FL-17),District Director,2024-12-30,2024,staff,-4.1910386,12.629336,-1
MEM-517-24,Congresswoman Susie Lee (NV-03),DC Scheduler,2024-12-30,2024,staff,2.2094774,17.396805,20
MEM-516-24,Congresswoman Jennifer McClellan (VA-04),Communications Director,2024-12-30,2024,staff,-1.0161587,-6.257432,12
MEM-514-24,Congresswoman Pramila Jayapal (WA-07),Legislative Counsel,2024-12-30,2024,staff,6.196664,6.05922,8
MEM-040-25,Congressman Rob Wittman (VA-01),Legislative Director,2025-02-03,2025,staff,6.364205,7.592979,-1
MEM-038-25,Congresswoman Jahana Hayes (CT-05),Communications Director,2025-02-03,2025,staff,-1.0140053,-6.324651,12
MEM-037-25,Congresswoman Madeleine Dean (PA-04),Legislative Counsel,2025-02-03,2025,staff,6.263939,6.2923517,-1
MEM-036-25,,Legislative Director,2025-02-03,2025,staff,6.685281,9.219826,-1
MEM-035-25,,Professional Staff Member,2025-02-03,2025,staff,7.3958974,1.3481249,2
MEM-029-25,,Speechwriter,2025-01-27,2025,staff,-3.3126922,-5.694771,-1
MEM-028-25,,Content Partnership Manager,2025-01-27,2025,staff,-4.063575,-3.2202384,-1
MEM-033-25,Congresswoman Alma S. Adams (NC-12),Scheduler,2025-01-27,2025,staff,2.2149992,17.408287,20
MEM-032-25,Congresswoman Janelle Bynum (OR-5),Legislative Assistant,2025-01-27,2025,staff,6.5053883,7.3751974,-1
MEM-031-25,,Clerk/Paralegal,2025-01-27,2025,staff,5.6189556,5.2816825,-1
MEM-030-25,Congresswoman Jill Tokuda (HI-02),Legislative Assistant / Senior Legislative Assistant / Policy Advisor,2025-01-27,2025,staff,6.603742,7.816533,-1
MEM-027-25,,Staff Assistant,2025-01-27,2025,staff,4.719755,3.0446563,14
MEM-026-25,Congressman Greg Steube (FL-17),Communications Director,2025-01-27,2025,staff,-0.90027606,-6.7923365,12
MEM-025-25,Congressman French Hill (AR-02),Press Secretary,2025-01-27,2025,staff,-2.6926868,-4.8302555,12
MEM-024-25,,Field Representative,2025-01-27,2025,staff,-5.9514933,14.150418,-1
MEM-022-25,Congresswoman Madeleine Dean (PA-04),District Caseworker (Social Security and Medicare),2025-01-27,2025,staff,-6.8534164,13.642039,-1
MEM-021-25,,Communications Director,2025-01-27,2025,staff,-1.5674113,-4.807883,-1
MEM-019-25,,Press Assistant,2025-01-27,2025,staff,-2.5364695,-3.9746675,12
MEM-016-25,Congresswoman Pramila Jayapal (WA-07),Senior Legislative Assistant,2025-01-20,2025,staff,6.320382,6.430045,8
MEM-015-25,Congresswoman Summer L. Lee (PA-12),Senior Legislative Assistant,2025-01-20,2025,staff,6.2192016,7.068647,8
MEM-013-25,Congresswoman Sarah McBride (DE-AL),Legislative Assistant,2025-01-20,2025,staff,6.1422644,7.6753654,-1
MEM-012-25,Congresswoman Shontel M. Brown (OH-11),Operations Assistant/Legislative Correspondent,2025-01-20,2025,staff,-1.1233946,7.194548,-1
MEM-011-25,Congressman Greg Stanton (AZ-04),Outreach Coordinator,2025-01-20,2025,staff,-5.1165075,13.693392,-1
MEM-010-25,Congressman Greg Stanton (AZ-04),Senior Outreach Coordinator,2025-01-20,2025,staff,-5.0837345,13.682,-1
MEM-009-25,Congressman Rob Wittman (VA-01),Digital Media Manager,2025-01-20,2025,staff,-3.815636,-3.2794876,-1
MEM-008-25,Congressman Mike Flood (NE-01),District Special Assistant,2025-01-13,2025,staff,-1.2444617,8.859474,-1
MEM-530-24,,"Research Assistant, Subcommittee on Disability Assistance and Memorial Affairs, House Committee on Veterans' Affairs, Majority Staff",2025-01-06,2025,staff,7.4799027,1.0422724,2
MEM-048-25,,Digital Director,2025-02-10,2025,staff,-4.3013067,-2.806514,12
MEM-047-25,Congressman Brad Sherman (CA-32),Caseworker,2025-02-10,2025,staff,-6.826406,13.749394,-1
MEM-046-25,,Counsel or Professional Staff Member,2025-02-10,2025,staff,6.5502653,4.132175,7
MEM-045-25,Congressman Glenn Ivey (MD-04),Correspondence Fellow,2025-02-10,2025,staff,-0.61146617,5.948007,-1
MEM-043-25,,Associate General Counsel/Assistant General Counsel,2025-02-10,2025,staff,5.666217,5.2233872,-1
MEM-042-25,Congressman Gabe Vasquez (NM-02),Scheduler,2025-02-10,2025,staff,2.084208,17.540491,-1
MEM-056-25,,Digital Staffer,2025-02-17,2025,staff,-4.051654,-2.8869178,-1
MEM-054-25,Congresswoman Melanie Stansbury (NM-01),Communications Advisor,2025-02-17,2025,staff,-0.7701254,-6.1680956,-1
MEM-053-25,,Counsel to the Subcommittee on Capital Markets,2025-02-17,2025,staff,4.8843126,6.6038094,-1
MEM-051-25,U.S. Representative Greg Landsman (OH-01),District Staff Assistant - Communications and Office Logistics,2025-02-17,2025,staff,-1.0218967,8.363046,-1
MEM-076-25,Congressman Mike Flood (NE-01),Special Assistant,2025-02-24,2025,staff,-1.1961082,8.7765665,-1
MEM-074-25,Congressman Jonathan L. Jackson (IL-01),Press/Digital Assistant,2025-02-24,2025,staff,-3.4921737,-3.3145106,12
MEM-072-25,Congressman Rob Wittman (VA-01),Press Assistant,2025-02-24,2025,staff,-3.1999197,-3.5114095,12
MEM-071-25,Congresswoman Kristen McDonald Rivet (MI-08),Press/Digital Assistant,2025-02-24,2025,staff,-3.4645662,-3.2712064,12
MEM-067-25,Congressman Jonathan L. Jackson (IL-01),District Director,2025-02-24,2025,staff,-4.1370697,12.583382,-1
MEM-064-25,,Oversight and Investigations Law Clerk,2025-02-24,2025,staff,6.238617,3.9346886,-1
MEM-063-25,"Congresswoman Maxine Dexter, M.D. (OR-03)",Digital/Press Assistant,2025-02-24,2025,staff,-3.5460641,-3.1822836,12
MEM-062-25,Congresswoman Kim Schrier (WA-08),Staff/Press Assistant,2025-02-24,2025,staff,-2.6623797,-2.784557,-1
MEM-060-25,Congressman Rick Larsen (WA-02),District Scheduler & Staff Assistant,2025-02-24,2025,staff,1.5510544,17.400171,-1
MEM-116-25,Congresswoman Rashida Tlaib (MI-12),Legislative Director,2025-03-31,2025,staff,6.1421056,8.92329,-1
MEM-115-25,,Director of Administration,2025-03-31,2025,staff,10.587387,1.267649,-1
MEM-114-25,Congresswoman Lois Frankel (FL-22),Digital Manager,2025-03-31,2025,staff,-4.019347,-2.8392818,-1
MEM-113-25,,Export Controls Professional,2025-03-31,2025,staff,6.7630305,6.1275964,-1
MEM-112-25,Congressman Ro Khanna (CA-17),Scheduler & Operations Coordinator,2025-03-31,2025,staff,1.5549724,17.603333,-1
MEM-108-25,,Digital Assistant,2025-03-24,2025,staff,-4.13324,-3.0876555,-1
MEM-107-25,Congresswoman Nanette Barragán (CA-44),Scheduler/Executive Assistant,2025-03-24,2025,staff,1.5433073,17.581484,20
MEM-106-25,Congressman Ted W. Lieu (CA-36),Field Representative and Constituent Services Representative,2025-03-24,2025,staff,-6.0027075,14.036132,-1
MEM-105-25,,Investigative Support Analyst,2025-03-24,2025,staff,9.356106,1.7713389,-1
MEM-104-25,,Healthcare Investigator,2025-03-24,2025,staff,7.4829025,1.4388378,2
MEM-103-25,Congressman Vern Buchanan (FL-16),Health Policy Advisor/Counsel,2025-03-24,2025,staff,7.2048717,7.412683,-1
MEM-100-25,Congressman Tony Gonzales (TX-23),Military Legislative Assistant,2025-03-17,2025,staff,7.2947025,6.3319955,-1
MEM-095-25,Congressman Gabe Amo (RI-01),Communications Director,2025-03-17,2025,staff,-1.3457397,-5.8805623,12
MEM-088-25,,Senior Auditor Information Systems,2025-03-10,2025,staff,7.7176957,1.7976462,-1
MEM-082-25,Congressman Greg Steube (FL-17),Field Representative,2025-03-03,2025,staff,-5.9415026,14.242859,-1
MEM-086-25,Congressman Bob Latta (OH-05),Staff Assistant,2025-03-03,2025,staff,-1.6992936,7.7557526,-1
MEM-081-25,,Legislative Assistant,2025-03-03,2025,staff,7.0449533,6.4039755,-1
MEM-080-25,,Legislative Correspondent,2025-03-03,2025,staff,-0.50562245,5.806651,-1
MEM-102-25,,Professional Staff Member for Federal Lands,2025-03-17,2025,staff,5.449276,3.5630145,-1
MEM-101-25,,Staff Assistant,2025-03-17,2025,staff,4.9206614,3.2541957,-1
MEM-094-25,Congressman Vern Buchanan (FL-16),Press Secretary/Press Assistant,2025-03-17,2025,staff,-3.0611677,-4.2412596,12
MEM-121-25,,Communications Director,2025-04-07,2025,staff,-0.7157274,-5.0506096,12
MEM-127-25,,Press Secretary/Digital Director,2025-04-07,2025,staff,-3.3436625,-4.0333443,12
MEM-126-25,"Congresswoman Alma S. Adams, Ph.D. (NC-12)",Legislative Director,2025-04-07,2025,staff,6.946824,8.528624,-1
MEM-125-25,Congresswoman Andrea Salinas (OR-06),Press Assistant/Deputy Press Secretary,2025-04-07,2025,staff,-3.066204,-4.294283,-1
MEM-124-25,Congresswoman Kim Schrier (WA-08),District Director,2025-04-07,2025,staff,-4.1848598,12.619278,-1
MEM-123-25,,Caseworker and Field Representative,2025-04-07,2025,staff,-6.508871,13.857432,15
MEM-122-25,Congressman Maxwell Frost (FL-10),Creative Director,2025-04-07,2025,staff,-4.228612,-2.9409308,-1
MEM-119-25,Congresswoman Luz Rivas (CA-29),Press/Digital Assistant,2025-04-07,2025,staff,-3.3365517,-3.2891533,12
MEM-118-25,Congressman Kevin Mullin (CA-15),Legislative Assistant,2025-04-07,2025,staff,7.0617614,7.3651085,-1
MEM-117-25,,Staff Assistant,2025-04-07,2025,staff,10.810501,1.115362,6
MEM-132-25,Congressman Emanuel Cleaver (MO-05),Legislative Correspondent/Staff Assistant,2025-04-14,2025,staff,-0.7923812,6.8138757,-1
MEM-131-25,Congressman Jimmy Panetta (CA-19),Scheduler/Director of Operations,2025-04-14,2025,staff,2.5681975,17.001871,20
MEM-130-25,,Inspector General,2025-04-14,2025,staff,7.8272038,1.7964779,-1
MEM-129-25,Congresswoman Lauren Underwood (IL-14),Legislative Director,2025-04-14,2025,staff,6.7375393,8.881324,-1
MEM-137-25,Congresswoman Sarah Elfreth (MD-03),Caseworker,2025-04-21,2025,staff,-6.7915597,13.625151,-1
MEM-136-25,Congresswoman Suzanne Bonamici (OR-01),Immigration Caseworker,2025-04-21,2025,staff,-6.7807426,13.421213,-1
MEM-135-25,Representative Sharice Davids (KS-03),DC-Based Scheduler and Office Manager,2025-04-21,2025,staff,2.27236,17.025646,20
MEM-134-25,,Staff Assistant,2025-04-21,2025,staff,4.69649,3.054248,14
MEM-133-25,Congresswoman Rashida Tlaib (MI-12),DC Staff Assistant,2025-04-21,2025,staff,-1.8090577,8.3994465,-1
MEM-141-25,Congresswoman Janelle Bynum (OR-05),Clackamas Field Representative,2025-04-28,2025,staff,-5.934806,14.207036,-1
MEM-140-25,Congressman Tony Gonzales (TX-23),Senior Legislative Assistant,2025-04-28,2025,staff,6.485304,6.9271426,-1
MEM-139-25,Congressman Tony Gonzales (TX-23),Press Assistant/Press Secretary,2025-04-28,2025,staff,-3.1387773,-4.328369,12
MEM-138-25,,Financial Disclosure Counsel,2025-04-28,2025,staff,13.011789,1.0847439,5
MEM-145-25,Congressman Himes (CT-04),Scheduler or Operations Director,2025-05-05,2025,staff,2.4467616,17.071396,20
MEM-144-25,Congressman Josh Gottheimer (NJ-05),Press Secretary,2025-05-05,2025,staff,-3.0376253,-4.3938913,12
MEM-143-25,,Chief Clerk,2025-05-05,2025,staff,5.6701427,2.5979323,-1
MEM-142-25,,"Staff Director, Subcommittee on Oversight and Investigations, House Committee on Veterans' Affairs",2025-05-05,2025,staff,7.3640695,1.3360648,2
MEM-151-25,,Communications Manager,2025-05-12,2025,staff,-0.89426017,-5.505024,-1
MEM-150-25,Congressman Ryan Mackenzie (PA-07),Legislative Assistant,2025-05-12,2025,staff,6.3027215,7.2252345,-1
MEM-149-25,,Legislative Staffer,2025-05-12,2025,staff,6.231246,6.924162,-1
MEM-148-25,Congressman Jamie Raskin (MD-08),Legislative Correspondent,2025-05-12,2025,staff,-0.6557873,5.935375,-1
MEM-147-25,Congresswoman Rashida Tlaib (MI-12),Operations Manager/Scheduler,2025-05-12,2025,staff,2.4081187,16.878332,-1
MEM-159-25,,Staff Assistant & Driver,2025-05-19,2025,staff,-1.1017661,8.3255205,19
MEM-158-25,,Legislative Assistant/Senior Legislative Assistant,2025-05-19,2025,staff,6.5986986,7.8672357,-1
MEM-157-25,,Attorney / Summer Associate,2025-05-19,2025,staff,5.6715784,5.3218713,-1
MEM-156-25,,Legislative Correspondent,2025-05-19,2025,staff,-0.5038824,5.856147,-1
MEM-155-25,Representative Mike Kelly (PA-16),Scheduler or Operations Director,2025-05-19,2025,staff,2.3747995,17.013506,20
MEM-154-25,Congressman Sam Liccardo (CA-16),Caseworker,2025-05-19,2025,staff,-6.7793345,13.673213,15
MEM-153-25,Congressman Keith Self (TX-3),Caseworker/Field Representative,2025-05-19,2025,staff,-6.674332,13.806029,-1
MEM-152-25,Congressman Gabe Vasquez (NM-02),Staff Assistant/Legislative Correspondent,2025-05-19,2025,staff,-0.9238663,7.3216004,-1
MEM-164-25,,"Minority Professional Staff for the Subcommittees on Oversight and Investigations and Office of Insular Affairs, House Natural Resources Committee",2025-05-27,2025,staff,6.130006,3.8203623,-1
MEM-163-25,Congresswoman Jill Tokuda (HI-02),Legislative Director,2025-05-27,2025,staff,6.616732,9.199329,-1
MEM-162-25,Congresswoman Linda Sánchez (CA-38),Digital Director/Legislative Correspondent,2025-05-27,2025,staff,-4.1934767,-3.151128,-1
MEM-161-25,Congressman Rob Wittman (VA-01),Communications Director,2025-05-27,2025,staff,-0.9012889,-6.7644277,12
MEM-160-25,,Staff Assistant/Constituent Advocate,2025-05-27,2025,staff,-2.2983081,9.122823,-1
MEM-169-25,Representative Juan Vargas (CA-52),Senior Legislative Assistant or Legislative Assistant,2025-06-02,2025,staff,5.477526,7.2707477,-1
MEM-168-25,Congressman Greg Stanton (AZ-04),District Director,2025-06-02,2025,staff,-4.1894107,12.615667,11
MEM-167-25,,Director of Operations,2025-06-02,2025,staff,-0.24951239,-4.700073,-1
MEM-166-25,Congresswoman Maggie Goodlander (NH-02),Communications Manager/Digital Director,2025-06-02,2025,staff,-4.2292805,-3.0935388,-1
MEM-165-25,Congressman Rob Menendez (NJ-08),Legislative Correspondent,2025-06-02,2025,staff,-0.63842505,6.05232,-1
MEM-174-25,,Staff Assistant/Driver,2025-06-03,2025,staff,-1.0077659,8.389738,-1
MEM-173-25,Congressman Ed Case (HI-01),District Director,2025-06-03,2025,staff,-3.146484,10.77416,-1
MEM-170-25,Congressman Steven Horsford (NV-04),Legislative Director,2025-06-03,2025,staff,6.5455027,9.253414,-1
MEM-182-25,Congressman Don Davis (NC-01),Communications Director,2025-06-09,2025,staff,-0.9030274,-6.8225627,12
MEM-181-25,Congresswoman Janelle Bynum (OR-05),Field Representative,2025-06-09,2025,staff,-5.9042397,14.225696,-1
MEM-180-25,Congresswoman Angie Craig (MN-02),District Press Secretary,2025-06-09,2025,staff,-2.974191,-4.665632,-1
MEM-179-25,Congresswoman Grace Meng (NY-06),Constituent Liaison & Field Representative,2025-06-09,2025,staff,-5.7922807,13.047627,-1
MEM-177-25,,Digital Director,2025-06-09,2025,staff,-4.304642,-2.8702998,-1
MEM-176-25,Congressman Joe Courtney (CT-02),Press Secretary/Digital Content Manager,2025-06-09,2025,staff,-3.7540793,-3.6316426,12
MEM-172-25,,Professional Staff,2025-06-09,2025,staff,7.6516433,4.7364736,-1
MEM-189-25,Congressman Jason Crow (CO-06),Staff Assistant/Legislative Correspondent,2025-06-16,2025,staff,-0.9803617,7.182572,-1
MEM-188-25,Congresswoman Susie Lee (NV-03),Communications Director,2025-06-16,2025,staff,-0.57373255,-6.125736,12
MEM-185-25,Congressman Mike Levin (CA-49),Press Assistant,2025-06-16,2025,staff,-3.3269284,-3.421616,12
MEM-201-25,,Trade Counsel,2025-06-23,2025,staff,6.2797227,5.4642534,-1
MEM-200-25,,Senior Field Representative & Caseworker,2025-06-23,2025,staff,-6.257933,13.920786,-1
MEM-199-25,Congresswoman Kelly Morrison (MN-03),Digital Director,2025-06-23,2025,staff,-4.3452673,-2.8950627,-1
MEM-198-25,Congresswoman Dina Titus (NV-01),Immigration Caseworker,2025-06-23,2025,staff,-6.8342004,13.442953,-1
MEM-197-25,Congresswoman Chrissy Houlahan (PA-06),Constituent Advocate,2025-06-23,2025,staff,-5.7688985,12.682061,-1
MEM-195-25,Congresswoman Janelle Bynum (OR-05),Caseworker,2025-06-23,2025,staff,-6.7776175,13.643881,15
MEM-216-25,Congresswoman Suzanne Bonamici (OR-01),Press Assistant/Digital Content Manager,2025-06-30,2025,staff,-3.6293356,-3.3009174,12
MEM-212-25,,"Staff Director, Subcommittee on Disability Assistance and Memorial Affairs, House Committee on Veterans' Affairs",2025-06-30,2025,staff,7.358036,1.2877434,2
MEM-246-25,Congressman Pat Ryan (NY-18),Scheduler,2025-07-21,2025,staff,2.442952,17.51603,-1
MEM-245-25,,Speechwriter,2025-07-21,2025,staff,-3.3084133,-5.722601,-1
MEM-244-25,Congresswoman Rosa L. DeLauro (CT-03),Staff Assistant,2025-07-21,2025,staff,-1.2181444,8.214494,19
MEM-243-25,Congresswoman Nanette Barragán (CA-44),Press Secretary/Digital Director,2025-07-21,2025,staff,-3.9787478,-3.9605277,12
MEM-242-24,Congressman Dan Kildee (MI-08),Legislative Aide,2024-06-24,2024,staff,5.8515587,7.8841333,13
MEM-240-25,Congressman Joe Courtney (CT-02),Staff Assistant/Legislative Correspondent,2025-07-21,2025,staff,-1.0173562,6.9726233,-1
MEM-238-25,Congresswoman Debbie Dingell (MI-06),Field Representative/Digital Assistant,2025-07-21,2025,staff,-5.925615,14.135381,-1
MEM-234-25,Congressman Seth Moulton (MA-06),Communications Director,2025-07-21,2025,staff,-0.76188225,-6.0373516,12
MEM-230-25,Congresswoman Rosa L. DeLauro (CT-03),Outreach Coordinator/Press Secretary,2025-07-21,2025,staff,-5.063008,13.690485,-1
MEM-228-25,Congresswoman Madeleine Dean (PA-04),Staff/Digital Assistant,2025-07-21,2025,staff,-3.283442,-2.7374113,-1
MEM-227-25,Congresswoman Madeleine Dean (PA-04),Legislative Assistant,2025-07-21,2025,staff,6.6664653,7.52831,-1
MEM-224-25,Congresswoman Madeleine Dean (PA-04),Caseworker,2025-07-21,2025,staff,-6.801842,13.602931,15
MEM-257-25,Congressman Marc Veasey (TX-33),Staff Assistant/Driver,2025-07-28,2025,staff,-1.0271482,8.383519,-1
MEM-254-25,"Congressman Frank Pallone, Jr. (NJ-06)",Staff Assistant,2025-07-28,2025,staff,-4.9418707,13.117642,-1
MEM-253-25,,Digital Director,2025-07-28,2025,staff,-4.2845697,-2.9799407,12
MEM-251-25,Congresswoman Sara Jacobs (CA-51),San Diego-Based District Press Assistant,2025-07-28,2025,staff,-3.2533686,-3.5582678,-1
MEM-250-25,Representative Seth Moulton (MA-06),Legislative Correspondent & Communications Assistant,2025-07-28,2025,staff,-0.75054044,6.3785305,-1
MEM-249-25,Congressman Ed Case (HI-01),Constituent Service Representative/Caseworker,2025-07-28,2025,staff,-2.981817,10.541857,18
MEM-248-25,Congressman Ed Case (HI-01),Congressional District Director,2025-07-28,2025,staff,-3.006263,10.576769,-1
MEM-247-25,Congressman Ed Case (HI-01),Staff Assistant,2025-07-28,2025,staff,-2.9345791,10.486341,18
MEM-263-25,,Counsel or Professional Staff Member,2025-08-04,2025,staff,6.5797987,4.0335617,7
MEM-262-25,Congresswoman Linda Sánchez (CA-38),Scheduler,2025-08-04,2025,staff,2.0669353,17.581337,20
MEM-271-25,Congressman Jamie Raskin (MD-08),Legislative Director,2025-08-11,2025,staff,6.582294,9.133775,-1
MEM-270-25,Congresswoman Janelle Bynum (OR-05),District Staff Assistant/Press Assistant,2025-08-11,2025,staff,-2.6797814,-2.7949347,-1
MEM-269-25,,Deputy Communications Director/Digital Director,2025-08-11,2025,staff,-3.7805614,-3.6299124,-1
MEM-268-25,Congresswoman Nanette Barragán (CA-44),Field Representative & Caseworker,2025-08-11,2025,staff,-6.055849,14.158835,-1
MEM-267-25,Congresswoman Nanette Barragán (CA-44),District Staff Assistant,2025-08-11,2025,staff,-2.0444174,9.062343,-1
MEM-265-25,Congresswoman Frederica Wilson (FL),Legislative Director,2025-08-11,2025,staff,6.955267,9.158571,-1
MEM-277-25,Congresswoman Laura Gillen (NY-04),District Director,2025-08-18,2025,staff,-4.186917,12.610198,11
MEM-276-25,Congresswoman Debbie Wasserman Schultz (FL-25),Field Representative,2025-08-18,2025,staff,-5.9872847,14.150617,-1
MEM-275-25,,Staff Assistant,2025-08-18,2025,staff,4.922947,3.6811588,-1
MEM-274-25,Congresswoman Lateefah Simon (CA-12),Staff Assistant,2025-08-18,2025,staff,-1.9802432,8.487786,-1
MEM-273-25,Representative Juan Vargas (CA-52),Legislative Correspondent,2025-08-18,2025,staff,-0.6255103,6.1680417,-1
MEM-281-25,Congressman Mike Thompson (CA-04),Digital Director,2025-08-25,2025,staff,-4.29844,-2.8753088,12
MEM-280-25,Congresswoman Joyce Beatty (OH-03),Legislative Director,2025-08-25,2025,staff,6.499296,9.281526,-1
MEM-279-25,Congresswoman Hillary Scholten (MI-03),Field Representative,2025-08-25,2025,staff,-5.9308724,14.258175,-1
MEM-286-25,,Counsel or Professional Staff,2025-09-01,2025,staff,6.4023104,3.867212,7
MEM-285-25,,Counsel or Professional Staff,2025-09-01,2025,staff,6.6184244,3.9861827,7
MEM-283-25,Congresswoman Emilia Sykes (OH-13),Communications Director,2025-09-01,2025,staff,-1.1109852,-6.3719087,12
MEM-282-25,Congresswoman Dina Titus (NV-01),Scheduler/Staff Assistant,2025-09-01,2025,staff,1.2874676,17.039568,20
MEM-290-25,Congressman Derrick Van Orden (WI-03),Communications Director,2025-09-08,2025,staff,-1.0420913,-5.97533,-1
MEM-289-25,Congresswoman Madeleine Dean (PA-04),Legislative Assistant,2025-09-08,2025,staff,6.5976715,7.2384653,-1
MEM-288-25,Congressman Pete Aguilar (CA-33),Veterans Liaison & Constituent Services Representative,2025-09-08,2025,staff,-6.072069,13.57833,-1
MEM-287-25,Congressman Tony Gonzales (TX-23),Press Assistant/Press Secretary,2025-09-08,2025,staff,-3.1158473,-4.347212,12
MEM-300-25,,Staff Assistant,2025-09-15,2025,staff,-2.2455862,8.40372,-1
MEM-299-25,,Front Office Assistant,2025-09-15,2025,staff,-1.1077901,7.497213,-1
MEM-298-25,Congresswoman Jen Kiggans (VA-02),Military Legislative Assistant,2025-09-15,2025,staff,7.339275,6.3020177,-1
MEM-297-25,,Communications Director,2025-09-15,2025,staff,-0.71958685,-6.1230454,-1
MEM-296-25,,Research Assistant,2025-09-15,2025,staff,7.48149,1.0196166,2
MEM-294-25,Congresswoman Maggie Goodlander (NH-02),Executive Assistant and Scheduler,2025-09-15,2025,staff,1.3754213,16.822723,20
MEM-293-25,Congresswoman Shontel Brown (OH-11),Digital Director/Press Secretary,2025-09-15,2025,staff,-3.8820393,-3.457641,-1
MEM-291-25,Congressman Jason Crow (CO-06),Communications Director,2025-09-15,2025,staff,-0.8855933,-6.270966,12
MEM-314-25,,Staff Assistant,2025-09-22,2025,staff,-2.3944383,9.04189,-1
MEM-313-25,Congressman Greg Steube (FL-17),Deputy Communications Director,2025-09-22,2025,staff,-0.87856054,-6.7633,-1
MEM-312-25,Congresswoman Nellie Pou (NJ-09),Legislative Director,2025-09-22,2025,staff,6.686549,9.145826,-1
MEM-311-25,Congresswoman Dina Titus (NV-01),Legislative Assistant,2025-09-22,2025,staff,6.4627495,7.2820888,-1
MEM-307-25,Congresswoman Nikema Williams (GA-05),Digital Assistant,2025-09-22,2025,staff,-3.697874,-2.8653533,-1
MEM-305-25,Congressman Jimmy Panetta (CA-19),Communications Director,2025-09-22,2025,staff,-0.87424904,-6.771555,12
MEM-304-25,Congressman Addison McDowell (NC-06),Constituent Liaison / Staff Assistant,2025-09-22,2025,staff,-5.7941003,12.855153,-1
MEM-302-25,,Senior Counsel,2025-09-22,2025,staff,6.897882,3.9221957,-1
MEM-301-25,,Communications Director,2025-09-22,2025,staff,-0.8221848,-6.060696,12
MEM-325-25,Congresswoman Rashida Tlaib (MI-12),District Staff Assistant,2025-09-29,2025,staff,-2.0427675,8.594927,-1
MEM-324-25,Congresswoman Rashida Tlaib (MI-12),Community Representative,2025-09-29,2025,staff,-5.6466575,13.794052,-1
MEM-321-25,,Press Secretary (Minority),2025-09-29,2025,staff,-2.556451,-4.746598,-1
MEM-315-25,,Staff Assistant,2025-09-29,2025,staff,4.8425355,2.8136525,-1
MEM-336-25,Congresswoman Nanette Barragán (CA-44),Scheduler,2025-11-17,2025,staff,1.5786037,17.63077,20
MEM-335-25,Congresswoman April McClain Delaney (MD-06),Constituent Services Representative,2025-11-17,2025,staff,-6.2522593,13.020278,-1
MEM-333-25,,Legislative Correspondent,2025-11-17,2025,staff,-0.64112103,5.965771,-1
MEM-330-25,Congresswoman Emilia Sykes (OH-13),Staff Assistant,2025-11-17,2025,staff,-1.4065151,8.284417,19
MEM-356-25,Congresswoman Janelle Bynum (OR-05),Scheduler,2025-11-24,2025,staff,2.2758622,17.490034,20
MEM-355-25,Congresswoman Lizzie Fletcher (TX-7),Field Representative,2025-11-24,2025,staff,-5.994734,14.223055,-1
MEM-354-25,,Trade Counsel,2025-11-24,2025,staff,6.2526617,5.462078,-1
MEM-352-25,Congressman Greg Landsman (OH-01),Legislative Director,2025-11-24,2025,staff,6.5228615,9.195527,-1
MEM-351-25,Congresswoman Maxine Dexter (OR-03),DC Scheduler,2025-11-24,2025,staff,1.8435901,17.45337,-1
MEM-350-25,Congresswoman Susie Lee (NV-03),District Representative,2025-11-24,2025,staff,-5.634877,13.746306,-1
MEM-349-25,Congresswoman Nanette Barragán (CA-44),Press Secretary/Digital Director,2025-11-24,2025,staff,-3.9583414,-3.942533,12
MEM-348-25,,Digital Director,2025-11-24,2025,staff,-4.3151116,-3.123641,-1
MEM-344-25,Congresswoman Val Hoyle (OR-04),District Caseworker,2025-11-24,2025,staff,-6.745968,13.651578,15
MEM-362-25,Congressman Jamie Raskin (MD-08),Legislative Assistant,2025-12-01,2025,staff,6.057267,7.968617,-1
MEM-361-25,,Press Assistant,2025-12-01,2025,staff,-3.5323913,-3.3865335,12
MEM-370-25,,Digital Assistant,2025-12-08,2025,staff,-3.9155262,-2.897437,-1
MEM-369-25,Congressman Jason Crow (CO-06),Director of Digital & New Media,2025-12-08,2025,staff,-4.219101,-2.8562596,-1
MEM-368-25,Congressman Jim Baird (IN-04),Digital Director/Press Secretary,2025-12-08,2025,staff,-3.6980016,-3.7047482,12
MEM-367-25,Congressman Jim Baird (IN-04),Legislative Director,2025-12-08,2025,staff,6.7837605,9.1683655,-1
MEM-365-25,Congressman Donald Norcross (NJ-1),Senior Military Legislative Assistant,2025-12-08,2025,staff,7.379946,6.2800326,-1
MEM-363-25,Congresswoman Jennifer McClellan (VA-04),Staff Assistant,2025-12-08,2025,staff,-1.6223582,8.277388,-1
MEM-381-25,,Scheduler/Director of Operations,2025-01-05,2025,staff,2.287139,17.755333,-1
MEM-380-25,,Legislative Correspondent/Staff Assistant,2025-01-12,2025,staff,-0.7588774,6.7947307,-1
MEM-379-25,Congressman Johnny Olszewski (MD-02),Director of Scheduling and Operations,2025-01-12,2025,staff,2.554649,16.980648,-1
MEM-378-25,Congresswoman Kat Cammack (FL-03),Communications Director,2025-01-05,2025,staff,-0.8796024,-6.7481656,12
MEM-377-25,,Professional Staff Member,2025-01-12,2025,staff,6.552607,4.148596,-1
MEM-376-25,Congresswoman Nancy Pelosi (CA-11),Caseworker / Field Representative,2025-01-05,2025,staff,-6.198093,14.015031,-1
MEM-375-25,,Research Assistant,2025-01-05,2025,staff,7.4659643,1.031986,2
MEM-374-25,Congressman Mike Flood (NE-01),Legislative Assistant,2025-12-15,2025,staff,6.3562293,7.4329123,-1
MEM-373-25,Congresswoman Debbie Dingell (MI-06),District Scheduler,2025-12-15,2025,staff,2.2434254,17.34894,-1
MEM-371-25,Congressman Darrell Issa (CA-48),Press Secretary/Digital Director,2025-01-05,2025,staff,-3.6997173,-3.993824,-1
MEM-389-25,Congresswoman Debbie Dingell (MI-06),Legislative Assistant,2025-12-22,2025,staff,7.4029903,7.931252,-1
MEM-387-25,Congressman Tom Suozzi (NY-03),Staff Assistant,2025-01-05,2025,staff,-1.5189352,8.360518,-1
MEM-384-25,,"Executive Director, Congressional Labor Caucus",2025-12-22,2025,staff,-0.33524218,-4.7963476,-1
MEM-393-25,Congresswoman Val Hoyle (OR-04),Legislative Assistant,2025-01-12,2025,staff,6.057606,7.5216894,-1
MEM-392-25,Congressman Gabe Vasquez (NM-02),Press Secretary & Digital Director,2025-12-29,2025,staff,-3.9291158,-3.8895392,12
Req4122,,Communications Assistant/Associate,2025-01-12,2025,staff,-1.0388682,-5.415099,-1
MEM-004-26,Congresswoman Julie Fedorchak (ND-AL),Constituent Advocate,2025-01-20,2025,staff,-5.8510394,12.716839,-1
MEM-003-26,Congresswoman Frederica Wilson (FL-24),Communications Director,2026-01-05,2026,staff,-0.87484294,-6.3139896,12
MEM-002-26,Congresswoman Val Hoyle (OR-04),Communications Director,2025-01-12,2025,staff,-0.82948357,-6.274527,12
MEM-001-26,,Press Secretary,2025-01-12,2025,staff,-2.9250145,-4.7940235,12
MEM-011-26,Congresswoman Zoe Lofgren (CA-18),Field Representative,2025-02-02,2025,staff,-5.986435,14.316223,-1
MEM-009-26,Congressman Steven Horsford (NV-04),Director of Communications,2026-01-12,2026,staff,-0.70680326,-6.343885,12
MEM-008-26,,Field Representative,2026-01-12,2026,staff,-5.884965,14.232905,-1
MEM-006-26,,Legislative Assistant,2025-01-12,2025,staff,7.375916,1.1790224,2
MEM-005-26,Congresswoman Emilia Sykes (OH-13),Legislative Correspondent,2025-01-12,2025,staff,-0.59375143,5.888931,-1
MEM-007-25,Congresswoman Madeleine Dean (PA-04),Scheduler,2025-01-13,2025,staff,2.3647995,17.435635,20
MEM-006-25,Congresswoman Madeleine Dean (PA-04),Communications Director,2025-01-13,2025,staff,-0.8840957,-6.291053,12
MEM-005-25,Congresswoman Nydia Velázquez (NY-07),Staff and Press Assistant,2025-01-13,2025,staff,-3.050065,-3.138726,-1
MEM-004-25,Congressman Rick Larsen (WA-02),Island County Community Liaison,2025-01-13,2025,staff,-5.5993676,13.608514,-1
MEM-003-25,,Caseworker,2025-01-06,2025,staff,-6.488592,13.496883,-1
MEM-002-25,Congressman Michael Rulli (OH-06),Staff Assistant,2025-01-06,2025,staff,-2.2847402,8.540601,-1
MEM-532-24,Congressman Jared Huffman (CA-02),Press/Digital Assistant,2025-01-06,2025,staff,-3.458067,-3.2195687,12
MEM-531-24,,District Staff Assistant/Scheduler,2025-01-06,2025,staff,1.7815305,17.114498,-1
MEM-014-25,Congressman Maxwell Frost (FL-10),Creative Director,2025-01-20,2025,staff,-4.188479,-2.9508042,-1
MEM-016-26,Congressman Shomari C. Figures (AL-2),Press Secretary & Digital Manager,2025-01-20,2025,staff,-3.7525635,-3.608221,12
MEM-015-26,Congresswoman Debbie Dingell (MI-06),Communications Director,2025-01-20,2025,staff,-0.869103,-6.272921,12
MEM-014-26,Congresswoman Rashida Tlaib (MI-12),Chief of Staff,2026-01-20,2026,staff,5.9415183,9.110311,-1
MEM-013-26,Congressman Raul Ruiz (CA-25),Communications Director,2025-01-20,2025,staff,-0.45192397,-5.690436,12
MEM-026-26,Congresswoman Laura Gillen (NY-04),Caseworker/Community Liaison (Bilingual Spanish),2025-01-26,2025,staff,-5.9414573,13.001542,-1
MEM-025-26,Congressman Glenn Grothman (WI-06),Scheduler,2025-01-26,2025,staff,2.2352357,17.492731,20
MEM-024-26,Congresswoman Jennifer L. McClellan (VA-04),District Director,2025-01-26,2025,staff,-4.191622,12.626855,-1
MEM-022-26,,Professional Staff Member,2026-01-26,2026,staff,5.430679,3.5366197,-1
MEM-020-26,Congresswoman Gluesenkamp Perez (WA-03),Communications Director,2025-02-17,2025,staff,-0.6705719,-5.753145,12
MEM-019-26,Congresswoman Gluesenkamp Perez (WA-03),Field Representative,2025-01-26,2025,staff,-5.9426427,14.321848,-1
MEM-018-26,Congresswoman Summer L. Lee (PA-12),Legislative Director,2026-01-26,2026,staff,6.5509443,9.255181,-1
MEM-027-26,Congresswoman Laura Gillen (NY-04),Press Secretary,2025-02-02,2025,staff,-3.0615656,-4.399728,-1
MEM-037-26,Congressman Mike Quigley (IL-05),Legislative Assistant,2025-02-17,2025,staff,6.161411,6.9635506,-1
MEM-036-26,Congressman David Scott (GA-13),Staff Assistant/Legislative Correspondent,2025-02-23,2025,staff,-0.82795525,7.318766,-1
MEM-034-26,Congressman David Scott (GA-13),Legislative Assistant,2026-02-09,2026,staff,5.949545,7.748749,-1
MEM-033-26,Congresswoman Lois Frankel (FL-22),Staff Assistant/Legislative Correspondent,2025-02-09,2025,staff,5.2523985,7.641891,-1
MEM-031-26,Congressman Ted W. Lieu (CA-36),Digital Manager/Press Secretary,2025-02-09,2025,staff,-3.8890576,-3.0574064,-1
MEM-045-26,Congresswoman Janelle Bynum (OR-05),Staff Assistant/Driver,2025-02-17,2025,staff,-1.0160683,8.363826,-1
MEM-044-26,Congresswoman Janelle Bynum (OR-05),Operations Director,2025-02-17,2025,staff,2.5556083,16.877642,-1
MEM-043-26,Congresswoman Lois Frankel (FL-22),Legislative Assistant,2026-02-17,2026,staff,5.4852834,7.5520225,-1
MEM-041-26,,Field & Constituent Services Assistant (Entry-Level),2026-02-17,2026,staff,-6.028359,13.185526,-1
MEM-039-26,,Legislative Director,2025-02-23,2025,staff,6.496383,9.236173,13
MEM-038-26,Congresswoman Rashida Tlaib (MI-12),Chief of Staff,2026-02-17,2026,staff,5.8907614,9.108992,-1
MEM-050-26,Congresswoman Michelle Fischbach (MN-07),District Outreach Representative,2025-02-23,2025,staff,-5.302006,13.788539,-1
MEM-049-26,,Administrative Professional,2026-02-23,2026,staff,4.672176,3.2472663,-1
MEM-060-26,Congressman Greg Landsman (OH-01),Digital Manager + Press Secretary,2025-03-09,2025,staff,-3.8353438,-3.5633256,12
MEM-054-26,Congresswoman Marie Gluesenkamp Perez (WA-03),Digital Manager/Press Assistant,2025-03-09,2025,staff,-3.4780343,-3.162079,-1
MEM-053-26,Congressman Jimmy Panetta (CA-19),Communications Director,2026-03-02,2026,staff,-0.8539612,-6.76365,12
MEM-072-26,Congresswoman Joyce Beatty (OH-03),Communications Director,2025-03-09,2025,staff,-0.9733582,-6.269303,12
MEM-071-26,Congressman Gilbert R. Cisneros Jr. (CA-31),District Scheduler/Caseworker,2025-03-09,2025,staff,1.8276322,17.632357,-1
MEM-068-26,Congresswoman Nanette Barragán (CA-44),Digital Director | Press Secretary,2026-03-09,2026,staff,-4.008053,-3.97222,12
MEM-067-26,Congresswoman Nanette Barragán (CA-44),Scheduler/Executive Assistant,2026-03-09,2026,staff,1.4974709,17.50852,20
MEM-066-26,Congresswoman Laura Gillen (NY-04),Press/Digital Assistant,2026-03-09,2026,staff,-3.5216007,-3.184558,12
MEM-064-26,Congressman Steven Horsford (NV-04),Director of Communications,2026-03-16,2026,staff,-0.7780545,-6.6379786,12
MEM-063-26,Congressman Steven Horsford (NV-04),Legislative Assistant,2026-03-09,2026,staff,6.522899,7.4707656,-1
MEM-062-26,Congressman Tom Suozzi (NY-03),Chief of Staff,2025-03-09,2025,staff,5.8615484,9.221989,-1
MEM-061-26,Congressman Don Davis (NC-01),Legislative Correspondent,2026-03-09,2026,staff,-0.6263939,5.996585,-1
MEM-115-26,Congressman Donald Norcross (NJ-01),Communications Director,2026-04-13,2026,staff,-0.83958143,-6.2068334,12
MEM-114-26,Congresswoman Laura Gillen (NY-04),Press Secretary,2026-04-13,2026,staff,-3.0852437,-4.360627,-1
MEM-113-26,Congresswoman Nellie Pou (NJ-09),Staff Assistant/Scheduler,2026-04-13,2026,staff,1.3746808,16.836226,-1
MEM-112-26,Congresswoman Pramila Jayapal (WA-07),Executive Assistant and Scheduler,2026-04-13,2026,staff,2.3355036,17.236374,20
MEM-111-26,Congresswoman Jennifer McClellan (VA-04),Press/Digital Assistant,2026-04-06,2026,staff,-3.5818517,-3.0998096,12
MEM-109-26,,Press Secretary,2026-04-06,2026,staff,-2.5251184,-4.7135286,-1
MEM-108-26,,Aviation Intern,2026-04-06,2026,staff,5.9247437,6.74183,-1
MEM-106-26,,Digital Director,2026-03-30,2026,staff,-4.282479,-2.8309953,12
MEM-105-26,,Digital Content Creator,2026-04-06,2026,staff,-4.182228,-3.0931966,-1
MEM-104-26,Congressman Steven Horsford (NV-04),Field Representative,2026-03-30,2026,staff,-6.0012875,13.771458,-1
MEM-103-26,Congressman Steven Horsford (NV-04),Field Representative,2026-03-30,2026,staff,-5.804258,13.976826,-1
MEM-101-26,,Deputy Communications Director,2026-03-30,2026,staff,-0.82053924,-6.6326585,12
MEM-099-26,,Executive Director,2026-03-30,2026,staff,-0.34020984,-4.7868156,-1
MEM-094-26,,Deputy Communications Director,2026-03-30,2026,staff,-0.85314083,-6.7816606,-1
MEM-088-26,Congresswoman Alma S. Adams (NC-12),Legislative Director,2026-03-23,2026,staff,6.9400697,8.546717,-1
MEM-087-26,Congresswoman Emilia Sykes (OH-13),Temporary Communications Assistant,2026-03-23,2026,staff,-2.8484042,-3.6829903,-1
MEM-085-26,Congressman Brad Sherman (CA-32),Caseworker / Staff Assistant,2026-03-23,2026,staff,-6.8625555,13.823047,-1
MEM-082-26,,Communications Director,2026-03-16,2026,staff,-0.70918083,-6.1384478,-1
MEM-075-26,Congresswoman Kat Cammack (FL-03),Communications Director,2026-03-16,2026,staff,-0.8656414,-6.706549,12
MEM-130-26,Resident Commissioner Pablo José Hernández (PR-AL),Legislative Director,2026-04-20,2026,staff,6.62712,9.1489725,-1
MEM-129-26,,Scheduler/Director of Operations,2026-04-20,2026,staff,2.1742866,17.000252,-1
MEM-128-26,Congressman Greg Casar (TX-35),Staff Assistant,2026-04-20,2026,staff,-1.8344628,8.293777,-1
MEM-127-26,,Deputy Communications Director,2026-04-20,2026,staff,-0.79659176,-6.59699,12
MEM-126-26,Representative Juan Vargas (CA-52),Legislative Director,2026-04-20,2026,staff,5.179156,7.100697,-1
MEM-125-26,Congresswoman Lois Frankel (FL-22),Communications Director,2026-04-20,2026,staff,-0.87402326,-6.549271,-1
MEM-124-26,Congressman Wesley Bell (MO-01),Communications Director,2026-04-20,2026,staff,-1.0310252,-6.3708286,12
MEM-123-26,,Constituent Advocate,2026-04-20,2026,staff,-5.8153396,12.679743,-1
MEM-122-26,,Chamber Security Staff,2026-04-20,2026,staff,5.9105144,2.7796268,-1
MEM-121-26,Congressman Jonathon L. Jackson (IL-01),Scheduler,2026-04-20,2026,staff,2.338,17.542547,-1
MEM-120-26,Congresswoman Lizzie Fletcher (TX-7),Constituent Advocate,2026-04-20,2026,staff,-5.772283,12.693709,-1
MEM-119-26,Congresswoman Lizzie Fletcher (TX-7),Administrative Assistant,2026-04-20,2026,staff,-1.9050766,8.669279,-1
MEM-117-26,Congresswoman Emilia Sykes (OH-13),Legislative Assistant,2026-04-20,2026,staff,6.6319265,7.4513464,-1
MEM-140-26,Congressman Eric Sorensen (IL-17),Constituent Service Representative (Caseworker),2026-04-27,2026,staff,-6.462832,13.47764,-1
MEM-139-26,Congresswoman Laura Gillen (NY-04),Caseworker/Community Liaison (Bilingual Spanish),2026-04-27,2026,staff,-5.9401298,13.01512,-1
MEM-138-26,Congresswoman Rashida Tlaib (MI-12),Communications Director,2026-04-27,2026,staff,-0.9926875,-6.3470097,12
MEM-137-26,Congressman Derek Tran (CA-45),District Staff Assistant,2026-04-27,2026,staff,-2.1005692,9.12518,-1
MEM-136-26,Congresswoman Rashida Tlaib (MI-12),Scheduler,2026-04-27,2026,staff,2.2917223,17.366856,20
MEM-135-26,Congresswoman Laura Gillen (NY-04),Staff Assistant / Driver,2026-04-27,2026,staff,-1.0354724,8.367002,-1
MEM-134-26,Congressman Tom Suozzi (NY-03),Communications Director,2026-04-27,2026,staff,-1.714896,-5.46704,12
MEM-133-26,Congressman Rick Crawford (AR-01),Staff Assistant/Legislative Correspondent,2026-04-27,2026,staff,-1.1088506,7.0218534,-1
MEM-132-26,Congressman Wesley Bell (MO-01),Legislative Correspondent,2026-04-27,2026,staff,-0.6816168,6.2492223,-1
MEM-131-26,Congresswoman LaMonica McIver (NJ-10),Press Secretary,2026-04-27,2026,staff,-2.728709,-4.779665,12
MEM-147-26,Congresswoman Nellie Pou (NJ-09),Press Secretary and/or Digital Manager,2026-05-04,2026,staff,-3.981576,-3.9160118,12
MEM-146-26,Congressman Greg Landsman (OH-01),Staff Assistant/Driver,2026-05-04,2026,staff,-1.0004492,8.377797,-1
MEM-145-26,Congresswoman Janelle Bynum (OR-05),Caseworker,2026-05-04,2026,staff,-6.783378,13.661626,15
MEM-144-26,Congresswoman Nanette Barragán (CA-44),Legislative Assistant,2026-05-04,2026,staff,7.0211234,7.004531,-1
MEM-143-26,Congressman Frank Pallone (NJ-06),Legislative Director,2026-05-04,2026,staff,6.455321,9.271027,-1
MEM-142-26,Congressman Ro Khanna (CA-17),Digital & Operations Assistant,2026-05-04,2026,staff,-3.4774804,-2.7461002,-1
MEM-152-26,Congresswoman Maxine Dexter (OR-03),Health Legislative Assistant / Senior Legislative Assistant,2026-05-11,2026,staff,7.029392,7.41991,-1
MEM-151-26,,Rapid Response / Digital Assistant,2026-05-11,2026,staff,-3.4827063,-3.7413146,-1
MEM-150-26,Congressman Glenn Ivey (MD-04),Legislative Counsel/Policy Advisor,2026-05-11,2026,staff,5.778495,7.785248,-1
MEM-149-26,,Professional Staff Member,2026-05-11,2026,staff,7.6927958,4.5393033,-1
MEM-148-26,,Director of Administration and Member Services,2026-05-11,2026,staff,5.586303,5.1170816,-1
MEM-158-26,Congressman Donald G. Davis (NC-01),District Office Staff Assistant,2026-05-18,2026,staff,-2.2461705,8.893597,-1
MEM-157-26,,Attorney,2026-05-18,2026,staff,5.6881485,5.3266783,-1
MEM-155-26,Congressman Rob Wittman (VA-01),Senior Legislative Assistant,2026-05-18,2026,staff,6.1953835,7.338063,-1
MEM-154-26,Congressman Jason Crow (CO-06),Staff Assistant,2026-05-18,2026,staff,-1.7605373,8.3756695,-1
MEM-153-26,Congresswoman Nellie Pou (NJ-09),Constituent Services Caseworker,2026-05-18,2026,staff,-6.3202863,13.31812,-1
MEM-168-26,Congressman Jonathan L. Jackson (IL-01),Communications Director,2026-05-25,2026,staff,-0.8261,-6.7278204,12
MEM-167-26,Congressman Tom Suozzi (NY-3),Legislative Assistant,2026-05-25,2026,staff,6.25729,7.5873494,-1
MEM-166-26,Congresswoman LaMonica McIver (NJ-10),Outreach Manager,2026-05-25,2026,staff,-5.102585,13.710401,-1
MEM-165-26,Congresswoman Pramila Jayapal (WA-07),District Staff Assistant,2026-05-25,2026,staff,-1.8756809,8.666322,-1
MEM-163-26,Congressman Ro Khanna (CA-17),Caseworker/Field Representative,2026-05-25,2026,staff,-6.2976885,14.033443,-1
MEM-162-26,Congressman Johnny Olszewski (MD-02),District Office Staff Assistant,2026-05-25,2026,staff,-1.9535936,8.641875,-1
MEM-161-26,,Director of Engagement & Programming,2026-05-25,2026,staff,-0.25188544,-4.703111,-1
MEM-160-26,Congressman Mike Flood (NE-01),Staff Assistant,2026-05-25,2026,staff,-2.2791321,8.582698,-1
MEM-159-26,Congresswoman Val Hoyle (OR-04),Legislative Assistant,2026-05-25,2026,staff,6.157638,7.604569,-1
MEM-176-26,Congressman Scott Peters (CA-50),Field Representative/Caseworker,2026-06-01,2026,staff,-6.174462,14.05952,-1
MEM-174-26,Congresswoman Nanette Barragán (CA-44),Press Secretary/Digital Director,2026-06-01,2026,staff,-3.955795,-3.9076285,12
MEM-173-26,Congresswoman Nanette Barragán (CA-44),Scheduler,2026-06-01,2026,staff,1.5684136,17.610067,20
MEM-172-26,,Senior Investigator,2026-06-01,2026,staff,9.34821,1.8187239,4
MEM-171-26,,Attorney / Investigative Counsel,2026-06-01,2026,staff,9.405742,1.7868226,4
MEM-170-26,Congresswoman Susie Lee (NV-03),District Staff Assistant,2026-06-01,2026,staff,-2.4093175,8.600434,-1
MEM-169-26,Congresswoman Maxine Dexter (OR-03),Communications Director,2026-06-01,2026,staff,-0.9039634,-6.717701,12
MEM-180-26,,Communications Director,2026-06-08,2026,staff,-1.560677,-4.8113446,-1
MEM-179-26,Congressman Raul Ruiz (CA-25),Executive Assistant and Scheduler,2026-06-08,2026,staff,1.4856962,17.072292,-1
MEM-178-26,Congressman Don Davis (NC-01),District Press Secretary/Digital Manager,2026-06-08,2026,staff,-3.7051322,-3.720779,-1
MEM-177-26,Congressman Don Davis (NC-01),Legislative Assistant,2026-06-08,2026,staff,6.6874614,7.964123,-1
MEM-187-26,Congresswoman Katherine M. Clark (MA-05),Staff Assistant/Military & Veterans Constituent Service Representative,2026-06-15,2026,staff,-6.123639,13.426436,-1
MEM-185-26,,District Office Staff Assistant,2026-06-15,2026,staff,-2.4958768,9.102687,-1
MEM-184-26,Rep. Rick Larsen (WA-02),Legislative Correspondent,2026-06-15,2026,staff,-0.6945096,6.1129756,-1
MEM-182-26,Congresswoman Luz Rivas (CA-29),District Press/Digital Assistant,2026-06-15,2026,staff,-3.3328252,-3.3769171,12
MEM-181-26,Congressman Steven Horsford (NV-04),Field Representative,2026-06-15,2026,staff,-6.01505,13.770675,-1
MEM-192-26,Congressman Frank Pallone (NJ-06),Legislative Assistant,2026-06-22,2026,staff,6.169516,7.5500007,-1
MEM-191-26,Congresswoman Shontel M. Brown (OH-11),Operations Assistant/Legislative Correspondent,2026-06-22,2026,staff,-1.1071721,7.2074924,-1
MEM-190-26,Congressman Juan Vargas (CA-52),Senior Legislative Assistant or Legislative Assistant,2026-06-22,2026,staff,5.0510416,6.8617554,-1
MEM-189-26,Congresswoman Valerie P. Foushee (NC-04),Staff Assistant,2026-06-22,2026,staff,-2.1800787,8.847495,-1
MEM-212-26,Congresswoman Madeleine Dean (PA-04),Communications Director,2026-06-29,2026,staff,-0.8525482,-6.3024273,12
MEM-210-26,,Scheduler,2026-06-29,2026,staff,1.9621505,17.38127,-1
MEM-209-26,Congresswoman Emilia Sykes (OH-13),Communications Director,2026-06-29,2026,staff,-1.0949572,-6.4184537,12
MEM-208-26,Congressman Joaquin Castro (TX-20),Digital Manager/Director,2026-06-29,2026,staff,-4.248287,-3.1307273,-1
MEM-207-26,,Staff Assistant,2026-06-29,2026,staff,10.821774,1.1416142,6
MEM-204-26,Congressman Jamie Raskin (MD-08),Constituent Services Caseworker,2026-06-29,2026,staff,-6.4767346,12.803902,15
MEM-200-26,,Legislative Director,2026-06-29,2026,staff,6.5023737,9.224537,13
MEM-196-26,Congressman Ro Khanna (CA-17),Operations Assistant,2026-06-29,2026,staff,-1.2281027,8.18751,-1
MEM-081-26,Congressman David Scott (GA-13),Legislative Director,2026-03-16,2026,staff,6.5606294,9.205653,-1
MEM-079-26,Congressman Pat Ryan (NY-18),Communications Director,2026-03-16,2026,staff,-0.86246127,-6.78791,12
MEM-076-26,,Press Secretary,2026-03-16,2026,staff,-2.5917058,-4.733764,-1
MEM-074-26,Congresswoman Sara Jacobs (CA-51),Military and Veterans Liaison & Community Representative,2026-03-16,2026,staff,-5.9775915,13.746877,-1
MEM-073-26,Congressman Mike Levin (CA-49),Caseworker (Temporary),2026-03-16,2026,staff,-6.738836,13.72885,-1
MEM-090-26,Congressman David Scott (GA-13),Body Person/Legislative Aide,2026-03-23,2026,staff,5.980425,7.7898173,-1
MEM-086-26,Congresswoman Maggie Goodlander (NH-02),Outreach Coordinator,2026-03-23,2026,staff,-5.072452,13.724685,-1
MEM-083-26,,Professional Staff Member / Senior Professional Staff Member,2026-03-23,2026,staff,6.5476227,4.110933,7
MEM-100-26,,Staff Assistant,2026-03-30,2026,staff,4.9105773,3.2373092,-1
MEM-098-26,,Staff Assistant,2026-03-30,2026,staff,4.9685016,3.3436527,-1
MEM-091-26,,Senior Counsel,2026-03-30,2026,staff,6.900809,3.9213896,-1
MEM-107-26,Congressman Jamie Raskin (MD-08),Staff Assistant/Driver,2026-04-06,2026,staff,-1.0182809,8.365155,-1
MEM-219-26,Congressman Rob Menendez (NJ-08),Senior Advisor,2026-07-06,2026,staff,-4.540793,12.8729315,-1
MEM-218-26,,Staff Assistant,2026-07-06,2026,staff,-1.631033,8.354203,19
MEM-216-26,,District Director,2026-07-06,2026,staff,-4.2401695,12.703114,-1
MEM-215-26,Congresswoman McClain Delaney (MD-06),Communications Director,2026-07-06,2026,staff,-0.8394738,-6.6849813,12
MEM-214-26,,Press Assistant/Secretary,2026-07-06,2026,staff,-2.9916134,-4.744254,-1
MEM-227-26,Congresswoman Dina Titus (NV-01),Staff Assistant,2026-07-13,2026,staff,-2.4731243,8.297384,-1
MEM-226-26,Congresswoman Debbie Wasserman Schultz (FL-25),Scheduler,2026-07-13,2026,staff,2.262324,17.476871,20
MEM-225-26,Congressman Glenn Ivey (MD-04),Caseworker,2026-07-13,2026,staff,-6.888889,13.588456,-1
MEM-224-26,"Congressman Raúl Ruiz, M.D. (CA-25)",Legislative Assistant,2026-07-13,2026,staff,7.1044655,7.3804727,-1
MEM-222-26,Congresswoman Val Hoyle (OR-04),Communications Director,2026-07-13,2026,staff,-0.8286537,-6.268912,12
MEM-236-26,Congresswoman Lois Frankel (FL-22),Communications Director,2026-07-20,2026,staff,-0.89476556,-6.5352535,-1
MEM-234-26,,Policy Analyst,2026-07-20,2026,staff,5.541303,4.032487,-1
MEM-229-26,Congresswoman LaMonica McIver (NJ-10),Scheduler,2026-07-20,2026,staff,2.2696977,17.5216,20
MEM-243-26,Congressman Mike Quigley (IL-05),Staff Assistant,2026-07-27,2026,staff,-1.8881394,8.146671,-1
MEM-242-26,Congressman Joaquin Castro (TX-20),Press/Digital Assistant,2026-07-27,2026,staff,-3.443684,-3.4985776,-1
MEM-239-26,Congresswoman Rosa L. DeLauro (CT-03),Staff Assistant,2026-07-27,2026,staff,-1.215259,8.222288,19
MEM-238-26,Congresswoman Delia Ramirez (IL-03),Communications and Correspondence Assistant,2026-07-27,2026,staff,-1.0192456,-5.682841,-1
MEM-248-26,Representative Mike Levin (CA-49),Staff Assistant,2026-08-03,2026,staff,-1.6205468,8.255033,-1
MEM-247-26,Congresswoman Luz Rivas (CA-29),District Scheduler/Staff Assistant,2026-08-03,2026,staff,1.4780505,17.541752,-1
MEM-246-26,,Front Office Supervisor,2026-08-03,2026,staff,-1.1949891,7.5302405,-1
MEM-255-26,,Island County Community Liaison,2026-08-10,2026,staff,-5.566672,13.6198225,-1
MEM-254-26,Congressman Morelle (NY-25),Staff Assistant,2026-08-10,2026,staff,-2.0270681,8.510072,-1
MEM-258-26,Congressman Mark Pocan (WI-02),Digital Director / Press Secretary,2026-08-17,2026,staff,-4.2647133,-3.2486496,12
MEM-257-26,Congressman Cisneros (CA-31),Field Representative/Caseworker,2026-08-17,2026,staff,-6.079803,14.079149,-1
MEM-265-26,Congressman Jason Crow (CO-06),Staff Assistant,2026-08-24,2026,staff,-1.8150252,8.449221,-1
MEM-263-26,Congresswoman Deborah Ross (NC-02),Communications Director,2026-08-24,2026,staff,-0.9967138,-6.5132794,12
MEM-260-26,,Staff Assistant,2026-08-24,2026,staff,-1.7374898,8.357989,19
MEM-089-21,Congresswoman Elissa Slotkin (MI-08),Caseworker,2021-03-22,2021,staff,-6.814916,13.634906,-1
MEM-299-19,,Paid Fall Intern,2019-07-15,2019,staff,-1.3674448,7.5962996,-1
MEM-390-14,,Intern,2014-11-24,2014,staff,-1.3871483,7.5611463,-1
MEM-448-17,Congresswoman Tulsi Gabbard (HI-02),Staff Assistant,2017-11-13,2017,staff,-2.9193273,10.380514,-1
MEM-032-15,,Press Intern,2015-01-26,2015,staff,-2.4343374,-4.005619,-1
MEM-031-15,Congressman John Ratcliffe (TX-04),Intern,2015-01-26,2015,staff,-1.555891,7.5298743,-1
MEM-074-15,,Staff Assistant,2015-03-02,2015,staff,-2.3331926,7.322405,19
MEM-302-23,Congresswoman Lois Frankel (FL-22),Legislative Correspondent/Legislative Aide,2023-06-12,2023,staff,5.2496667,7.581531,-1
MEM-238-24,Congresswoman Rosa L. DeLauro (CT-03),Staff Assistant,2024-06-17,2024,staff,-1.1889222,8.207517,19
MEM-127-14,,Legislative Correspondent,2014-02-10,2014,staff,-0.43229792,5.748323,16
MEM-126-14,,Military Legislative Assistant,2014-02-10,2014,staff,7.22338,6.4282923,13
MEM-125-14,Congressman Dan Kildee (MI-05),Communications Assistant,2014-02-10,2014,staff,-2.8504894,-3.7264993,12
MEM-123-14,,Revenue Analyst,2014-02-10,2014,staff,4.815998,4.5419545,-1
PAR-001-14,,Digital Editor,2014-02-10,2014,staff,-4.185271,-2.7164764,-1
MEM-136-14,,Press Secretary,2014-02-18,2014,staff,-2.8683774,-4.846104,12
MEM-149-14,Congressman Lloyd Doggett (TX-35),Press Secretary,2014-03-10,2014,staff,1.8809156,6.0590396,-1
MEM-148-14,Congresswoman Renee Ellmers (NC-02),Caseworker/Field Representative,2014-03-03,2014,staff,-6.518885,13.648524,-1
LOC-001-14,,Policy Analyst,2014-03-03,2014,staff,4.767047,4.4632144,-1
MEM-176-14,,Legislative Assistant,2014-04-07,2014,staff,6.7901464,7.4174056,13
MEM-183-14,,Communications Director,2014-04-28,2014,staff,-1.369124,-5.349723,12
MEM-182-14,,Communications Director,2014-04-28,2014,staff,-1.4396275,-5.304317,12
MEM-181-14,,Deputy Scheduler/Office Manager,2014-04-28,2014,staff,2.0243497,17.035381,-1
MEM-186-14,,Field Deputy,2014-05-12,2014,staff,-6.1599665,14.3911085,-1
MEM-187-14,,Legislative Assistant,2014-05-19,2014,staff,5.516676,5.7048025,13
MEM-196-14,,Senior Legislative Assistant,2014-06-09,2014,staff,6.6279836,7.1280103,-1
MEM-194-14,,Staff Assistant,2014-06-09,2014,staff,-1.964201,7.607656,-1
MEM-190-14,,Communications Director,2014-06-02,2014,staff,-1.2682751,-5.6330476,12
MEM-189-14,,Scheduler,2014-06-02,2014,staff,2.238644,17.819214,20
MEM-207-14,Congressman Xavier Becerra (CA-34),Staff Assistant,2014-06-23,2014,staff,-2.3440325,9.069813,17
MEM-213-14,,Communications Director,2014-06-30,2014,staff,-1.1357704,-6.1463447,-1
MEM-212-14,,Advisor on International Security Issues,2014-06-30,2014,staff,7.024706,5.7628365,-1
MEM-211-14,,Advisor on International Freedom of Religion,2014-06-30,2014,staff,6.9715734,5.7389393,-1
MEM-245-14,,Legislative Correspondent,2014-07-14,2014,staff,-0.5655846,5.8212857,-1
MEM-244-14,,Staff Assistant,2014-07-14,2014,staff,-1.88865,7.479846,19
MEM-243-14,Congressman Dan Kildee (MI-05),Scheduler/Executive Assistant,2014-07-14,2014,staff,1.5357085,16.847048,20
MEM-242-14,,District Director,2014-07-14,2014,staff,-4.152172,12.593713,-1
MEM-233-14,,Legislative Director,2014-07-14,2014,staff,6.8489404,9.118251,-1
MEM-230-14,,Legislative Assistant,2014-07-14,2014,staff,6.862474,7.3925853,-1
MEM-226-14,,Financial Disclosure Counsel,2014-07-14,2014,staff,13.010497,1.0842321,5
MEM-225-14,,Investigative Counsel,2014-07-14,2014,staff,9.390066,1.7754074,4
MEM-215-14,,Press Secretary,2014-07-07,2014,staff,-2.865172,-4.914837,-1
MEM-214-14,Congresswoman Linda Sánchez (CA-38),Scheduler,2014-07-07,2014,staff,1.6558597,17.608936,-1
MEM-253-14,,Communications Director,2014-07-21,2014,staff,-1.2789607,-5.589756,-1
MEM-273-14,,Deputy Chief of Staff,2014-07-28,2014,staff,5.920303,9.232468,-1
MEM-272-14,,Communications Director,2014-07-28,2014,staff,-1.1442742,-5.31143,-1
MEM-281-14,,Scheduler/Executive Assistant,2014-08-11,2014,staff,1.5354918,16.965193,20
MEM-280-14,,Staff Assistant,2014-08-11,2014,staff,10.593269,0.87417394,6
MEM-286-14,,Staff Assistant,2014-08-18,2014,staff,-2.538869,8.0037775,19
MEM-295-14,,Legislative Correspondent,2014-08-25,2014,staff,-0.5628782,5.841575,-1
MEM-325-14,,Staff Assistant/Legislative Correspondent,2014-09-15,2014,staff,-1.0694114,7.017952,19
MEM-321-14,,Legislative Correspondent,2014-09-15,2014,staff,-0.6816516,5.5600452,-1
MEM-320-14,,Scheduler/Office Manager,2014-09-08,2014,staff,2.2057881,16.904427,20
MEM-319-14,,Counsel,2014-09-08,2014,staff,6.0181003,5.1768503,-1
MEM-318-14,,Legislative Assistant,2014-09-08,2014,staff,6.4667134,6.998805,-1
MEM-313-14,,Analyst,2014-09-08,2014,staff,4.853198,4.5414805,-1
MEM-022-15,,Caseworker,2015-01-12,2015,staff,-5.7735596,12.844137,11
MEM-020-15,,Tax and Finance Counsel/Advisor,2015-01-12,2015,staff,4.9569817,6.698729,-1
MEM-018-15,,Legislative Assistant,2015-01-12,2015,staff,5.938555,7.5378137,-1
MEM-017-15,,Executive Assistant,2015-01-12,2015,staff,1.3272244,16.69921,-1
MEM-010-15,,Communications Director,2015-01-12,2015,staff,-1.066284,-5.6508865,12
MEM-009-15,,Communications Director/Policy Advisor,2015-01-12,2015,staff,-1.1332775,-5.52633,12
MEM-007-15,,Legislative Director,2015-01-12,2015,staff,6.7937956,8.939213,-1
MEM-414-14,,Director of Investigations,2014-12-22,2014,staff,9.453401,1.7285776,4
MEM-409-14,,Senior Field Deputy,2014-12-22,2014,staff,-6.156668,14.4033785,-1
MEM-406-14,Congressman Steve Cohen (TN-09),Legislative Assistant/Counsel,2014-12-15,2014,staff,5.978546,6.2637258,13
MEM-401-14,,Press Secretary,2014-12-15,2014,staff,-2.8938756,-5.0134974,12
MEM-400-14,,Staff Assistant/Scheduler,2014-12-15,2014,staff,-2.1335409,7.748486,-1
MEM-397-14,,Communications Manager,2014-12-08,2014,staff,-1.3161385,-5.301104,-1
OGC-001-14,"Office of General Counsel, U.S. House of Representatives",Paralegal,2014-12-15,2014,staff,5.651463,5.2113566,-1
MEM-395-14,,Press Secretary,2014-12-08,2014,staff,-2.8655849,-4.913901,12
MEM-393-14,,Deputy Scheduler/Office Manager,2014-12-08,2014,staff,2.0623353,17.057507,20
MEM-013-17,Congressman Jerry McNerney (CA-09),Communications Director,2017-01-16,2017,staff,-0.70628405,-5.634756,12
MEM-010-17,,Staff Assistant,2017-01-09,2017,staff,-1.1850808,8.178369,19
MEM-009-17,Congresswoman Gwen Moore (WI-04),Staff Assistant/Personal Assistant,2017-01-09,2017,staff,-1.1916381,8.042144,-1
MEM-006-17,Congressman Delaney (MD-06),Legislative Assistant,2017-01-09,2017,staff,4.89745,6.707353,10
MEM-423-16,Congressman Justin Amash (MI-03),Legislative Assistant,2016-12-26,2016,staff,-7.409992,4.380395,3
MEM-421-16,,Professional Staffer Or Counsel,2016-12-19,2016,staff,6.211098,3.9920626,7
MEM-420-16,,Senior Legislative Assistant,2016-12-19,2016,staff,5.001753,6.7222095,10
MEM-419-16,,Staff And Press Assistant,2016-12-19,2016,staff,-2.7372005,-2.676553,-1
MEM-418-16,,Staff and Press Assistant,2016-12-19,2016,staff,-2.657666,-2.7431562,-1
MEM-413-16,"Congressman Daniel M. Donovan, Jr. (NY-11)",Constituent Services Liaison,2016-12-19,2016,staff,-5.734798,12.806204,-1
MEM-352-16,,Investigative Counsel,2016-11-14,2016,staff,6.878978,3.9395387,7
MEM-023-18,Congressman Anthony Brown (MD-04),Legislative Director,2018-01-16,2018,staff,6.8329434,9.062483,-1
MEM-019-18,,Deputy Press Secretary/Digital Manager,2018-01-16,2018,staff,-3.7749186,-3.5634646,12
MEM-018-18,Congresswoman Tulsi Gabbard (HI-02),Scheduler/Executive Assistant,2018-01-16,2018,staff,1.534029,16.973213,20
MEM-016-18,,Constituent Engagement Officer,2018-01-16,2018,staff,-5.964527,12.95724,-1
MEM-014-18,,Press Assistant,2018-01-16,2018,staff,-3.0850704,-3.5106342,12
MEM-013-18,,Legislative Correspondent,2018-01-08,2018,staff,-0.63040423,5.836822,-1
MEM-008-18,,Professional Staff Member,2018-01-08,2018,staff,6.5611644,4.146233,-1
MEM-003-18,Congressman Ted Lieu (CA-33),Caseworker,2018-01-03,2018,staff,-6.732009,13.718251,-1
MEM-001-18,,Communications Director,2018-01-03,2018,staff,-1.2697624,-5.50728,-1
MEM-512-17,,Legislative Director,2017-12-27,2017,staff,6.6993585,9.075402,13
MEM-511-17,,Clerk,2017-12-27,2017,staff,6.2660832,3.652425,-1
MEM-507-17,,Senior Legislative Aide,2017-12-18,2017,staff,2.1803887,6.514867,9
MEM-316-17,,Counsel,2017-11-13,2017,staff,6.878035,3.953248,7
MEM-029-16,,Communications Director,2016-01-18,2016,staff,-1.1607217,-5.2807856,12
MEM-027-16,,Press Secretary/Communications Director,2016-01-18,2016,staff,-2.9811947,-4.4977036,12
MEM-021-16,,General Counsel,2016-01-18,2016,staff,6.301098,5.4844017,-1
MEM-020-16,,Global Security/Political Military Affairs Policy Advisor,2016-01-18,2016,staff,7.016258,5.758421,-1
MEM-019-16,Commission on Security and Cooperation in Europe,Middle-Eastern Policy Advisor,2016-01-18,2016,staff,7.02207,5.761491,-1
MEM-018-16,,Russian Policy Advisor,2016-01-18,2016,staff,7.020519,5.771429,-1
MEM-016-16,,Press Secretary,2016-01-18,2016,staff,1.8828992,6.06406,-1
MEM-455-15,Congresswoman Louise Slaughter (NY-25),Legislative Director,2016-01-04,2016,staff,6.8233275,9.01439,-1
MEM-454-15,,Staff Assistant,2016-01-04,2016,staff,-2.2294574,7.838849,-1
MEM-453-15,,District Caseworker,2016-01-04,2016,staff,-6.7934895,13.474711,-1
MEM-452-15,,District Representative,2016-01-04,2016,staff,-5.427728,13.663675,-1
MEM-451-15,,Communications Director,2016-01-04,2016,staff,-1.1215043,-5.605369,12
MEM-449-15,Congressman Brendan Boyle (PA-13),Constituent Services Representative,2016-01-04,2016,staff,-5.967962,12.936506,-1
MEM-448-15,Congressman Brendan Boyle (PA-13),Special Assistant/Constituent Service Representative,2016-01-04,2016,staff,-5.8352027,12.857036,-1
MEM-445-15,,Events Coordinator,2016-01-04,2016,staff,-5.566363,12.762847,-1
MEM-444-15,Congressman Paul D. Tonko (NY-20),Staff Assistant,2016-01-04,2016,staff,-1.1862178,8.074586,-1
MEM-440-15,Congressman French Hill (AR-02),Staff Assistant,2015-12-14,2015,staff,-1.8238876,7.6836457,19
MEM-438-15,,Staff Assistant,2015-12-14,2015,staff,10.584602,0.8678376,6
MEM-418-15,Congressman Dan Kildee (MI-05),Communications Assistant,2015-11-30,2015,staff,-2.8734994,-3.6905272,12
MEM-025-15,,Press Secretary,2015-01-19,2015,staff,-2.7564206,-4.7966743,12
MEM-023-15,,Legislative Assistant,2015-01-19,2015,staff,5.263041,6.52915,-1
MEM-412-16,,Scheduler,2016-12-19,2016,staff,2.2777119,17.8878,-1
MEM-406-16,,Professional Staff Member,2016-12-12,2016,staff,4.662609,4.7379007,0
MEM-400-16,,Legislative Assistant,2016-12-12,2016,staff,7.172885,7.8180156,-1
MEM-392-16,,Staff Assistant,2016-12-05,2016,staff,5.731687,3.0841055,12
MEM-390-16,,Executive Assistant/Scheduler,2016-12-05,2016,staff,1.3204488,16.781553,20
MEM-386-16,"Congressman Raul Ruiz, M.D. (CA-36)",Caseworker,2016-12-05,2016,staff,-6.8179884,13.607557,-1
MEM-018-17,,Congressional Immigration Liaison,2017-01-23,2017,staff,-6.6578183,13.262836,-1
MEM-032-18,,Communications Director,2018-01-23,2018,staff,-1.2705501,-5.4726,-1
MEM-031-18,Congresswoman Michelle Lujan Grisham (NM-01),Legislative Correspondent,2018-01-23,2018,staff,-0.4713236,5.944906,-1
MEM-025-18,,Legislative Director,2018-01-23,2018,staff,6.7265267,9.0199585,13
MEM-035-15,"Congressman Bill Pascrell, Jr. (NJ-09)",Casework Representative,2015-01-26,2015,staff,-6.6292825,13.300749,-1
MEM-034-15,Congressman Justin Amash (MI-03),Legislative Assistant,2015-01-26,2015,staff,-7.40962,4.380475,3
MEM-033-15,,Press Assistant and Digital Manager,2015-01-26,2015,staff,-2.2452617,-4.125341,-1
MEM-030-15,,Legislative Assistant,2015-01-26,2015,staff,5.9054594,7.7504663,-1
MEM-509-17,,Deputy Chief Clerk/Calendar Clerk,2017-12-27,2017,staff,5.7159204,2.616019,-1
MEM-508-17,Congressman Lloyd Doggett (TX-35),Staff Assistant,2017-12-18,2017,staff,1.9257022,6.3789797,9
MEM-490-17,,Investigative Counsel,2017-12-18,2017,staff,9.378784,1.791511,4
MEM-489-17,,Legislative Assistant,2017-12-11,2017,staff,6.833788,7.28562,-1
MEM-483-17,Congresswoman Michelle Lujan Grisham (NM-01),Communications Director/Press Secretary,2017-12-11,2017,staff,-0.86221254,-5.755172,12
MEM-479-17,,Legislative Assistant,2017-12-11,2017,staff,6.0827694,7.267404,-1
MEM-478-17,,Press Secretary,2017-12-11,2017,staff,-2.7065942,-4.8904896,12
MEM-022-17,,Press Secretary/DC Scheduler,2017-01-30,2017,staff,-3.089997,-4.849664,12
MEM-020-17,,Staff Director,2017-01-30,2017,staff,7.358995,1.3409299,-1
MEM-019-17,,Director of Scheduling and Special Assistant,2017-01-30,2017,staff,2.0510259,17.05531,-1
MEM-430-15,,Staff Assistant,2015-12-07,2015,staff,-1.8709387,7.703547,19
MEM-368-15,,Staff Assistant,2015-11-09,2015,staff,-1.350165,8.224511,19
MEM-389-14,,Executive Assistant,2014-11-24,2014,staff,1.3237298,16.708132,-1
MEM-301-16,,Research Assistant For Economic Issues,2016-10-10,2016,staff,4.697682,4.413019,-1
MEM-300-16,,Desktop Support Technician,2016-10-03,2016,staff,4.5712976,3.3583455,-1
MEM-299-16,,DC Scheduler,2016-10-03,2016,staff,1.9772484,17.464725,20
MEM-295-16,,Communications Director,2016-10-03,2016,staff,-1.4352703,-5.3194027,12
MEM-288-16,,Legislative Assistant,2016-09-19,2016,staff,4.926344,6.7299366,10
MEM-316-15,,Legislative Correspondent,2015-10-12,2015,staff,-0.46291548,5.7613964,16
MEM-303-15,,Staff Assistant/Legislative Correspondent,2015-09-28,2015,staff,-1.0521163,7.0248833,19
MEM-302-15,Congresswoman Norma J. Torres (CA-35),District Representative,2015-09-28,2015,staff,-5.613124,13.865859,-1
MEM-297-15,,Communications Director,2015-10-12,2015,staff,-1.1626008,-5.402356,-1
MEM-293-15,,Legislative Assistant,2015-10-12,2015,staff,6.1266026,7.0549917,-1
MEM-292-15,,Communications Director,2015-09-28,2015,staff,-1.1289485,-5.5994296,-1
MEM-276-15,,Legislative Correspondent/Press Assistant,2015-09-08,2015,staff,-0.70564675,5.5007896,-1
MEM-273-15,,Legislative Director,2015-08-31,2015,staff,6.6614113,9.080223,13
MEM-265-15,,Legislative Assistant,2015-08-24,2015,staff,6.255554,6.721033,13
MEM-261-15,,Legislative Correspondent/Press Assistant,2015-08-24,2015,staff,-0.6941158,5.547826,-1
MEM-249-15,,Legislative Assistant,2015-08-24,2015,staff,6.493934,7.0593357,-1
MEM-245-15,,Legislative Director,2015-08-17,2015,staff,6.8472066,9.105056,-1
MEM-315-16,,Staff Assistant,2016-10-17,2016,staff,-1.8628923,7.886751,-1
MEM-332-14,,Speechwriter,2014-10-17,2014,staff,-3.3124256,-5.723845,-1
MEM-331-14,,Professional Staff Member,2014-10-17,2014,staff,7.2325373,7.279593,-1
MEM-323-16,,Staff Assistant,2016-10-24,2016,staff,10.562545,0.8385315,6
MEM-322-16,,Press Secretary,2016-10-24,2016,staff,1.8835881,6.0638876,-1
MEM-331-15,,Committee Clerk/Administrator,2015-10-26,2015,staff,5.629641,2.6450388,-1
MEM-330-15,Congresswoman Cheri Bustos (IL-17),Press Assistant/Speechwriter,2015-10-26,2015,staff,-3.1631765,-5.1629214,-1
MEM-348-14,,Social Media Press Assistant,2014-10-27,2014,staff,-3.5075452,-3.4725058,-1
MEM-347-14,,Press Secretary,2014-10-27,2014,staff,-2.8236513,-4.938779,12
MEM-346-14,,Staff Assistant,2014-10-27,2014,staff,-2.321979,7.323759,19
MEM-345-14,Congressman Lloyd Doggett (TX-35),Senior Legislative Assistant,2014-10-27,2014,staff,2.153015,6.488551,9
MEM-340-14,,Staff Assistant,2014-10-27,2014,staff,-2.0038352,7.6151285,19
MEM-289-16,,Assistant General Counsel,2016-09-19,2016,staff,5.6875286,5.2277727,-1
MEM-283-16,,Legislative Assistant,2016-09-12,2016,staff,2.1767833,6.4876986,9
MEM-333-16,"Congressman Raul Ruiz, M.D. (CA-36)",District Director,2016-10-31,2016,staff,-4.1276836,12.580888,11
MEM-285-15,,Staff Assistant,2015-09-28,2015,staff,-1.8346211,8.021031,19
MEM-284-15,,Office Administrator/Assistant Scheduler,2015-09-28,2015,staff,1.7543056,16.875708,20
MEM-248-15,,Scheduler,2015-08-24,2015,staff,2.3202012,17.830719,20
MEM-221-15,,Staff Assistant,2015-08-10,2015,staff,-1.9126682,7.5648623,19
MEM-213-15,,Legislative Correspondent,2015-08-03,2015,staff,-0.5158573,5.86097,-1
MEM-207-15,,Legislative Assistant,2015-08-03,2015,staff,6.5088434,7.061874,-1
MEM-368-14,,Professional Staff Member,2014-11-10,2014,staff,5.8878307,3.4648905,-1
MEM-366-14,Congressman Raúl Labrador (ID-01),Legislative Director,2014-11-10,2014,staff,6.7359276,9.120741,-1
MEM-357-14,,Professional Staff Member,2014-11-10,2014,staff,7.7023616,4.5685515,-1
MEM-447-17,Congresswoman Tulsi Gabbard (HI-02),Military and Veterans Liaison and Caseworker,2017-11-13,2017,staff,-6.0300207,13.630183,-1
MEM-428-17,,Scheduler/Executive Assistant,2017-11-13,2017,staff,1.3887005,16.811096,20
MEM-426-17,,Health Legislative Assistant,2017-11-13,2017,staff,6.9637184,7.4045634,13
MEM-409-17,,Press Secretary,2017-11-13,2017,staff,-2.725609,-4.866084,12
MEM-397-17,,Legislative Assistant,2017-11-13,2017,staff,6.6619434,7.3937993,-1
MEM-395-17,,Caseworker,2017-11-13,2017,staff,-6.7502017,13.690293,15
MEM-387-17,Congresswoman Tulsi Gabbard (HI-02),Communications Director,2017-11-13,2017,staff,-1.619554,-5.7025366,12
MEM-382-17,,Legislative Assistant,2017-11-13,2017,staff,6.8447623,6.2753844,-1
MEM-351-16,,Community Coordinator,2016-11-14,2016,staff,-5.3656654,13.314636,-1
MEM-350-16,,Professional Staff Member,2016-11-14,2016,staff,4.6694446,4.7385736,0
MEM-347-16,,Staff Assistant,2016-11-07,2016,staff,-1.9292897,7.9351354,19
MEM-383-15,Congresswoman Frederica S. Wilson (FL-24),Staff Assistant,2015-11-09,2015,staff,-1.1993816,8.144168,-1
MEM-379-15,,Investigator,2015-11-09,2015,staff,6.2474318,3.940831,-1
MEM-354-15,,Investigator,2015-11-02,2015,staff,9.323954,1.8389565,4
MEM-378-14,,Communications Director,2014-11-17,2014,staff,-1.2221673,-5.363334,12
MEM-369-14,Congresswoman Donna F. Edwards (MD-04),Scheduler/Executive Assistant,2014-11-17,2014,staff,1.563688,17.03758,-1
MEM-351-15,,Scheduler/Executive Assistant,2015-11-02,2015,staff,1.6299978,17.093298,20
MEM-349-15,,Legislative Assistant,2015-11-02,2015,staff,5.9730477,7.244496,-1
MEM-347-15,Congressman Mark DeSaulnier (CA-11),District Representative,2015-11-02,2015,staff,-5.562295,13.832645,-1
MEM-458-17,,Outreach and Member Services Coordinator,2017-11-20,2017,staff,4.853724,3.1725957,-1
MEM-367-16,,Communications Director,2016-11-21,2016,staff,-0.8383795,-5.5361204,12
MEM-365-16,,Communications Director,2016-11-21,2016,staff,-0.8080236,-5.425337,12
MEM-361-16,,Legislative Assistant,2016-11-21,2016,staff,6.4386535,7.120556,-1
MEM-358-16,,Press Secretary,2016-11-21,2016,staff,-2.6950276,-4.872577,12
MEM-401-15,Congresswoman Frederica S. Wilson (FL-24),Legislative Director,2015-11-23,2015,staff,7.000522,9.126171,-1
MEM-374-16,,Professional Staff Member,2016-11-28,2016,staff,4.6531744,4.730324,0
MEM-373-16,"Congressman Raul Ruiz, M.D. (CA-36)",Caseworker,2016-11-28,2016,staff,-6.8329706,13.592693,-1
MEM-372-16,,Legislative Assistant,2016-11-28,2016,staff,4.874571,6.68148,10
MEM-485-17,Congresswoman Eleanor Holmes Norton (DC-00),Staff Assistant,2017-12-11,2017,staff,-2.4539351,7.955828,19
MEM-476-17,,Scheduler,2017-12-11,2017,staff,2.3170714,17.736456,20
MEM-474-17,Congresswoman Anna G. Eshoo (CA-18),Staff Assistant,2017-12-04,2017,staff,-1.8798027,8.0095415,-1
MEM-471-17,,Health Legislative Assistant,2017-12-04,2017,staff,7.058385,7.4405622,-1
MEM-466-17,,Scheduler,2017-12-04,2017,staff,2.0922713,17.665134,20
MEM-402-16,,Administrative Director,2016-12-12,2016,staff,5.614694,5.147276,-1
MEM-389-16,,Legislative Associate,2016-12-05,2016,staff,-0.5870635,5.608717,16
MEM-495-17,,Staff Assistant,2017-12-18,2017,staff,1.9303356,6.3683057,9
MEM-494-17,Congressman Lloyd Doggett (TX-35),Senior Legislative Aide,2017-12-18,2017,staff,2.1606407,6.4979696,9
MEM-414-16,,Legislative Counsel,2016-12-19,2016,staff,5.9856405,5.798876,-1
MEM-051-16,,Press Assistant and Digital Manager,2016-02-01,2016,staff,-2.2378564,-4.1566944,-1
MEM-050-16,"Congressman Raul Ruiz, M.D. (CA-36)",Caseworker,2016-02-01,2016,staff,-6.845561,13.585095,-1
MEM-048-16,,Economist/Policy Analyst,2016-02-01,2016,staff,4.7056103,4.4434934,-1
MEM-047-16,,Press Secretary,2016-02-01,2016,staff,-2.785579,-4.812789,-1
MEM-044-16,,Communications Director,2016-02-01,2016,staff,-1.0938021,-5.489676,12
MEM-042-16,,Communications Director,2016-02-01,2016,staff,-0.9936237,-5.320371,12
MEM-039-16,,Field Representative/Caseworker,2016-02-01,2016,staff,-5.888658,14.1659355,-1
MEM-030-16,,Scheduler,2016-02-01,2016,staff,2.0321987,17.460215,20
MEM-045-17,,Staff Assistant,2017-02-13,2017,staff,4.715394,3.2148921,-1
MEM-044-17,,Staff Assistant,2017-02-13,2017,staff,-1.9033172,7.773528,19
MEM-043-17,,Staff Assistant,2017-02-13,2017,staff,4.663623,3.045213,14
MEM-039-17,Congresswoman Alma Adams (NC-12),District Director,2017-02-13,2017,staff,-4.1621532,12.588346,11
MEM-029-17,Congresswoman Linda T. Sánchez (CA-38),Press Assistant/Speechwriter,2017-02-06,2017,staff,-3.2544281,-4.9705925,12
MEM-028-17,Congresswoman Linda T. Sánchez (CA-38),Staff Assistant/Driver,2017-02-06,2017,staff,-1.3280013,8.413518,-1
MEM-026-17,,Legislative Assistant,2017-02-06,2017,staff,6.839722,6.4846425,-1
MEM-056-18,,Executive Director,2018-02-13,2018,staff,5.053492,4.6140995,-1
MEM-055-18,,Speechwriter,2018-02-13,2018,staff,-3.3103926,-5.7155943,-1
MEM-051-18,,Scheduler/Executive Assistant,2018-02-13,2018,staff,1.5794393,16.983345,-1
MEM-047-18,,Scheduler/Executive Assistant,2018-02-13,2018,staff,1.5894092,17.085907,20
MEM-046-18,,Press Secretary,2018-02-13,2018,staff,-2.6886754,-4.838962,12
MEM-045-18,Congressman Erik Paulsen (MN-03),Communications Director,2018-02-13,2018,staff,-1.1303651,-6.541102,-1
MEM-044-18,,Legislative Director,2018-02-05,2018,staff,6.7737083,8.86687,13
MEM-041-18,Congresswoman Louise Slaughter (NY-25),Social Media Manager & Press Assistant,2018-02-05,2018,staff,-3.7333694,-3.347562,12
MEM-038-18,,National Security Professional Staff Member,2018-02-05,2018,staff,6.5704846,4.1995153,-1
MEM-037-18,,Professional Staff Member,2018-02-05,2018,staff,6.5352187,4.1417465,-1
MEM-052-15,,Press Secretary,2015-02-16,2015,staff,-2.801935,-4.8101983,12
MEM-049-15,,Press Secretary,2015-02-09,2015,staff,-2.8464947,-4.7433333,-1
MEM-048-15,,Communications Director,2015-02-09,2015,staff,-1.1243079,-5.668615,12
MEM-044-15,,Communications Director,2015-02-09,2015,staff,-1.0842791,-5.7807884,12
MEM-041-15,,Communications Director,2015-02-02,2015,staff,-1.2950624,-5.1601486,-1
MEM-038-15,Congresswoman Donna F. Edwards (MD-04),Legislative Correspondent,2015-02-02,2015,staff,-0.5105813,5.89223,-1
MEM-040-15,Congresswoman Lucille Roybal-Allard (CA-40),Field Director,2015-02-02,2015,staff,-4.1487184,12.575969,-1
MEM-037-15,,Scheduler/Executive Assistant,2015-02-02,2015,staff,1.410118,16.840467,20
MEM-053-17,Congresswoman Michelle Lujan Grisham (NM-01),Legislative Assistant,2017-02-20,2017,staff,6.7735333,6.8657794,-1
MEM-064-18,,Legislative Assistant,2018-02-20,2018,staff,6.932142,7.434918,13
MEM-059-18,Congressman John Delaney (MD-06),Staff Assistant,2018-02-20,2018,staff,-1.6566596,7.730286,19
MEM-074-16,,Legislative Assistant,2016-02-22,2016,staff,6.5443,7.063442,-1
MEM-071-16,,Outreach and Member Services Coordinator,2016-02-22,2016,staff,4.8519797,3.172256,-1
MEM-069-16,,Legislative Assistant,2016-02-22,2016,staff,6.147182,7.193994,13
MEM-065-16,,Staff Assistant,2016-02-22,2016,staff,-1.322635,8.204513,19
MEM-059-16,,Scheduler,2016-02-22,2016,staff,2.0312307,17.53744,20
MEM-065-15,,Scheduler,2015-02-23,2015,staff,2.0341847,17.48205,20
MEM-059-15,,Legislative Assistant,2015-02-23,2015,staff,6.103015,7.397073,-1
MEM-058-15,,Director of Intergovernmental Relations,2015-02-23,2015,staff,6.2411456,8.761308,-1
MEM-070-18,,Press Secretary,2018-02-26,2018,staff,1.8900292,6.056163,-1
MEM-063-17,,Legislative Assistant,2017-02-27,2017,staff,6.3751283,7.1477423,-1
MEM-061-17,,Legislative Assistant,2017-02-27,2017,staff,6.2143173,7.1941967,-1
MEM-058-17,,Scheduler,2017-02-27,2017,staff,2.2629511,17.801586,20
MEM-085-16,Congressman Brad Ashford (NE-02),Digital Director/Press Assistant,2016-02-29,2016,staff,-3.7646773,-3.3442419,-1
MEM-035-17,,Constituent Services Representative,2017-02-06,2017,staff,-5.9857225,13.200253,-1
MEM-034-17,,Staff/Press Assistant,2017-02-06,2017,staff,-2.690905,-3.0588353,-1
MEM-043-15,,Scheduler/Executive Assistant,2015-02-09,2015,staff,1.3815004,16.828526,20
MEM-088-18,Congressman Rod Blum (IA-01),Legislative Director,2018-03-12,2018,staff,6.812627,9.184245,-1
MEM-082-18,,Legislative Correspondent,2018-03-12,2018,staff,-0.5871173,5.784498,-1
MEM-078-18,Congresswoman Louise Slaughter (NY-25),Social Media Manager & Press Assistant,2018-03-05,2018,staff,-3.697196,-3.3437572,12
MEM-076-18,Congressman Jerry McNerney (CA-09),Legislative Director,2018-03-05,2018,staff,6.8668537,8.935497,-1
MEM-078-17,,Legislative Assistant,2017-03-13,2017,staff,6.755661,7.3470225,13
MEM-077-17,,Communications Director,2017-03-13,2017,staff,-1.1753856,-5.207659,12
MEM-075-17,Congressman John Delaney (MD-06),Staff Assistant,2017-03-13,2017,staff,-2.309216,8.968233,17
MEM-072-17,Congresswoman Tulsi Gabbard (HI-02),Communications Director,2017-03-06,2017,staff,-1.6001354,-5.732456,12
MEM-069-17,,Staff Assistant,2017-03-06,2017,staff,10.578855,0.8599364,6
MEM-068-17,,Investigative Counsel,2017-03-06,2017,staff,9.387404,1.7579181,4
MEM-067-17,,"Counsel, Office of Advice and Education",2017-03-06,2017,staff,11.244638,2.4567175,5
MEM-065-17,Congressman Thomas Massie (KY-04),Office Manager/Scheduler,2017-03-06,2017,staff,2.181994,16.793934,-1
MEM-098-16,,Communications Professional,2016-03-14,2016,staff,-2.211947,-4.4996204,-1
MEM-097-16,,Committee Labor Policy Staffer,2016-03-14,2016,staff,7.7527046,4.459932,-1
MEM-093-16,,Staff Assistant,2016-03-07,2016,staff,-1.7951604,7.366217,-1
MEM-092-16,,Communications Director,2016-03-07,2016,staff,-1.1022865,-5.528704,12
MEM-091-16,,Administrative Assistant,2016-03-07,2016,staff,-1.408058,8.171947,-1
MEM-089-16,,Scheduler,2016-03-07,2016,staff,1.8666674,17.425762,20
MEM-088-16,Congressman Lloyd Doggett (TX-35),Systems Manager,2016-03-07,2016,staff,1.9733895,6.2457943,-1
MEM-087-16,,Legislative Assistant,2016-03-07,2016,staff,2.1729038,6.500129,9
MEM-076-15,,Professional Staff Member,2015-03-09,2015,staff,7.355455,1.2875074,2
MEM-069-15,,Scheduler,2015-03-02,2015,staff,1.9757081,17.653248,20
MEM-100-18,,Legislative Assistant,2018-03-19,2018,staff,5.5184803,5.716171,13
MEM-095-18,Congressman Scott Peters (CA-52),Press Secretary,2018-03-19,2018,staff,-2.7635918,-4.845728,12
MEM-091-17,Congresswoman Alma Adams (NC-12),District Director,2017-03-20,2017,staff,-4.1842117,12.573915,-1
MEM-087-17,,Committee Clerk,2017-03-20,2017,staff,5.6468377,2.589218,-1
MEM-086-17,,Legislative Assistant,2017-03-20,2017,staff,6.1750326,6.8863473,13
MEM-083-17,,Health Care Investigator,2017-03-20,2017,staff,7.515242,1.4684751,2
MEM-082-17,,Information Technology Investigator,2017-03-20,2017,staff,7.4712234,1.419764,-1
MEM-109-16,,Scheduler,2016-03-21,2016,staff,1.9731414,17.655981,-1
MEM-107-16,Congresswoman Tulsi Gabbard (HI-02),Senior Legislative Assistant/Legislative Assistant,2016-03-21,2016,staff,6.990516,6.2727113,-1
MEM-104-16,Congressman Justin Amash (MI-03),Communications Director,2016-03-21,2016,staff,-1.2547461,-5.757461,-1
MEM-108-18,Congressman John Delaney (MD-06),Staff Assistant,2018-03-26,2018,staff,-2.2414856,8.94213,17
MEM-104-18,Congressman Tom O'Halleran (AZ-01),Veterans Services Representative,2018-03-26,2018,staff,-6.115338,13.472783,-1
MEM-103-18,,Press Secretary,2018-03-26,2018,staff,-3.0177972,-4.482297,12
MEM-102-17,,Staff Assistant,2017-03-27,2017,staff,-2.329247,7.3234696,19
MEM-095-17,,"Subcommittee Staff Director, Health Subcommittee",2017-03-27,2017,staff,7.3654323,1.3487229,2
MEM-094-17,,"Subcommittee Staff Director, Economic Opportunity Subcommittee",2017-03-27,2017,staff,7.372801,1.3069639,-1
MEM-093-17,,Professional Staff Member,2017-03-27,2017,staff,7.257287,7.3332386,-1
MEM-092-15,Congressman Jerry McNerney (CA-09),Communications Director,2015-03-30,2015,staff,-0.71483994,-5.5544934,12
MEM-091-15,,Health Counsel,2015-03-30,2015,staff,7.147008,4.2550597,-1
MEM-078-15,,Caseworker,2015-03-09,2015,staff,-6.7143035,13.700765,-1
MEM-120-17,,Military Legislative Assistant,2017-04-10,2017,staff,7.3802276,6.2718625,-1
MEM-118-17,,Director of Strategic Initiatives,2017-04-10,2017,staff,6.574914,4.1974006,-1
MEM-116-17,,Deputy Press Secretary,2017-04-10,2017,staff,-2.8715513,-4.8258204,-1
MEM-114-17,,Legislative Director,2017-04-10,2017,staff,6.7944536,8.792455,13
MEM-113-17,,Legislative Director,2017-04-10,2017,staff,6.7613745,9.082643,-1
MEM-111-17,,Policy Advisor,2017-04-03,2017,staff,5.6904984,6.743384,-1
MEM-110-17,,District Press Assistant,2017-04-03,2017,staff,-3.0956395,-3.506457,-1
MEM-108-17,House Veterans' Affairs Committee (Majority),Full Committee Staff Assistant,2017-04-03,2017,staff,4.8612957,2.8029258,-1
MEM-131-16,,Legislative Correspondent/Staff Assistant,2016-04-11,2016,staff,-1.0952852,7.059036,-1
MEM-130-16,,Legislative Assistant,2016-04-11,2016,staff,6.769547,7.409096,-1
MEM-129-16,,Press Secretary,2016-04-04,2016,staff,-2.8532963,-4.8132267,12
MEM-128-16,,Legislative Assistant,2016-04-04,2016,staff,6.1438203,7.005213,13
MEM-119-16,,Scheduler,2016-04-04,2016,staff,1.8271756,17.435726,-1
MEM-118-16,,Communications Director,2016-04-04,2016,staff,-1.1032083,-5.4888535,12
MEM-116-16,,Staff Assistant,2016-04-04,2016,staff,4.713103,3.0911417,14
MEM-104-15,,Staff Assistant,2015-04-13,2015,staff,10.584548,0.8631991,6
MEM-098-15,,Committee Investigator,2015-04-06,2015,staff,7.5055995,1.467755,-1
MEM-097-15,,Committee Investigator,2015-04-06,2015,staff,7.456668,1.4630911,-1
MEM-130-17,,Legislative Assistant,2017-04-17,2017,staff,6.0865006,6.81138,-1
MEM-129-17,,Professional Staff Member,2017-04-17,2017,staff,6.562719,4.182254,-1
MEM-127-17,,Legislative Assistant,2017-04-17,2017,staff,2.1640768,6.4924965,9
MEM-124-17,Congressman Thomas Massie (KY-04),Staff Assistant,2017-04-17,2017,staff,-2.36733,9.010117,17
MEM-123-17,,Counsel,2017-04-17,2017,staff,6.8535647,3.9251163,7
MEM-122-17,,Press Assistant,2017-04-17,2017,staff,-2.4833682,-3.9906566,12
MEM-135-16,,Staff Assistant/Scheduler,2016-04-18,2016,staff,1.6975598,17.284449,-1
MEM-133-16,Congressman Justin Amash (MI-03),Scheduler,2016-04-18,2016,staff,2.382504,17.64881,-1
MEM-132-16,,Legislative Assistant,2016-04-18,2016,staff,2.1540396,6.489805,9
MEM-115-18,,Communications Director,2018-04-02,2018,staff,-0.9655701,-5.3858924,12
MEM-114-18,Congresswoman Michelle Lujan Grisham (NM-01),Communications Director/Press Secretary,2018-04-02,2018,staff,-0.8610591,-5.731493,12
MEM-112-18,,Scheduler/Executive Assistant,2018-04-02,2018,staff,1.5368683,17.19173,20
MEM-111-18,Congressman Mark DeSaulnier (CA-11),District Representative,2018-04-02,2018,staff,-5.671294,13.895681,-1
MEM-110-15,,Legislative Correspondent,2015-04-20,2015,staff,-0.4819714,5.827779,16
MEM-108-15,,Writer,2015-04-20,2015,staff,-3.2914865,-5.6825743,-1
MEM-128-18,,Legislative Director,2018-04-23,2018,staff,6.684346,9.14025,13
MEM-127-18,Congresswoman Debbie Dingell (MI-12),Scheduler/Executive Assistant,2018-04-23,2018,staff,1.4399883,16.824022,-1
MEM-126-18,,Director of Security and Foreign Affairs,2018-04-23,2018,staff,5.0861444,4.6047583,-1
MEM-124-18,,Staff Assistant,2018-04-23,2018,staff,10.644963,0.9105541,6
MEM-121-18,,Communications Director,2018-04-09,2018,staff,-1.1242323,-5.458189,12
MEM-133-17,,Subcommittee Clerk,2017-04-24,2017,staff,5.748198,2.6500692,-1
MEM-119-15,Congresswoman Tammy Duckworth (IL-08),Senior Legislative Assistant,2015-04-27,2015,staff,6.3239655,6.9777255,-1
MEM-117-15,,Press Aide/Press Secretary,2015-04-27,2015,staff,-3.0219579,-4.812362,12
MEM-116-15,,Field Representative,2015-04-27,2015,staff,-6.088477,13.972127,15
MEM-111-15,,Scheduler/Office Manager,2015-04-27,2015,staff,2.170899,16.884071,20
MEM-109-17,,Legislative Assistant,2017-04-03,2017,staff,6.3115993,7.7104177,13
MEM-130-18,,Legislative Assistant,2018-04-30,2018,staff,4.890658,6.7001204,10
MEM-129-18,,Staff Assistant,2018-04-30,2018,staff,-1.909823,7.792353,-1
MEM-127-15,,Field Representative,2015-05-11,2015,staff,-6.0821557,14.059716,-1
MEM-125-15,,Staff Assistant,2015-05-11,2015,staff,-1.5212197,7.9222064,-1
MEM-124-15,Congresswoman Debbie Wasserman Schultz (FL-23),District Outreach Coordinator,2015-05-11,2015,staff,-5.1753345,13.625701,-1
MEM-123-15,,Press Secretary Or Communications Director,2015-05-11,2015,staff,-2.3416321,-4.691165,-1
MEM-121-15,,Legislative Assistant,2015-05-04,2015,staff,5.500168,5.684987,13
MEM-120-15,,Staff Assistant,2015-05-04,2015,staff,10.559854,0.8387359,6
MEM-135-18,Congresswoman Eleanor Holmes Norton (DC-00),Staff Assistant,2018-05-14,2018,staff,-2.3521802,7.9721303,19
MEM-134-18,,Advice and Education Counsel,2018-05-14,2018,staff,11.245955,2.4569674,5
MEM-132-18,,Legislative Assistant,2018-05-14,2018,staff,6.2758474,7.0197625,13
MEM-131-18,Congresswoman Debbie Dingell (MI-12),Communications Director,2018-05-07,2018,staff,-1.0709474,-6.2777524,12
MEM-149-17,Congresswoman Tulsi Gabbard (HI-02),Military Legislative Assistant Or Senior National Security/Foreign Policy Advisor,2017-05-15,2017,staff,7.3268785,6.2173915,-1
MEM-148-17,,Senior Legislative Assistant,2017-05-15,2017,staff,6.1174145,6.969695,13
MEM-147-17,,Legislative Director,2017-05-15,2017,staff,6.747265,8.851522,13
MEM-145-17,Congressman Justin Amash (MI-03),Legislative Assistant,2017-05-15,2017,staff,-7.4099565,4.380402,3
MEM-144-17,,Legislative Director,2017-05-15,2017,staff,6.7253094,9.158482,-1
MEM-143-17,,Staff Assistant,2017-05-15,2017,staff,-1.7598511,7.364371,-1
MEM-142-17,,Committee Investigator,2017-05-15,2017,staff,7.4626093,1.4353706,-1
MEM-141-17,Congressman Lloyd Doggett (TX-35),District Staffer,2017-05-08,2017,staff,1.8389807,6.372087,-1
MEM-140-17,,Deputy Chief Clerk/Calendar Clerk,2017-05-08,2017,staff,5.7207556,2.6217957,-1
MEM-139-17,,Professional Staffer Or Counsel,2017-05-08,2017,staff,6.2101765,3.9755735,7
MEM-138-17,,Press Secretary,2017-05-08,2017,staff,-2.8434021,-4.753553,12
MEM-148-16,Congresswoman Eleanor Holmes Norton (DC-00),Staff Assistant,2016-05-16,2016,staff,-2.4071858,8.007024,19
MEM-145-16,Congressman Luke Messer (IN-06),Press Assistant/Staff Assistant,2016-05-09,2016,staff,-3.1111298,-3.541899,12
MEM-144-16,,Legislative Correspondent/Press Assistant,2016-05-09,2016,staff,-0.61620635,5.72109,-1
MEM-143-16,Congresswoman Anna G. Eshoo (CA-18),Communications Director,2016-05-09,2016,staff,-0.8779684,-5.869765,12
MEM-142-16,"Congressman Raul Ruiz, M.D. (CA-36)",Caseworker,2016-05-02,2016,staff,-6.8602023,13.600394,-1
MEM-141-16,,Communications Director,2016-05-02,2016,staff,-1.0616288,-5.5536523,12
MEM-140-16,,Legislative Assistant,2016-05-02,2016,staff,6.463859,7.208428,-1
MEM-130-15,,Press Secretary,2015-05-18,2015,staff,-3.119458,-4.8463707,12
MEM-141-18,,Staff Assistant,2018-05-21,2018,staff,-2.5240953,8.016031,19
MEM-140-18,Congressman Ted Lieu (CA-33),Staff Assistant,2018-05-21,2018,staff,-2.052161,9.135482,17
MEM-139-18,,Legislative Assistant,2018-05-21,2018,staff,4.8999157,6.7094445,10
MEM-138-18,,Press Assistant/Digital Director,2018-05-21,2018,staff,-3.3385708,-3.7655685,12
MEM-136-18,,Digital Strategist,2018-05-21,2018,staff,-4.0178423,-2.7470148,-1
CEC-002-18,,Customer Advocate,2018-05-21,2018,staff,-5.778986,12.595488,-1
MEM-153-17,,Scheduler,2017-05-22,2017,staff,2.2363818,17.705645,20
MEM-152-17,Congressman Al Green (TX-09),Legislative Assistant,2017-05-22,2017,staff,6.593836,6.9719954,-1
MEM-151-17,,Scheduler,2017-05-22,2017,staff,2.295606,17.866474,-1
MEM-150-17,Congresswoman Norton (DC-00),Events Coordinator/Constituent Services Representative,2017-05-22,2017,staff,-5.5606403,12.758194,-1
MEM-154-16,,Military Legislative Assistant,2016-05-23,2016,staff,7.3610826,6.294434,-1
MEM-153-16,,Scheduler/Office Manager,2016-05-23,2016,staff,1.9603655,17.310905,-1
MEM-152-16,,Communications Director,2016-05-23,2016,staff,-2.2630472,-4.3881183,-1
MEM-151-16,,Legislative Correspondent,2016-05-23,2016,staff,-0.514941,5.8520603,-1
MEM-150-16,,Director of Administration,2016-05-23,2016,staff,10.60343,1.2126756,-1
MEM-149-16,,Investigative Counsel,2016-05-23,2016,staff,9.3999,1.7757608,4
MEM-135-15,Congresswoman Tammy Duckworth (IL-08),Legislative Director,2015-05-25,2015,staff,6.713858,8.99877,-1
MEM-133-15,,Legislative Director,2015-05-25,2015,staff,6.8766894,9.054742,13
MEM-132-15,,Communications Director,2015-05-25,2015,staff,-1.5376331,-4.8358526,-1
MEM-146-18,,Staff Assistant,2018-05-29,2018,staff,-1.9089627,7.7566853,-1
MEM-145-18,Representative Tim Walz (MN-01),Staff Assistant,2018-05-29,2018,staff,-1.7940195,7.6616974,-1
MEM-144-18,Congressman Justin Amash (MI-03),Legislative Assistant,2018-05-29,2018,staff,-7.410011,4.380393,3
MEM-143-18,Congressman Justin Amash (MI-03),Executive Assistant,2018-05-29,2018,staff,1.1581786,16.528801,-1
MEM-142-18,Congresswoman Debbie Wasserman Schultz (FL-23),Legislative Assistant,2018-05-29,2018,staff,6.973238,7.79683,-1
MEM-159-16,,Scheduler,2016-05-30,2016,staff,2.3459504,17.780552,20
MEM-157-16,,Staff Assistant/Legislative Correspondent,2016-05-30,2016,staff,-1.0347992,7.122735,19
MEM-156-17,,Communications Director,2017-05-30,2017,staff,-0.968241,-5.4379597,12
MEM-139-15,,Staff Assistant/Legislative Correspondent,2015-06-01,2015,staff,-1.1083896,7.2204437,-1
MEM-138-15,,Legislative Director,2015-06-01,2015,staff,6.9048176,9.0778265,13
MEM-137-15,Congressman John Delaney (MD-06),Legislative Assistant,2015-06-01,2015,staff,7.220598,6.4502163,-1
MEM-136-15,,Research Assistant,2015-06-01,2015,staff,7.5004053,0.9823227,2
MEM-140-15,Congressman Juan Vargas (CA-51),Field Representative/Caseworker,2015-06-08,2015,staff,-6.1413684,13.915338,-1
MEM-156-18,,Press Secretary,2018-06-11,2018,staff,-2.9702244,-4.645925,12
MEM-152-18,,Legislative Assistant,2018-06-05,2018,staff,6.253917,7.396216,-1
MEM-151-18,,Press Secretary,2018-06-05,2018,staff,-2.9223468,-4.649104,12
MEM-168-16,,Scheduler,2016-06-13,2016,staff,1.7538958,17.431408,20
MEM-167-16,,Communications Director,2016-06-13,2016,staff,-0.90493786,-5.453491,12
MEM-166-16,,District Scheduler / Office Manager,2016-06-13,2016,staff,2.0955,16.82032,-1
MEM-164-16,,Legislative Assistant,2016-06-06,2016,staff,6.7853165,6.862494,13
MEM-162-16,Congresswoman Dina Titus (NV-01),Veteran Affairs Caseworker/Field Representative,2016-06-06,2016,staff,-6.3375688,13.6200285,-1
MEM-161-16,,Executive Assistant/Scheduler,2016-06-06,2016,staff,1.4539036,17.045279,-1
MEM-168-17,,Scheduler/Executive Assistant,2017-06-13,2017,staff,1.3154978,16.760468,20
MEM-167-17,,Staff Assistant,2017-06-13,2017,staff,-2.4356432,9.065702,17
MEM-166-17,Representative Tim Walz (MN-01),Staff Assistant,2017-06-13,2017,staff,-1.7743592,7.6650796,-1
MEM-165-17,,Press Secretary,2017-06-13,2017,staff,-2.944469,-4.859511,12
MEM-163-17,Congresswoman Eleanor Holmes Norton (DC-00),Legislative Assistant,2017-06-05,2017,staff,5.5199795,5.703061,13
MEM-162-17,,Scheduler,2017-06-05,2017,staff,2.3744755,17.799072,20
MEM-161-17,,Legislative Assistant,2017-06-05,2017,staff,6.3256497,6.917189,-1
MEM-159-17,,Legislative Assistant,2017-06-05,2017,staff,6.985186,7.3679676,-1
MEM-157-17,Congressman Brendan F. Boyle (PA-13),Communications Assistant,2017-06-05,2017,staff,-2.8152678,-3.7086356,-1
MEM-146-15,,District Office Field Representative/Caseworker,2015-06-15,2015,staff,-6.1248794,13.939481,15
MEM-145-15,,Investigative Counsel,2015-06-15,2015,staff,9.398165,1.7722627,4
MEM-143-15,,Legislative Assistant,2015-06-15,2015,staff,4.906744,6.7145715,10
MEM-141-15,,Legislative Assistant,2015-06-15,2015,staff,6.67786,7.107586,-1
MEM-162-18,,Policy Analyst,2018-06-18,2018,staff,4.9775825,4.5665574,-1
MEM-173-17,Congressman Lloyd Doggett (TX-35),Senior Legislative Aide,2017-06-19,2017,staff,2.1681828,6.505816,9
MEM-172-17,,Health Care Investigator,2017-06-19,2017,staff,7.520064,1.4863827,2
MEM-169-17,,Senior Legislative Assistant,2017-06-19,2017,staff,5.827622,6.966758,-1
MEM-175-16,,Staff Assistant/Legislative Correspondent,2016-06-20,2016,staff,-1.1319132,7.093345,-1
MEM-149-15,,Office Coordinator,2015-06-22,2015,staff,-5.5653887,13.275139,-1
MEM-148-15,Congressman Justin Amash (MI-03),Legislative Assistant,2015-06-22,2015,staff,-7.4100394,4.380407,3
MEM-147-15,,Scheduler,2015-06-22,2015,staff,1.9146156,17.571985,-1
MEM-177-18,,Digital Press Secretary,2018-06-25,2018,staff,-3.9762292,-3.7929978,-1
MEM-174-18,,Digital Press Secretary,2018-06-25,2018,staff,-3.354536,-4.2991886,-1
MEM-173-18,,Caseworker,2018-06-25,2018,staff,-6.7633657,13.691802,15
MEM-169-18,,Policy Advisor,2018-06-25,2018,staff,5.520858,6.770126,-1
MEM-180-17,Congresswoman Alma Adams (NC-12),District Liaison,2017-06-26,2017,staff,-5.771613,13.134301,-1
MEM-176-17,,Legislative Assistant,2017-06-26,2017,staff,6.8696284,7.351287,13
MEM-175-17,,District Director,2017-06-26,2017,staff,-4.1722956,12.627793,-1
MEM-189-16,Congresswoman Louise Slaughter (NY-25),Press Secretary,2016-06-27,2016,staff,-2.4551759,-4.6785135,-1
MEM-184-16,,Legislative Assistant,2016-06-27,2016,staff,6.8288865,6.300792,-1
MEM-183-16,,Staff Assistant/Legislative Correspondent,2016-06-27,2016,staff,-1.0603677,6.9989614,-1
MEM-182-16,,Scheduler,2016-06-27,2016,staff,1.7797098,17.401068,-1
MEM-179-16,Congressman Justin Amash (MI-03),Communications Director,2016-06-27,2016,staff,-1.2613069,-5.7960224,-1
MEM-155-15,,Legislative Assistant,2015-06-29,2015,staff,6.226421,7.05144,-1
MEM-153-15,,Legislative Director,2015-06-29,2015,staff,6.657508,9.090176,13
MEM-151-15,,Legislative Assistant,2015-06-29,2015,staff,6.157921,6.867914,13
MEM-158-17,Congresswoman Carolyn B. Maloney (NY-12),Caseworker/District Representative,2017-06-05,2017,staff,-6.6555834,13.410167,-1
MEM-149-18,Congressman John K. Delaney (MD-06),Staff Assistant,2018-06-05,2018,staff,-1.6797373,7.7545385,19
MEM-163-16,,Press Secretary,2016-06-06,2016,staff,-2.5806715,-4.697315,12
MEM-194-16,,Legislative Assistant,2016-07-04,2016,staff,6.3033404,7.41033,13
MEM-161-15,,Legislative Assistant,2015-07-06,2015,staff,6.2971835,7.1622453,13
MEM-192-17,,Staff Assistant,2017-07-10,2017,staff,-1.9126512,7.5585546,19
MEM-191-17,,Scheduler/Executive Assistant,2017-07-10,2017,staff,1.642147,16.904804,20
LC-001-17,,Legislative Research Analyst I,2017-07-10,2017,staff,5.578459,5.2559977,-1
MEM-188-17,,Systems Manager,2017-07-10,2017,staff,1.9762892,6.2077727,-1
MEM-203-16,,Legislative Correspondent,2016-07-11,2016,staff,-0.6162188,5.88289,-1
MEM-199-16,Congresswoman Ann McLane Kuster (NH-02),Communications & Outreach Coordinator,2016-07-11,2016,staff,-1.4296157,-5.875237,-1
MEM-165-15,Congressman Xavier Becerra (CA-34),Field Deputy,2015-07-13,2015,staff,-6.1575994,14.400434,-1
MEM-163-15,Congressman Keith Ellison (MN-05),Executive Assistant/Office Manager,2015-07-13,2015,staff,1.3972492,16.714687,-1
MEM-306-18,Congresswoman Debbie Wasserman Schultz (FL-23),Legislative Assistant,2018-07-16,2018,staff,6.995605,7.8315005,-1
MEM-209-18,,Staff Assistant,2018-07-16,2018,staff,-2.3114545,7.3415246,19
MEM-204-18,,Events Coordinator/Constituent Liaison,2018-07-16,2018,staff,-5.5541725,12.773137,-1
MEM-193-18,,Communications Director,2018-07-02,2018,staff,-1.1987392,-5.609892,12
MEM-186-18,,Military Legislative Assistant,2018-07-02,2018,staff,7.372054,6.264546,-1
MEM-185-18,,Scheduler/Executive Assistant,2018-07-02,2018,staff,1.526981,16.919134,20
MEM-182-18,Congressman Tom McClintock (CA-04),Legislative Correspondent,2018-07-02,2018,staff,-0.46382442,5.7628403,16
MEM-180-18,Congressman Justin Amash (MI-03),Legislative Assistant,2018-07-02,2018,staff,-7.410048,4.380385,3
MEM-179-18,Congressman Justin Amash (MI-3),Executive Assistant,2018-07-02,2018,staff,1.2264391,16.578693,-1
MEM-208-17,Congressman Darren Soto (FL-09),Field Representative/Military Liaison,2017-07-17,2017,staff,-6.044232,13.859239,-1
MEM-205-17,Congressman Brian Mast (FL-18),Press Assistant/Legislative Correspondent,2017-07-17,2017,staff,-3.3978028,-3.2451494,-1
MEM-203-17,Congressman Al Green (TX-09),Scheduler/Office Manager,2017-07-17,2017,staff,2.168692,16.868122,-1
MEM-200-17,,Staff Assistant,2017-07-17,2017,staff,10.631394,0.92197543,6
MEM-199-17,,Legislative Associate,2017-07-17,2017,staff,-0.6313077,5.586164,16
MEM-212-16,,Staff Assistant,2016-07-18,2016,staff,-1.9825567,7.6916447,19
MEM-209-16,,Communications Director,2016-07-18,2016,staff,-1.131343,-5.397084,12
MEM-175-15,Congressman Keith Ellison (MN-05),Communications Director,2015-07-20,2015,staff,-1.1448249,-5.7353997,-1
MEM-172-15,,Communications Director,2015-07-20,2015,staff,-1.146316,-5.491239,12
MEM-236-18,Congresswoman Frederica S. Wilson (FL-24),Press Assistant,2018-07-23,2018,staff,-3.2092671,-3.3637774,-1
MEM-228-18,,Legislative Assistant,2018-07-23,2018,staff,6.0666666,7.3492017,13
MEM-219-18,,Scheduler/Executive Assistant,2018-07-23,2018,staff,1.5426148,16.864388,20
MEM-243-17,,Legislative Director,2017-07-24,2017,staff,6.7803893,8.915195,13
MEM-235-17,,Deputy Scheduler,2017-07-24,2017,staff,2.0476732,17.478754,-1
MEM-231-17,Congresswoman Debbie Wasserman Schultz (FL-23),Legislative Director/Counsel,2017-07-24,2017,staff,6.937572,7.914419,-1
MEM-223-17,Congressman Paul D. Tonko (NY-20),Congressional Aide,2017-07-24,2017,staff,-1.1612388,7.902578,-1
MEM-217-16,Congresswoman Tulsi Gabbard (HI-02),Military Legislative Assistant,2016-07-25,2016,staff,7.3297563,6.24129,-1
MEM-216-16,Congresswoman Tulsi Gabbard (HI-02),Senior Legislative Assistant,2016-07-25,2016,staff,6.186614,7.062584,-1
MEM-197-15,Congressman Keith Ellison (MN-05),Executive Assistant/Office Manager,2015-07-27,2015,staff,1.3981205,16.731907,-1
MEM-193-15,Congresswoman Jackie Speier (CA-14),Staff Assistant,2015-07-27,2015,staff,-2.0587368,7.9728312,-1
MEM-192-15,,Staff Assistant,2015-07-27,2015,staff,4.7147727,3.2348866,-1
MEM-191-15,,Professional Staff Member,2015-07-27,2015,staff,7.7528124,4.455506,1
MEM-188-15,,Staff Assistant,2015-07-27,2015,staff,10.544806,0.8214765,6
MEM-256-17,,Staff Assistant,2017-07-31,2017,staff,-2.0020614,8.028868,19
MEM-210-15,,Staff Assistant,2015-08-03,2015,staff,-2.171983,9.118874,17
MEM-239-16,,Office Administrator,2016-08-01,2016,staff,5.6015377,5.14539,-1
MEM-238-16,,Legislative Assistant,2016-08-01,2016,staff,6.547012,6.9655976,-1
MEM-234-16,,Field Representative,2016-08-01,2016,staff,-6.101828,13.9411,15
MEM-227-15,,Communications Director,2015-08-10,2015,staff,-1.0847566,-5.3938603,-1
MEM-217-15,,Legislative Correspondent,2015-08-10,2015,staff,-0.61112756,5.8667736,-1
MEM-286-17,Congressman Dave Joyce (OH-14),Communications Director,2017-08-14,2017,staff,-1.2400421,-5.5557017,-1
MEM-284-17,,Communications Director,2017-08-14,2017,staff,-0.77303594,-5.45843,12
MEM-275-17,,Press Secretary,2017-08-14,2017,staff,-3.111157,-4.3434515,12
MEM-274-17,Congressman Jimmy Gomez (CA-34),Field Deputy,2017-08-14,2017,staff,-6.1552377,14.411904,-1
MEM-273-17,Congressman Jimmy Gomez (CA-34),Staff Assistant,2017-08-14,2017,staff,-2.1924496,9.050328,17
MEM-272-17,,Press Secretary,2017-08-07,2017,staff,-2.6688042,-4.864664,12
MEM-271-17,Congressman Brad Sherman (CA-30),Counsel or Legal Fellow,2017-08-07,2017,staff,5.7930856,5.5333734,-1
MEM-267-17,,Press Secretary,2017-08-07,2017,staff,-2.7404397,-4.8479266,12
MEM-266-17,,Communications Director,2017-08-07,2017,staff,-1.1742933,-5.3336325,12
MEM-260-17,Congressman Sean Patrick Maloney (NY-18),Press Secretary And Digital Director,2017-08-07,2017,staff,-3.7482562,-3.9624746,12
MEM-256-16,,District Scheduler/Office Manager,2016-08-15,2016,staff,2.073872,16.776514,-1
MEM-253-16,,Professional Staff Member,2016-08-15,2016,staff,5.900886,3.5079958,12
MEM-244-15,,Staff Assistant,2015-08-17,2015,staff,-1.8476229,7.5295424,19
MEM-267-16,,Press Secretary,2016-08-22,2016,staff,1.8768897,6.0637712,-1
MEM-302-17,Congressman Al Green (TX-09),Staff Assistant,2017-08-22,2017,staff,-1.8045366,7.5324078,-1
MEM-299-17,,Press Secretary,2017-08-22,2017,staff,-2.8640249,-4.793558,-1
MEM-295-17,,Press Secretary/Digital Director,2017-08-22,2017,staff,-3.8038924,-3.9283786,12
MEM-292-17,,Communications Staffer,2017-08-22,2017,staff,-2.248662,-4.492951,-1
MEM-291-17,Congressman Tom McClintock (CA-04),Executive Assistant,2017-08-22,2017,staff,1.5634896,16.67748,-1
MEM-288-17,,Caseworker,2017-08-22,2017,staff,-6.7439013,13.707944,15
MEM-255-15,Congressman Jeff Denham (CA-10),Press Assistant/Legislative Correspondent,2015-08-24,2015,staff,-3.140509,-3.417056,-1
MEM-254-15,,Deputy Press Secretary,2015-08-24,2015,staff,-2.534676,-4.292498,-1
MEM-269-16,Congressman Joaquin Castro (TX-20),Staff Assistant/Caseworker,2016-08-29,2016,staff,-2.1651447,9.005629,-1
MEM-268-16,,Communications Director,2016-08-29,2016,staff,-1.4357146,-5.3188195,12
MEM-264-18,,Policy Advisor,2018-08-06,2018,staff,5.7116237,6.8055873,-1
MEM-263-18,,Press Secretary,2018-08-06,2018,staff,-2.6355414,-4.7897673,12
MEM-250-18,,Military Legislative Assistant,2018-08-06,2018,staff,7.37255,6.2639275,-1
MEM-246-18,,Counsel,2018-08-06,2018,staff,6.5774665,4.2339306,-1
MEM-284-16,,Staff Assistant,2016-09-12,2016,staff,-1.9021655,7.6809883,-1
MEM-274-16,Congresswoman Katherine M. Clark (MA-05),Constituent Service Representative,2016-09-05,2016,staff,-6.197239,13.336988,15
MEM-271-16,,Temporary Staff Assistant,2016-09-05,2016,staff,4.714161,3.1775331,-1
MEM-270-16,,Legislative Assistant,2016-09-05,2016,staff,6.4551444,7.9320917,13
MEM-286-16,,Legislative Assistant,2016-09-19,2016,staff,6.4979215,7.9134316,13
MEM-388-24,Representative Seth Moulton (MA-06),Legislative Correspondent & Communications Assistant,2024-09-30,2024,staff,-0.7395921,6.3502874,-1
MEM-381-24,Congressman Seth Moulton (MA-06),Digital Communications Manager or Director,2024-09-16,2024,staff,-4.035941,-2.8980906,-1
MEM-378-24,Congressman Brad Schneider (IL-10),District Scheduler / Staff Assistant,2024-09-09,2024,staff,1.8460879,17.235369,-1
MEM-377-24,Congresswoman Robin Kelly (IL-02),District Press/Digital Assistant,2024-09-09,2024,staff,-3.343852,-3.2530832,12
MEM-011-22,,Communications Director,2022-01-03,2022,staff,-0.9325734,-5.417786,12
MEM-009-22,Congresswoman Katie Porter (CA-45),Legislative Director,2022-01-03,2022,staff,6.459617,9.307385,-1
MEM-008-22,Congresswoman Sara Jacobs (CA-53),Staff Assistant,2022-01-03,2022,staff,-1.1159317,8.224925,-1
MEM-006-22,Congressman Dan Kildee (MI-05),Staff Assistant,2022-01-03,2022,staff,-1.7117431,7.878788,19
MEM-005-22,,Legislative Director/Economic Policy Advisor,2022-01-03,2022,staff,5.0419135,6.7835927,-1
MEM-004-22,Congresswoman Nanette Diaz Barragán (CA-44),Staff Assistant,2022-01-03,2022,staff,-1.4778192,8.503051,19
MEM-003-22,Congresswoman Nanette Diaz Barragán (CA-44),Press Secretary/Digital Director,2022-01-03,2022,staff,-3.9816422,-3.9821575,12
MEM-002-22,Congresswoman Nanette Diaz Barragán (CA-44),Legislative Assistant/CHC Liaison,2022-01-03,2022,staff,7.170735,6.8870807,-1
MEM-001-22,Congresswoman Nanette Diaz Barragán (CA-44),Communications Director,2022-01-03,2022,staff,-0.71261245,-5.6874657,12
MEM-596-21,Congresswoman Marcy Kaptur (OH-09),Military Legislative Assistant,2022-01-03,2022,staff,7.310402,6.3422513,13
MEM-595-21,Congressman Steven Horsford (NV-04),Legislative Assistant,2021-12-27,2021,staff,6.6138105,7.371025,-1
MEM-594-21,,Field Representative,2021-12-27,2021,staff,-5.9402175,14.226639,-1
MEM-591-21,Congresswoman Diana DeGette (CO-01),Deputy Communications Director/Digital Director,2021-12-27,2021,staff,-3.5845613,-3.789836,12
MEM-586-21,,Professional Staff Or Counsel,2021-12-20,2021,staff,6.1774993,3.9686522,7
MEM-585-21,,Professional Staff Member,2021-12-20,2021,staff,5.939304,3.5384698,12
MEM-583-21,Congresswoman Jahana Hayes (CT-05),Staff Assistant,2021-12-20,2021,staff,-1.7063131,7.8613696,19
MEM-582-21,,Staff Assistant/Full Committee Legislative Coordinator,2021-12-20,2021,staff,4.8500733,2.7988043,-1
MEM-578-21,,Press Secretary,2021-12-20,2021,staff,-3.138825,-4.369301,-1
MEM-577-21,,Deputy Chief/Counsel,2021-12-20,2021,staff,6.1811867,5.429787,-1
MEM-574-21,,Clerk/Special Assistant to the Staff Director,2021-12-13,2021,staff,4.9608974,3.1884847,-1
MEM-571-21,Congressman Jimmy Gomez (CA-34),Field Representative,2021-12-13,2021,staff,-6.1062183,14.176852,-1
MEM-570-21,,Staff Assistant,2021-12-13,2021,staff,-2.3082607,7.5933127,19
MEM-567-21,Congressman C.A. Dutch Ruppersberger (MD-02),Military Legislative Assistant,2021-12-13,2021,staff,7.374269,6.2565455,-1
MEM-565-21,,Assistant Clerk/Security Manager,2021-12-06,2021,staff,5.786827,2.651488,-1
MEM-561-21,,Counsel,2021-12-06,2021,staff,6.771021,3.9218714,-1
MEM-539-21,,Staff Assistant,2021-11-29,2021,staff,-2.3650193,8.380148,-1
MEM-163-21,Congresswoman Abigail Spanberger (VA-07),District Coordinator,2021-05-17,2021,staff,-5.703755,13.384384,-1
MEM-002-21,,Economist,2021-01-05,2021,staff,4.7246623,4.4654346,-1
MEM-001-21,,Counsel Or Professional Staff,2021-01-05,2021,staff,6.96798,3.5119817,-1
MEM-337-20,Congressman Rob Wittman (VA-01),Constituent Services Representative,2021-01-05,2021,staff,-6.1094375,13.238927,-1
MEM-335-20,,Environment Counsel or Professional Staff Member,2020-12-28,2020,staff,6.7823315,3.8898706,7
MEM-334-20,,Counsel,2020-12-28,2020,staff,6.9104676,3.9622836,7
MEM-333-20,,Financial Disclosure Counsel,2020-12-28,2020,staff,13.010974,1.0841503,5
MEM-331-20,,Investigative Counsel,2020-12-28,2020,staff,9.419282,1.7944783,4
MEM-330-20,,Legislative Assistant/Junior Professional Staff Member,2020-12-21,2020,staff,7.135076,7.316435,-1
MEM-327-20,,DC Scheduler,2020-12-21,2020,staff,1.8722793,17.464119,20
MEM-326-20,,Professional Staff Member,2020-12-21,2020,staff,5.8809342,3.4352055,12
MEM-325-20,,Senior Professional Staff Member,2020-12-21,2020,staff,5.9592195,3.5559113,12
MEM-322-20,Congresswoman Abigail Spanberger (VA-07),Press/Digital Assistant,2020-12-14,2020,staff,-3.2855628,-3.3415976,12
MEM-321-20,,Majority Clerk,2020-12-14,2020,staff,5.679677,2.603924,-1
MEM-320-20,,District Representative,2020-12-14,2020,staff,-5.7308707,13.822095,-1
MEM-318-20,,Investigative Counsel,2020-12-14,2020,staff,9.388848,1.7482259,4
MEM-312-20,Congressman Kweisi Mfume (MD-07),Staff Assistant,2020-12-14,2020,staff,-1.6322516,7.8005614,-1
MEM-311-20,Congressman Kweisi Mfume (MD-07),Legislative Correspondent,2020-12-14,2020,staff,5.5872416,7.979955,-1
MEM-310-20,Congressman Kweisi Mfume (MD-07),Legislative Assistant,2020-12-14,2020,staff,5.6815224,7.9125767,-1
MEM-302-20,,Constituent Liaison,2020-12-07,2020,staff,-5.759529,12.832212,11
MEM-206-20,,Research and Data Analyst,2020-07-27,2020,staff,4.5345635,4.0429964,-1
MEM-020-19,,Staff Assistant,2019-01-07,2019,staff,4.742647,3.6761515,-1
MEM-019-19,,Senior Policy Analyst,2019-01-07,2019,staff,4.7139597,4.442224,-1
MEM-018-19,,Press Assistant,2019-01-07,2019,staff,-2.4300127,-4.000355,12
MEM-017-19,,Communications Director,2019-01-07,2019,staff,-1.2494967,-5.195715,-1
MEM-016-19,,Digital Media Manager,2019-01-07,2019,staff,-4.0453577,-2.9153595,-1
MEM-015-19,,Research Assistant,2019-01-07,2019,staff,4.7439575,4.365517,-1
MEM-014-19,,Editor,2019-01-07,2019,staff,-1.3520132,-5.0796523,-1
MEM-013-19,U.S. Congress Joint Economic Committee (Democratic staff),Economist,2019-01-07,2019,staff,4.6976347,4.4478364,-1
MEM-012-19,,Policy Analyst,2019-01-07,2019,staff,4.7416253,4.4748616,-1
MEM-011-19,Congresswoman Diana DeGette (CO-01),District Director,2019-01-07,2019,staff,-4.0895643,12.5296755,11
MEM-009-19,"House Committee on Science, Space, and Technology",Clerk,2019-01-07,2019,staff,5.6812024,2.6889048,12
MEM-007-19,,Press Secretary,2019-01-07,2019,staff,-2.5290241,-4.7526846,12
MEM-006-19,,Senior Health Legislative Assistant,2019-01-07,2019,staff,2.1572418,6.486986,9
MEM-005-19,,Scheduler,2019-01-07,2019,staff,1.808282,17.426138,20
MEM-513-18,Congresswoman-Elect Veronica Escobar (TX-16),Scheduler,2018-12-31,2018,staff,1.5334073,17.63741,-1
MEM-512-18,Congresswoman-Elect Veronica Escobar (TX-16),Staff Assistant,2018-12-31,2018,staff,-1.6574451,7.47703,-1
MEM-511-18,,Legislative Director,2018-12-31,2018,staff,6.799553,9.02941,-1
MEM-510-18,Congressman Ro Khanna (CA-17),Digital Specialist And Press Aide,2018-12-24,2018,staff,-3.7578566,-2.802048,-1
MEM-509-18,,Press/Digital Assistant,2018-12-24,2018,staff,-3.3785655,-3.2667067,12
MEM-508-18,Congresswoman Debbie Wasserman Schultz (FL-23),Digital Director/Washington Press Assistant,2018-12-24,2018,staff,-3.7156427,-3.7586582,12
MEM-507-18,Congresswoman Debbie Wasserman Schultz (FL-23),Legislative Director/Counsel,2018-12-24,2018,staff,6.9596796,7.971367,-1
MEM-506-18,,Professional Staff Member or Counsel,2018-12-24,2018,staff,6.0495925,4.0616775,7
MEM-505-18,,Professional Staff Member Or Counsel,2018-12-24,2018,staff,6.0614705,4.0388455,-1
MEM-504-18,,Events Coordinator/Constituent Liaison,2018-12-24,2018,staff,-5.492077,12.781507,-1
MEM-499-18,,Constituent Service Representative,2018-12-24,2018,staff,-6.22345,13.066781,15
MEM-498-18,,Field Representative,2018-12-24,2018,staff,-6.059751,13.985285,15
MEM-494-18,,District Press Secretary,2018-12-17,2018,staff,-3.0380504,-4.8848915,12
MEM-491-18,,Investigative Counsel,2018-12-17,2018,staff,9.380684,1.7586862,4
MEM-490-18,,Staffer,2018-12-17,2018,staff,4.649919,4.7289896,0
MEM-489-18,Congresswoman Linda Sánchez (CA-38),Caseworker/Field Representative,2018-12-17,2018,staff,-6.1729035,14.086125,-1
MEM-488-18,,Legislative Assistant,2018-12-17,2018,staff,5.94266,7.464231,13
MEM-487-18,,Scheduler/Executive Assistant,2018-12-17,2018,staff,1.5291594,16.838146,20
MEM-484-18,,Legislative Assistant,2018-12-10,2018,staff,6.1159773,7.4103837,-1
MEM-483-18,,Legislative Correspondent,2018-12-10,2018,staff,-0.5038709,5.8590307,-1
MEM-482-18,,Security Manager,2018-12-10,2018,staff,5.8525195,2.705995,-1
MEM-481-18,,Communications Director,2018-12-10,2018,staff,-1.5638169,-4.804812,-1
MEM-465-18,,Legislative Assistant,2018-12-03,2018,staff,6.0335493,7.267003,-1
MEM-460-18,,Press Assistant,2018-12-03,2018,staff,-2.5050485,-3.9597044,12
MEM-459-18,,Press Secretary,2018-12-03,2018,staff,-2.183248,-4.474318,-1
MEM-457-18,,Staff Assistant,2018-12-03,2018,staff,-1.8031839,7.2774644,-1
MEM-456-18,,Deputy Clerk,2018-12-03,2018,staff,5.6752586,2.6091087,-1
MEM-454-18,,Digital Media Manager,2018-12-03,2018,staff,-4.0251656,-2.8809884,-1
MEM-448-18,,Press Secretary,2018-11-27,2018,staff,-2.7082407,-4.872204,12
MEM-443-18,,Climate Change and Environment Legislative Assistant,2018-11-27,2018,staff,7.4009094,7.8776913,-1
MEM-439-18,Congressman Justin Amash (MI),Staff Assistant,2018-11-27,2018,staff,0.98474526,16.296345,-1
MEM-438-18,,Communications Director,2018-11-27,2018,staff,-1.0886967,-6.695728,-1
MEM-437-18,,Legislative Director,2018-11-27,2018,staff,6.493093,9.227876,13
MEM-436-18,,Staff Assistant,2018-11-27,2018,staff,-2.379039,8.936895,17
MEM-430-18,,Communications Director,2018-11-19,2018,staff,-1.0895915,-5.3778477,12
MEM-428-18,,Staffer,2018-11-19,2018,staff,4.6429567,4.743347,0
MEM-422-18,,Legislative Assistant,2018-11-19,2018,staff,4.905432,6.7058887,10
MEM-419-18,,Communications Staff,2018-11-19,2018,staff,-2.1664395,-4.590761,-1
MEM-411-18,,Counsel,2018-11-14,2018,staff,6.8720665,3.953976,7
MEM-405-18,,Economic Policy Staffer,2018-11-14,2018,staff,4.663828,4.6481686,0
MEM-404-18,,Staffer,2018-11-14,2018,staff,4.649601,4.7455235,0
MEM-403-18,,Oversight and Regulatory Counsel,2018-11-14,2018,staff,6.7535233,4.0672483,-1
MEM-402-18,,Policy Director,2018-11-14,2018,staff,4.693798,4.8035417,-1
MEM-015-22,,Digital Director,2022-01-10,2022,staff,-4.295585,-2.8127427,-1
MEM-013-22,Congresswoman Jahana Hayes (CT-05),Scheduler,2022-01-10,2022,staff,2.3711283,17.56771,20
MEM-NV04-DSA-2,,Staff Assistant,2021-11-29,2021,staff,-2.5440354,8.2138195,-1
MEM-009-21,,Professional Staff Member,2021-01-11,2021,staff,7.701176,4.5542965,-1
MEM-008-21,,Legislative Assistant,2021-01-11,2021,staff,6.653749,7.8246083,-1
MEM-007-21,,Staff Assistant,2021-01-11,2021,staff,4.70885,3.1517763,-1
MEM-003-21,,Legislative Assistant,2021-01-11,2021,staff,5.9946175,7.2282205,-1
MEM-013-20,Congresswoman Pramila Jayapal (WA-07),Casework Staff Assistant,2020-01-13,2020,staff,-2.2647927,9.098375,-1
MEM-012-20,,Caucus Assistant,2020-01-13,2020,staff,1.6607827,16.378704,-1
MEM-011-20,Congresswoman Jahana Hayes (CT-05),Press Secretary,2020-01-13,2020,staff,-2.879245,-4.7400255,12
MEM-009-20,Congresswoman Tulsi Gabbard (HI-02),Military Legislative Assistant,2020-01-13,2020,staff,7.366364,6.2409887,-1
MEM-007-20,Congressman Sean Patrick Maloney (NY-18),Legislative Assistant,2020-01-13,2020,staff,6.155806,7.3551407,-1
MEM-006-20,,Deputy Press Secretary,2020-01-13,2020,staff,-2.43494,-4.6307154,-1
MEM-004-20,Congresswoman Pramila Jayapal (WA-07),Digital Strategist,2020-01-13,2020,staff,-3.8686833,-2.674852,12
MEM-003-20,Congressman Jamie Raskin (MD-08),Constituent Services Caseworker,2020-01-13,2020,staff,-6.4725504,12.82121,15
MEM-669-19,Congresswoman Jahana Hayes (CT-05),District Director,2020-01-13,2020,staff,-4.207398,12.637853,11
MEM-664-19,,Staff Assistant,2019-12-23,2019,staff,4.934945,3.6824894,-1
MEM-662-19,,Staff Assistant,2019-12-23,2019,staff,10.814792,1.1085643,6
MEM-512-19,,Legislative Assistant,2019-10-15,2019,staff,6.3668995,7.074568,-1
MEM-428-19,,Senior Staff,2019-09-09,2019,staff,-1.5090884,7.503351,-1
MEM-029-19,,Legislative Director,2019-01-14,2019,staff,6.839591,9.120502,13
MEM-027-19,,Senior Legislative Assistant,2019-01-14,2019,staff,6.011338,6.964922,-1
MEM-025-19,,Investigative Counsel,2019-01-14,2019,staff,9.399841,1.7966911,4
MEM-024-19,,Communications Director,2019-01-14,2019,staff,-1.4552253,-5.2978873,12
MEM-022-19,,Digital Specialist,2019-01-14,2019,staff,-3.893477,-2.9478471,-1
MEM-017-23,Congressman Gabe Vasquez (NM-02),Legislative Aide,2023-01-09,2023,staff,6.7365384,7.5490365,-1
MEM-032-23,Congresswoman Alma Adams (NC-12),District Liaison,2023-01-17,2023,staff,-5.6951127,13.055464,-1
MEM-031-23,,Senior Legislative Assistant and/or Counsel,2023-01-17,2023,staff,5.8261204,5.7705326,13
MEM-030-23,Congresswoman Valerie Foushee (NC-04),Staff Assistant,2023-01-17,2023,staff,-2.0264213,8.42492,-1
MEM-029-23,Congresswoman Andrea Salinas (OR-6),District Scheduler/Press Assistant,2023-01-17,2023,staff,1.5873522,17.47289,-1
MEM-028-23,"Congressman Bill Pascrell, Jr. (NJ-09)",DC Staff Assistant,2023-01-17,2023,staff,-2.3505776,8.071435,-1
MEM-026-23,"Congressman Andy Harris, M.D. (MD-01)",Staff Assistant,2023-01-17,2023,staff,-1.8957529,7.641751,-1
MEM-024-23,,Scheduler,2023-01-17,2023,staff,2.157316,17.401588,-1
MEM-021-23,,Health Policy Advisor,2023-01-17,2023,staff,7.2336526,7.4624505,-1
MEM-020-23,,Press Secretary,2023-01-09,2023,staff,-2.4325767,-4.6234474,-1
MEM-019-23,,Chief Counsel,2023-01-09,2023,staff,6.8909483,3.9254267,7
MEM-018-23,Congresswoman Valerie Foushee (NC-04),Constituent Services Liaison (Caseworker),2023-01-09,2023,staff,-6.3994913,13.567403,15
MEM-016-23,Congressman Ed Case (HI-01),Staff Assistant,2023-01-09,2023,staff,-2.9084346,10.4774065,18
MEM-015-23,Congressman Josh Gottheimer (NJ-05),Director of Operations,2023-01-09,2023,staff,2.6297936,16.977491,-1
MEM-014-23,Congressman Clay Higgins (LA-03),Legislative Director,2023-01-09,2023,staff,6.626024,9.097139,-1
MEM-013-23,,Subcommittee on Health Professional Staff Member,2023-01-09,2023,staff,7.340168,1.3025997,2
MEM-012-23,Congresswoman Jennifer Wexton (VA-10),Constituent Services Representative,2023-01-09,2023,staff,-6.083412,13.128261,-1
MEM-011-23,,Communications Director,2023-01-09,2023,staff,-0.3177469,-4.793286,-1
MEM-009-23,,Legislative Assistant,2023-01-09,2023,staff,6.860642,7.3560915,-1
MEM-404-22,Congressman Ed Case (HI-01),Staff Assistant,2022-08-01,2022,staff,-2.93483,10.486841,18
MEM-007-23,,Benefits Investigator,2023-01-09,2023,staff,7.37242,1.3190117,2
MEM-006-23,,Full Committee General Counsel and Subcommittee on Disability Assistance and Memorial Affairs Professional Staff Member,2023-01-09,2023,staff,7.298309,1.2783368,2
MEM-005-23,,Staff Assistant,2023-01-09,2023,staff,4.819292,2.8296926,-1
MEM-004-23,,Chief Clerk,2023-01-09,2023,staff,5.669603,2.6064916,-1
MEM-002-23,Congresswoman Marcy Kaptur (OH-09),Policy Advisor,2023-01-09,2023,staff,7.295569,7.8308406,-1
MEM-001-23,Congressman Mark Pocan (WI-02),Senior Legislative Assistant,2023-01-09,2023,staff,5.824026,7.0901804,13
MEM-626-22,,Investigative Counsel,2023-01-09,2023,staff,9.410043,1.7950273,4
MEM-625-22,,Staff Assistant,2023-01-09,2023,staff,10.811695,1.13739,6
MEM-620-22,,Communications Director,2022-12-26,2022,staff,-0.42821985,-5.273389,-1
MEM-619-22,,Executive Director,2022-12-26,2022,staff,-0.36409014,-5.069061,-1
MEM-617-22,,Professional Staff Member,2022-12-26,2022,staff,7.394598,1.3227893,2
MEM-616-22,,Professional Staff Member and Investigator,2022-12-26,2022,staff,7.41471,1.4004414,2
MEM-615-22,Congresswoman Dina Titus (NV-01),Scheduler/Executive Assistant,2022-12-26,2022,staff,1.288467,16.977581,20
MEM-613-22,,Committee Clerk,2022-12-26,2022,staff,5.6728187,2.6434321,12
MEM-612-22,,Committee Clerk,2022-12-26,2022,staff,5.6642213,2.5951877,-1
MEM-611-22,,Committee Clerk,2022-12-19,2022,staff,5.679048,2.6176426,-1
MEM-610-22,,Staff Assistant,2022-12-19,2022,staff,4.857838,3.5779948,-1
MEM-609-22,,Research Assistant,2022-12-19,2022,staff,7.4717183,0.9945705,-1
MEM-608-22,,Office Manager,2022-12-19,2022,staff,5.797711,2.6390665,-1
MEM-607-22,Congresswoman Kim Schrier (WA-08),Outreach Representative,2022-12-19,2022,staff,-5.1648345,13.702057,-1
MEM-604-22,Congresswoman Pramila Jayapal (WA-07),Communications Director,2022-12-19,2022,staff,-0.21237138,-5.992488,12
MEM-582-22,Congresswoman Michelle Steel (CA-45),Field Representative,2022-12-05,2022,staff,-5.9582877,14.238182,-1
MEM-017-21,Congresswoman Chrissy Houlahan (PA-06),Staff Assistant/Office Manager,2021-01-18,2021,staff,-1.5996209,7.671617,-1
MEM-016-21,Congresswoman Chrissy Houlahan (PA-06),Scheduler,2021-01-18,2021,staff,2.331473,17.605713,-1
MEM-012-21,,Executive Director,2021-01-18,2021,staff,-0.32419738,-4.787592,-1
MEM-011-21,Congressman Dwight Evans (PA-03),Legislative Director,2021-01-18,2021,staff,6.684309,9.077028,-1
MEM-010-21,,Staff Assistant,2021-01-18,2021,staff,4.6999626,3.0710728,14
MEM-043-19,,Staff Assistant,2019-01-21,2019,staff,4.8410654,2.8201776,-1
MEM-042-19,Congressman Ed Case (HI-01),Staff Assistant,2019-01-21,2019,staff,-2.8947408,10.428942,18
MEM-039-19,Congresswoman Sylvia R. Garcia (TX-29),Communications Director,2019-01-21,2019,staff,-0.50239915,-5.57163,12
MEM-038-19,,Legislative Aide,2019-01-21,2019,staff,6.413046,6.895537,-1
MEM-037-19,,Communications Director,2019-01-21,2019,staff,-1.3488206,-5.6834035,12
MEM-036-19,,Senior Legislative Assistant Or Legislative Director,2019-01-21,2019,staff,4.973816,6.722054,10
MEM-035-19,,Communications Director,2019-01-21,2019,staff,-1.4368747,-5.3055882,12
MEM-015-20,Congressman Justin Amash (MI-03),Legislative Counsel,2020-01-21,2020,staff,-7.410072,4.3803744,3
MEM-043-23,,Legislative Director,2023-01-23,2023,staff,6.9662733,8.635668,-1
MEM-042-23,Congressman David Trone (MD-06),Constituent Service Representative,2023-01-23,2023,staff,-6.2805133,12.925721,15
MEM-041-23,,Legislative Assistant,2023-01-23,2023,staff,2.143006,6.469959,9
MEM-040-23,Congresswoman Lisa Blunt Rochester (DE-At Large),Scheduler,2023-01-23,2023,staff,2.0988562,17.364437,20
MEM-038-23,Congressman Dean Phillips (MN-03),Staff Assistant / Executive Assistant,2023-01-23,2023,staff,-1.6651497,7.7347536,-1
MEM-037-23,Congresswoman Mary Miller (IL-15),Legislative Assistant,2023-01-23,2023,staff,6.6659503,7.9554524,-1
MEM-022-21,,Professional Staff Member,2021-01-25,2021,staff,5.9191084,3.4905298,12
MEM-021-21,,Counsel,2021-01-25,2021,staff,6.081237,3.8842435,-1
MEM-018-21,,Policy Advisor,2021-01-25,2021,staff,5.7276225,6.7968946,-1
MEM-025-20,Congressman Joe Cunningham (SC-01),Legislative Director,2020-01-27,2020,staff,6.756458,8.906131,-1
MEM-023-20,Congresswoman Suzan DelBene (WA-1),Communications Director,2020-01-27,2020,staff,-1.3470954,-5.5686474,12
MEM-019-20,Congresswoman Abigail Spanberger (VA-7),DC Scheduler/Operations Coordinator,2020-01-27,2020,staff,2.263472,17.406422,20
MEM-052-19,,Staff Assistant,2019-01-28,2019,staff,4.7547398,3.4243286,-1
MEM-049-19,,Military Legislative Assistant,2019-01-28,2019,staff,7.305729,6.3748384,-1
MEM-048-19,Congresswoman Sylvia R. Garcia (TX-29),Legislative Director,2019-01-28,2019,staff,6.4827504,9.217281,-1
MEM-046-19,,Press/Digital Assistant,2019-01-28,2019,staff,-3.3254395,-3.317321,12
MEM-058-23,Congresswoman Alma S. Adams (NC-12),Legislative Assistant,2023-01-30,2023,staff,6.742833,8.124568,-1
MEM-056-23,Congressman Mark Pocan (WI-02),Scheduler,2023-01-30,2023,staff,2.3654552,17.504917,20
MEM-055-23,Congressman Kevin Mullin (CA-15),Legislative Director,2023-01-30,2023,staff,6.568926,9.16555,-1
MEM-052-23,,Investigative Counsel,2023-01-30,2023,staff,9.416192,1.8035833,4
MEM-051-23,,Financial Disclosure Counsel,2023-01-30,2023,staff,13.011626,1.084626,5
MEM-050-23,Congresswoman Lisa Blunt Rochester (DE-At Large),Legislative Assistant,2023-01-30,2023,staff,7.3786907,7.9172635,-1
MEM-048-23,Congressman Gabe Vasquez (NM-02),Legislative Assistant,2023-01-30,2023,staff,6.877998,7.1675587,-1
MEM-045-23,Congresswoman Summer Lee (PA-12),Digital/Press Associate,2023-01-30,2023,staff,-3.53055,-3.1234922,12
MEM-046-22,Congressman Jim Costa (CA-16),Legislative Aide,2022-01-31,2022,staff,6.755218,6.962996,-1
MEM-045-22,,Legislative Assistant,2022-01-31,2022,staff,5.5242333,5.713305,13
MEM-044-22,,Press Secretary / Deputy Communications Director,2022-01-31,2022,staff,-2.5191145,-4.6767244,-1
MEM-042-22,House Select Subcommittee on the Coronavirus Crisis,Communications Director,2022-01-31,2022,staff,-1.1726708,-6.3442936,12
MEM-041-22,,Scheduler,2022-01-31,2022,staff,2.2361693,17.905695,-1
MEM-040-22,,Director of Outreach and Community Engagement,2022-01-31,2022,staff,-4.301867,12.767707,-1
MEM-039-22,,Professional Staff Member,2022-01-31,2022,staff,7.7096715,4.565505,-1
MEM-038-22,,Labor Policy Director,2022-01-31,2022,staff,7.7745094,4.448914,-1
MEM-037-22,,Workforce Development Professional Staff,2022-01-31,2022,staff,7.70655,4.5458245,-1
MEM-036-22,,Labor Counsel,2022-01-31,2022,staff,7.7875133,4.3962884,-1
MEM-033-22,,Temporary Staff Associate,2022-01-31,2022,staff,6.908205,6.351213,-1
MEM-031-22,,Communications Director,2022-01-31,2022,staff,-0.7170182,-5.5384107,12
MEM-028-22,,Staff Assistant,2022-01-31,2022,staff,-1.7924057,7.9670324,19
MEM-027-22,,Scheduler/Office Manager,2022-01-31,2022,staff,2.1877685,16.84339,20
MEM-025-22,Congresswoman Grace F. Napolitano (CA-32),Staff Assistant/Legislative Correspondent,2022-01-31,2022,staff,-1.0106139,7.0450773,19
MEM-021-22,Representative Tom Suozzi (NY-03),Legislative Correspondent/Legislative Aide,2022-01-31,2022,staff,-0.60086375,5.955824,-1
MEM-019-22,Congresswoman Pramila Jayapal (WA-07),Communications Director,2022-01-31,2022,staff,-0.22698532,-6.0007133,12
MEM-018-22,Congressman Jimmy Panetta (CA-20),Legislative Assistant,2022-01-31,2022,staff,6.8094463,7.432528,-1
MEM-017-22,Congressman Brad Sherman (CA-30),Field Deputy,2022-01-31,2022,staff,-6.216657,14.396543,-1
MEM-016-22,Congressman Ed Case (HI-01),Scheduler/Administrative Assistant,2022-01-31,2022,staff,-2.891247,10.570408,18
MEM-029-21,,Staff Director,2021-02-01,2021,staff,6.259402,3.8263018,-1
MEM-027-21,Congresswoman Lisa Blunt Rochester (DE-00),Grants & Projects Specialist,2021-02-01,2021,staff,-4.6015005,13.717239,-1
MEM-026-21,,Research Assistant,2021-02-01,2021,staff,7.481562,0.9844017,2
MEM-025-21,Congressman Jerry McNerney (CA-09),Policy Advisor,2021-02-01,2021,staff,7.327868,7.9017816,-1
MEM-024-21,Congresswoman Frederica S. Wilson (FL-24),Legislative Director,2021-02-01,2021,staff,7.0705957,9.062464,-1
MEM-035-20,Congressman Greg Steube (FL-17),Field Representative,2020-02-03,2020,staff,-5.9553022,14.195968,-1
MEM-034-20,Congressman Steven Horsford (NV-04),District Director,2020-02-03,2020,staff,-4.2117004,12.642556,-1
MEM-032-20,Congresswoman Abby Finkenauer (IA-01),Communications Director,2020-02-03,2020,staff,-1.0122727,-6.117551,-1
MEM-030-20,Congressman John Garamendi (CA-03),District Representative,2020-02-03,2020,staff,-5.6991706,13.917685,-1
MEM-067-19,,Scheduler/Executive Assistant,2019-02-04,2019,staff,1.3219781,16.757877,20
MEM-066-19,,Special Assistant,2019-02-04,2019,staff,-1.276484,8.387064,-1
MEM-065-19,Congresswoman Diana DeGette (CO-01),Communications Assistant,2019-02-04,2019,staff,-3.393637,-3.769508,12
MEM-064-19,,Staff Associate,2019-02-04,2019,staff,6.899275,6.2845316,-1
MEM-062-19,Congressman G. K. Butterfield (NC-01),Outreach and Constituent Services Representative,2019-02-04,2019,staff,-6.0282526,13.272074,-1
MEM-061-19,Congressman G. K. Butterfield (NC),Digital Media Assistant,2019-02-04,2019,staff,-3.8044698,-2.8367527,-1
MEM-060-19,Congressman G. K. Butterfield (NC),Legislative Correspondent,2019-02-04,2019,staff,-0.6191822,6.0447917,-1
MEM-059-19,,Staff Assistant,2019-02-04,2019,staff,-1.7187123,7.533224,-1
MEM-058-19,,Communications Director,2019-02-04,2019,staff,-1.2518269,-5.720169,12
MEM-057-19,,Outreach Representative,2019-02-04,2019,staff,-5.2085958,13.616714,-1
MEM-056-19,,Constituent Services Representative,2019-02-04,2019,staff,-6.174979,13.155434,-1
MEM-055-19,,Legislative Assistant,2019-02-04,2019,staff,6.1388693,7.3554993,-1
MEM-054-19,,Staff Assistant,2019-02-04,2019,staff,-2.478323,9.095224,-1
MEM-056-22,Congresswoman Dina Titus (NV-01),Staff Assistant,2022-02-07,2022,staff,-2.4502978,8.255571,-1
MEM-055-22,,Advice and Education Counsel,2022-02-07,2022,staff,11.24535,2.45718,5
MEM-053-22,Representative Emanuel Cleaver (MO-05),Legislative Correspondent / Staff Assistant,2022-02-07,2022,staff,-0.8172405,6.799107,-1
MEM-052-22,Congressman Emanuel Cleaver (MO-05),Legislative Assistant,2022-02-07,2022,staff,6.255388,7.264608,-1
MEM-051-22,Congressman Seth Moulton (MA-06),Special Assistant and Driver,2022-02-07,2022,staff,-1.1048387,8.667352,-1
MEM-050-22,Congressman McEachin (VA-04),District Representative,2022-02-07,2022,staff,-5.908396,13.493034,-1
MEM-049-22,,Legislative Assistant,2022-02-07,2022,staff,6.3330464,7.144545,-1
MEM-048-22,Congresswoman Nanette Diaz Barragán (CA-44),Chief Operations Director,2022-02-07,2022,staff,5.8236136,9.26875,-1
MEM-036-21,,Staff Assistant,2021-02-08,2021,staff,5.133772,3.4927402,-1
MEM-035-21,Congressman Mark DeSaulnier (CA-11),Legislative Assistant,2021-02-08,2021,staff,6.2609515,7.0106797,13
MEM-034-21,,Staff Assistant,2021-02-08,2021,staff,-1.5615609,7.5961123,19
MEM-033-21,Congressman Sean Patrick Maloney (NY-18),Communications Director,2021-02-08,2021,staff,-1.0647296,-6.13887,-1
MEM-032-21,,Professional Staff Member,2021-02-08,2021,staff,6.1262207,4.0920877,-1
MEM-049-20,,Legislative Correspondent,2020-02-10,2020,staff,-0.65267533,5.9368224,-1
MEM-045-20,Congressman Tom Malinowski (NJ-07),Caseworker,2020-02-10,2020,staff,-6.821879,13.410928,-1
MEM-043-20,Congressman Tom Malinowski (NJ-07),Communications/Digital Assistant,2020-02-10,2020,staff,-3.6504667,-2.9534917,12
MEM-031-20,Congressman John Garamendi (CA-03),District Representative,2020-02-10,2020,staff,-5.6503677,13.898214,-1
MEM-085-19,,Legislative Assistant,2019-02-11,2019,staff,6.0036216,7.304908,-1
MEM-084-19,,District Office Manager,2019-02-11,2019,staff,-4.1397076,12.583262,-1
MEM-083-19,,Executive Assistant,2019-02-11,2019,staff,1.306737,16.687355,20
MEM-082-19,,Press Secretary,2019-02-11,2019,staff,-2.4012775,-4.3902864,12
MEM-081-19,Congresswoman Lisa Blunt Rochester (DE-At Large),Legislative Director,2019-02-11,2019,staff,7.166516,8.410794,-1
MEM-079-19,Congressman Tom Malinowski (NJ-07),Scheduler/Executive Assistant,2019-02-11,2019,staff,1.3325609,16.760273,20
MEM-078-19,,Staff Assistant,2019-02-11,2019,staff,4.7002487,3.070519,14
MEM-077-19,,Policy Analyst,2019-02-11,2019,staff,5.579697,4.0621133,-1
MEM-076-19,,Staff Assistant/Legislative Correspondent,2019-02-11,2019,staff,-0.97565603,6.9723973,19
MEM-072-19,Congressman Ruppersberger (MD-02),Staff Assistant,2019-02-11,2019,staff,-2.483534,9.101212,-1
MEM-070-19,Congressman Tom Malinowski (NJ-07),Legislative Assistant,2019-02-11,2019,staff,6.1043763,6.89675,-1
MEM-069-19,,Subcommittee Staff Director,2019-02-11,2019,staff,6.4968143,3.8402064,-1
MEM-066-22,,Digital Media Manager,2022-02-14,2022,staff,-3.9496603,-2.912502,-1
MEM-065-22,,Parliamentarian,2022-02-14,2022,staff,5.0091233,3.762294,-1
MEM-064-22,Congresswoman Marilyn Strickland (WA-10),Communications/Grants Coordinator,2022-02-14,2022,staff,-4.6044145,13.739393,-1
MEM-058-22,Congresswoman Marilyn Strickland (WA-10),Staff Assistant/Press Assistant,2022-02-14,2022,staff,-2.6795802,-2.7886403,-1
MEM-100-19,Congresswoman Sylvia R. Garcia (TX-29),Counsel,2019-02-18,2019,staff,6.155449,5.7512727,-1
MEM-097-19,Congressman Denny Heck (WA-10),Communications Director,2019-02-18,2019,staff,-1.3600501,-5.764314,12
MEM-095-19,,Staff Assistant,2019-02-18,2019,staff,-1.8497454,7.443609,-1
MEM-092-19,Congresswoman Eleanor Holmes Norton (DC-00),Legislative Correspondent,2019-02-18,2019,staff,-0.613552,5.7036304,16
MEM-090-19,,Deputy Press Secretary/Digital Strategist,2019-02-18,2019,staff,-3.6756544,-3.9730558,-1
MEM-064-20,Congressman John P. Sarbanes (MD-03),Legislative Assistant,2020-02-18,2020,staff,7.0839925,7.4680753,-1
MEM-063-20,,Legislative Correspondent,2020-02-18,2020,staff,-0.67617184,5.96762,-1
MEM-059-20,,Counsel,2020-02-18,2020,staff,6.322392,5.162019,-1
MEM-058-20,Congressman Andy Kim (NJ-03),Caseworker/Field Representative,2020-02-18,2020,staff,-6.4943247,13.28431,-1
MEM-057-20,Congressman Andy Kim (NJ-03),Caseworker/Field Representative,2020-02-18,2020,staff,-6.48049,13.253299,-1
MEM-056-20,Congressman Sean Patrick Maloney (NY-18),Scheduler,2020-02-18,2020,staff,2.3039732,17.703556,20
MEM-055-20,,Press Assistant,2020-02-18,2020,staff,-2.912895,-3.9771457,12
MEM-054-20,Congresswoman Lauren Underwood (IL-14),Legislative Correspondent,2020-02-18,2020,staff,-0.5814979,6.0425997,-1
MEM-053-20,Congresswoman Lauren Underwood (IL-14),Outreach Coordinator,2020-02-18,2020,staff,-5.068982,13.692111,-1
MEM-052-20,,Advice and Education Counsel,2020-02-18,2020,staff,11.245658,2.4572062,5
MEM-051-20,,Scheduler,2020-02-18,2020,staff,2.292154,17.652386,20
MEM-048-21,Congressman Kurt Schrader (OR-5),District Scheduler and Office Manager,2021-02-22,2021,staff,2.0620558,17.092552,-1
MEM-047-21,Congressman Kurt Schrader (OR-5),District Representative,2021-02-22,2021,staff,-5.6975136,13.850778,-1
MEM-042-21,Congresswoman Frederica S. Wilson (FL-24),Legislative Director,2021-02-22,2021,staff,7.079529,9.068908,-1
MEM-082-22,,Staff Assistant,2022-02-22,2022,staff,10.819981,1.1399056,6
MEM-081-22,Congresswoman Chrissy Houlahan (PA-06),Senior Legislative Assistant,2022-02-22,2022,staff,5.761223,7.436903,-1
MEM-080-22,,Communications Director,2022-02-22,2022,staff,-0.48249322,-4.90257,12
MEM-079-22,Representative Judy Chu (CA-27),Legislative Assistant,2022-02-22,2022,staff,6.4834046,7.047582,-1
MEM-075-22,Congressman David Trone (MD-06),District Staff Member,2022-02-22,2022,staff,-6.2550983,12.937093,15
MEM-074-22,Congresswoman Chrissy Houlahan (PA-06),Deputy District Director,2022-02-22,2022,staff,-4.303303,12.690824,-1
MEM-071-22,Congressman Seth Moulton (MA-06),Defense & Foreign Policy Advisor,2022-02-22,2022,staff,7.2382526,6.142246,-1
MEM-070-22,"Congresswoman Alma S. Adams, Ph.D. (NC-12)",Legislative Assistant,2022-02-22,2022,staff,6.757283,8.204457,-1
MEM-069-22,Congressman Steven Horsford (NV-04),Press Media Secretary,2022-02-22,2022,staff,-3.8006458,-3.8574867,12
MEM-068-22,,Professional Staff Member - Nutrition,2022-02-22,2022,staff,7.689913,4.5811863,-1
MEM-073-20,,Digital Director,2020-02-24,2020,staff,-4.3324704,-2.8198097,12
MEM-066-20,Congresswoman Abby Finkenauer (IA-01),Scheduler,2020-02-24,2020,staff,2.2763588,17.594057,-1
MEM-109-19,Congressman Donald McEachin (VA-04),Communications Director,2019-02-25,2019,staff,-1.4090872,-5.8671217,12
MEM-108-19,Congressman David Trone (MD-06),District Staff Member,2019-02-25,2019,staff,-6.2521267,12.929563,15
MEM-104-19,Congressman Lloyd Doggett (TX-35),Senior Health Legislative Assistant,2019-02-25,2019,staff,2.149634,6.476429,9
MEM-103-19,Congressman Lloyd Doggett (TX-35),Staff Assistant,2019-02-25,2019,staff,1.8306712,6.369729,-1
MEM-102-19,,Policy Analyst/Clerk,2019-02-25,2019,staff,5.440068,3.8341377,-1
MEM-091-22,,Staff Assistant,2022-02-28,2022,staff,4.755644,3.1383932,14
MEM-065-21,,Communications Director,2021-03-01,2021,staff,-0.48838773,-4.904661,12
MEM-064-21,,Constituent Services Coordinator,2021-03-01,2021,staff,-6.2320185,13.375806,-1
MEM-062-21,Congressman Jerrold Nadler (NY-10),Legislative Assistant,2021-03-01,2021,staff,6.1610203,6.4243355,-1
MEM-059-21,,Legislative Counsel,2021-03-01,2021,staff,6.166483,5.716202,-1
MEM-058-21,,Digital Director,2021-03-01,2021,staff,-4.3189597,-2.7762158,-1
MEM-057-21,Congresswoman Nydia Velázquez (NY-07),Staff and Press Assistant,2021-03-01,2021,staff,-2.7662964,-2.9259887,-1
MEM-055-21,,Legislative Correspondent/Digital Assistant,2021-03-01,2021,staff,-0.6722837,5.5398164,16
MEM-054-21,Congresswoman Lisa Blunt Rochester (DE-00),State Director,2021-03-01,2021,staff,-4.15131,12.599231,-1
MEM-050-21,House Committee on Small Business,General Counsel,2021-03-01,2021,staff,6.006024,4.9329057,-1
MEM-049-21,Congresswoman Eddie Bernice Johnson (TX-30),Communications Director,2021-03-01,2021,staff,-1.131459,-6.452268,12
MEM-086-20,,Junior Professional Staff Member,2020-03-02,2020,staff,6.014458,4.0721936,7
MEM-084-20,,Professional Staff/Counsel,2020-03-02,2020,staff,6.185198,4.5358243,-1
MEM-082-20,,Communications Director,2020-03-02,2020,staff,-1.3092272,-5.6621466,12
MEM-079-20,,District Director,2020-03-02,2020,staff,-4.13828,12.595559,11
MEM-076-20,Congresswoman Jahana Hayes (CT-05),Press Secretary,2020-03-02,2020,staff,-2.8370414,-4.7867584,12
MEM-121-19,Congresswoman Tulsi Gabbard (HI-02),Press Secretary,2019-03-04,2019,staff,-1.800882,-5.63504,12
MEM-119-19,Congressman Paul Cook (CA-08),Scheduler,2019-03-04,2019,staff,1.8521968,17.683924,20
MEM-116-19,Congressman G. K. Butterfield (NC-01),Communications Director,2019-03-04,2019,staff,-0.8254765,-6.0797763,12
MEM-113-19,Congresswoman Lauren Underwood (IL-14),District Director,2019-03-04,2019,staff,-4.1051393,12.604853,11
MEM-112-19,Congresswoman Tulsi Gabbard (HI-02),Deputy Chief of Staff,2019-03-04,2019,staff,5.857866,9.197193,-1
MEM-111-19,,Communications Director,2019-03-04,2019,staff,-1.1741891,-5.206931,12
MEM-111-22,,District Director,2022-03-07,2022,staff,-4.1108775,12.554606,11
MEM-109-22,Congressman Ed Case (HI-01),Scheduler/Administrative Assistant,2022-03-07,2022,staff,-2.921855,10.510566,18
MEM-108-22,Congressman Derek Kilmer (WA-06),Legislative Assistant,2022-03-07,2022,staff,7.1756406,7.768857,-1
MEM-105-22,,Staff Assistant,2022-03-07,2022,staff,-1.4723748,8.25165,-1
MEM-102-22,,Scheduler/Office Manager,2022-03-07,2022,staff,2.1967382,16.865557,20
MEM-101-22,,Deputy Chief of Staff,2022-03-07,2022,staff,5.9527082,9.239986,-1
MEM-100-22,,Press Secretary/Digital Director,2022-03-07,2022,staff,-3.328106,-4.0182896,12
MEM-098-22,Congressman Tom Malinowski (NJ-07),Constituent Services Representative,2022-03-07,2022,staff,-6.58143,13.244813,-1
MEM-097-22,Congressman Tony Cárdenas (CA-29),Press Assistant/Digital Manager,2022-03-07,2022,staff,-3.485613,-3.1439066,12
MEM-071-21,,Communications Director,2021-03-08,2021,staff,-1.062751,-5.788124,-1
MEM-070-21,,District Office Caseworker,2021-03-08,2021,staff,-6.6512485,13.672039,15
MEM-068-21,"Congressman Frank Pallone, Jr. (NJ-06)",Staff Assistant / District Field Representative,2021-03-08,2021,staff,-4.953702,13.123738,-1
MEM-106-20,Congressman Jim Baird (IN-04),Staff Assistant,2020-03-09,2020,staff,-2.3728755,8.904872,-1
MEM-105-20,,District Director,2020-03-09,2020,staff,-4.1607513,12.600721,11
MEM-094-20,,Legislative Assistant,2020-03-09,2020,staff,6.0906196,7.3824387,13
MEM-093-20,,Legislative Director,2020-03-09,2020,staff,6.741564,9.178214,-1
MEM-131-19,Congresswoman Pramila Jayapal (WA-07),Scheduler,2019-03-11,2019,staff,2.3803077,17.39535,20
MEM-129-19,,Legislative Assistant,2019-03-11,2019,staff,6.796166,7.1590447,13
MEM-128-19,Congressman Frank Pallone (NJ-06),Communications Director,2019-03-11,2019,staff,-1.3740029,-5.706039,12
MEM-127-19,Congressman Bill Posey (FL-08),Scheduler/Executive Assistant,2019-03-11,2019,staff,1.6795901,17.078995,-1
MEM-126-19,Congresswoman Lisa Blunt Rochester (DE-At Large),Legislative Assistant,2019-03-11,2019,staff,7.3353057,8.0532,-1
MEM-123-19,,Legislative Assistant,2019-03-11,2019,staff,6.817279,7.399694,13
MEM-146-22,Congresswoman Judy Chu (CA-27),Scheduler,2022-03-14,2022,staff,2.1853373,17.454723,20
MEM-140-22,Congresswoman Elissa Slotkin (MI-08),Legislative Correspondent,2022-03-14,2022,staff,-0.6880358,6.234131,-1
MEM-139-22,Congresswoman Mary Gay Scanlon (PA-05),Scheduler/Director of Scheduling,2022-03-14,2022,staff,2.3700318,17.57197,-1
MEM-134-22,Congresswoman Nanette Diaz Barragán (CA-44),Press Secretary/Digital Director,2022-03-14,2022,staff,-3.98298,-3.994606,12
MEM-133-22,Congresswoman Nanette Diaz Barragán (CA-44),Legislative Assistant/CHC Liaison,2022-03-14,2022,staff,7.1597166,6.9006333,-1
MEM-132-22,Congresswoman Nanette Diaz Barragán (CA-44),Communications Director,2022-03-14,2022,staff,-0.6361289,-5.624324,12
MEM-131-22,Congresswoman Nanette Diaz Barragán (CA-44),Scheduler,2022-03-14,2022,staff,1.5574911,17.632437,20
MEM-127-22,Congressman Dan Kildee (MI-05),Legislative Assistant,2022-03-14,2022,staff,5.923004,7.8369517,13
MEM-118-22,Congresswoman Dina Titus (NV-01),Communications Director,2022-03-14,2022,staff,-0.53379375,-5.995334,12
MEM-115-22,Congresswoman Sara Jacobs (CA-53),Body Person/District Scheduler,2022-03-14,2022,staff,1.3629172,17.38347,-1
MEM-079-21,Congresswoman Brenda L. Lawrence (MI-14),Staff/Press Assistant,2021-03-15,2021,staff,-2.6293945,-2.8056195,-1
MEM-078-21,,Scheduler,2021-03-15,2021,staff,2.3404362,17.794928,20
MEM-077-21,Congressman Mondaire Jones (NY-17),Legislative Director,2021-03-15,2021,staff,7.05663,9.034641,-1
MEM-076-21,,Economist,2021-03-15,2021,staff,4.705183,4.4563403,-1
MEM-075-21,,Professional Staff Member,2021-03-15,2021,staff,7.711189,4.5073476,-1
MEM-074-21,,Legislative Counsel,2021-03-15,2021,staff,6.116899,5.736263,-1
MEM-073-21,,General Counsel,2021-03-15,2021,staff,6.017338,4.895641,-1
MEM-122-20,,Press Assistant,2020-03-16,2020,staff,-3.195217,-3.4539285,12
MEM-121-20,Congresswoman Nanette Barragán (CA-44),Legislative Correspondent/Special Assistant,2020-03-16,2020,staff,-0.680243,6.065303,-1
MEM-113-20,,Staff Assistant,2020-03-16,2020,staff,10.821954,1.1429116,6
MEM-112-20,Congressman Justin Amash (MI-03),Legislative Counsel,2020-03-16,2020,staff,-7.4100723,4.3803906,3
MEM-109-20,,Staff Assistant,2020-03-16,2020,staff,-1.8854977,8.0059595,19
MEM-143-19,Congressman Jim McGovern (MA-02),District Representative,2019-03-18,2019,staff,-5.6274095,13.545328,-1
MEM-142-19,,Legislative Assistant,2019-03-18,2019,staff,5.5363383,5.7204776,13
MEM-136-19,,Legislative Assistant,2019-03-18,2019,staff,6.010578,7.4121547,-1
MEM-135-19,,Legislative Director Or Senior Legislative Assistant,2019-03-18,2019,staff,4.986417,6.7180657,10
MEM-134-19,,Professional Staff Member,2019-03-18,2019,staff,5.89508,3.502054,12
MEM-133-19,,Environmental Counsel/Professional Staff Member,2019-03-18,2019,staff,6.023964,3.7433481,-1
MEM-132-19,Congresswoman Yvette D. Clarke (NY-09),Communications Director,2019-03-18,2019,staff,-1.4351792,-5.884893,12
MEM-165-22,,Senior Counsel,2022-03-21,2022,staff,6.8740444,3.95913,7
MEM-164-22,,Counsel,2022-03-21,2022,staff,6.8942766,3.9529872,7
MEM-163-22,Congressman Tony Cárdenas (CA-29),Press Assistant/Digital Manager,2022-03-21,2022,staff,-3.5259764,-3.1543055,12
MEM-162-22,Representative Mike Levin (CA-49),Staff Assistant,2022-03-21,2022,staff,-1.7049532,8.091709,-1
MEM-161-22,,Legislative Counsel,2022-03-21,2022,staff,6.149446,5.664683,-1
MEM-160-22,,District Director,2022-03-21,2022,staff,-4.143302,12.584681,11
MEM-158-22,Congresswoman Jahana Hayes (CT-05),Legislative Assistant,2022-03-21,2022,staff,5.9884186,7.343719,-1
MEM-157-22,Congressman Wittman (VA-01),Director of Operations and Scheduler,2022-03-21,2022,staff,2.5987492,16.916,-1
MEM-155-22,Congressman Emanuel Cleaver (MO-05),Scheduler,2022-03-21,2022,staff,2.3668802,17.453125,20
MEM-154-22,Congresswoman Rosa DeLauro (CT-03),Communications Director,2022-03-21,2022,staff,-1.0967073,-5.795184,12
MEM-152-22,Congressman Kurt Schrader (OR-05),Legislative Correspondent,2022-03-21,2022,staff,-0.7115358,6.142523,-1
MEM-151-22,Congressman Kurt Schrader (OR-05),Press Secretary/Deputy Communications Director,2022-03-21,2022,staff,-2.9137406,-4.4101334,-1
MEM-149-22,,Staff Assistant,2022-03-21,2022,staff,-2.5292277,7.99224,19
MEM-148-22,,"Staff Director/Chief Counsel, Consumer Protection and Commerce Subcommittee",2022-03-21,2022,staff,6.033115,4.073589,7
MEM-087-21,Congresswoman Eleanor Holmes Norton (DC-00),Staff Assistant,2021-03-22,2021,staff,-2.4399962,7.953384,19
MEM-086-21,Congressman Kweisi Mfume (MD-07),Legislative Director,2021-03-22,2021,staff,5.636154,8.053406,-1
MEM-085-21,Congressman Kweisi Mfume (MD-07),Communications Director,2021-03-22,2021,staff,-1.4090424,-5.89367,-1
MEM-084-21,Congressman Kweisi Mfume (MD-07),Legislative Assistant,2021-03-22,2021,staff,5.720488,7.876194,-1
MEM-083-21,,Staff/Digital Assistant,2021-03-22,2021,staff,-2.3335488,7.3201885,19
MEM-081-21,"House Foreign Affairs Subcommittee on Africa, Global Health, and Global Human Rights",Subcommittee Staff Director,2021-03-22,2021,staff,6.8843026,6.2805767,-1
MEM-126-20,Congresswoman Brenda L. Lawrence (MI-14),Press Secretary/Communications Director,2020-03-23,2020,staff,-2.7796392,-4.7248464,12
MEM-159-19,Congresswoman Susan Wild (PA-07),Digital Communications Assistant/Manager,2019-03-25,2019,staff,-4.0846915,-3.1118774,-1
MEM-156-19,Congresswoman Pramila Jayapal (WA-07),Legislative Assistant,2019-03-25,2019,staff,6.261763,6.3823476,8
MEM-155-19,,Staff Assistant,2019-03-25,2019,staff,4.849732,3.1349468,-1
MEM-154-19,,Clerk,2019-03-25,2019,staff,5.5956244,2.697323,-1
MEM-153-19,,Counsel/Professional Staff Member,2019-03-25,2019,staff,6.0214815,3.6420372,-1
MEM-150-19,Congressman Justin Amash (MI-03),Staff Assistant,2019-03-25,2019,staff,0.9828231,16.295103,-1
MEM-149-19,,Staff Assistant,2019-03-25,2019,staff,10.643997,0.938607,6
MEM-176-22,,Press Secretary,2022-03-28,2022,staff,-2.2054338,-4.5346417,-1
MEM-173-22,Congressman Ruben Gallego (AZ-07),Field Representative/Caseworker,2022-03-28,2022,staff,-6.079901,14.170131,-1
MEM-172-22,Congresswoman Kathy Castor (FL-14),Digital Assistant,2022-03-28,2022,staff,-3.7222013,-2.862992,-1
MEM-171-22,Congressman Adam Smith (WA-09),Staff Assistant,2022-03-28,2022,staff,-1.8136271,8.464506,-1
MEM-170-22,Congressman Mondaire Jones (NY-17),Digital Director/Press Secretary,2022-03-28,2022,staff,-3.7201777,-3.6285858,-1
MEM-169-22,Congresswoman Anna G. Eshoo (CA-18),Executive Assistant/Scheduler,2022-03-28,2022,staff,1.4592891,16.877491,20
MEM-168-22,Congressman Jamie Raskin (MD-08),Constituent Services Caseworker,2022-03-28,2022,staff,-6.4763513,12.785597,15
MEM-094-21,,Director of Labor Oversight,2021-03-29,2021,staff,7.2583776,4.1372886,7
MEM-093-21,,Press Assistant,2021-03-29,2021,staff,-2.4162035,-4.0410466,12
MEM-090-21,,Legislative Assistant,2021-03-29,2021,staff,6.399185,7.4489894,-1
MEM-131-20,Congressman Greg Pence (IN-06),Legislative Correspondent,2020-03-30,2020,staff,-0.46118408,5.745704,16
MEM-129-20,Congressman Jim Baird (IN-04),Legislative Assistant,2020-03-30,2020,staff,5.9987197,7.324944,-1
MEM-165-19,Congressman Juan Vargas (CA-51),Military and Veterans Liaison/Caseworker,2019-04-01,2019,staff,-6.07129,13.693136,-1
MEM-160-19,,Case Worker,2019-04-01,2019,staff,-6.723199,13.549899,-1
MEM-185-22,,Digital Resident,2022-04-04,2022,staff,-3.740778,-2.846779,-1
MEM-184-22,,District Office Outreach Coordinator,2022-04-04,2022,staff,-5.64471,14.047596,-1
MEM-183-22,,District Office Constituent Service Representative,2022-04-04,2022,staff,-6.4400735,13.542986,15
MEM-182-22,,Investigative Counsel,2022-04-04,2022,staff,9.413588,1.7975047,4
MEM-180-22,,Staff Assistant/Press Assistant,2022-04-04,2022,staff,-2.6492105,-2.7789147,-1
MEM-179-22,Congressman Ed Case (HI-01),Staff Assistant,2022-04-04,2022,staff,-2.916765,10.461248,18
MEM-177-22,Congressman Mark Takano (CA-41),Staff Assistant/Digital Assistant,2022-04-04,2022,staff,-3.4984221,-2.7633126,-1
MEM-106-21,Congressman Mark Pocan (WI-02),Digital Director / Press Secretary,2021-04-05,2021,staff,-4.2478557,-3.229693,12
MEM-105-21,Congresswoman Lisa Blunt Rochester (DE-At Large),Health Legislative Assistant,2021-04-05,2021,staff,7.292502,7.756241,-1
MEM-104-21,Congresswoman Karen Bass (CA-37),Senior Legislative Assistant/Counsel,2021-04-05,2021,staff,5.8143506,6.0644016,-1
MEM-103-21,Congressman Steve Cohen (TN-09),Scheduler,2021-04-05,2021,staff,2.4131641,17.501566,20
MEM-102-21,,Digital Manager,2021-04-05,2021,staff,-4.1183033,-2.7747097,12
MEM-101-21,,Field Representative/Caseworker,2021-04-05,2021,staff,-6.103489,14.069405,-1
MEM-100-21,Congressman Antonio Delgado (NY-19) and Congressman Paul D. Tonko (NY-20),Grants Coordinator,2021-04-05,2021,staff,-4.60391,13.73275,-1
MEM-099-21,Congressman Ro Khanna (CA-17),Professional Staff Member,2021-04-05,2021,staff,6.065668,3.647889,-1
MEM-096-21,Congresswoman Sharice Davids (KS-03),Press Secretary/Communications Director,2021-04-05,2021,staff,-2.6285532,-4.8509264,12
MEM-133-20,Congresswoman Lisa Blunt Rochester (DE-00),Staff Assistant,2020-04-06,2020,staff,-1.615872,7.686762,19
MEM-132-20,,Press Secretary/Digital Director,2020-04-06,2020,staff,-3.876787,-4.051053,12
MEM-200-22,"Congresswoman Alma S. Adams, Ph.D. (NC-12)",Staff Assistant,2022-04-11,2022,staff,-1.8528861,7.726887,-1
MEM-199-22,,Staff Assistant/Press Aide,2022-04-11,2022,staff,-2.5721846,-2.7900944,-1
MEM-197-22,,Scheduler,2022-04-11,2022,staff,2.332101,17.883148,-1
MEM-196-22,Congressman Ed Case (HI-01),Staff Assistant,2022-04-11,2022,staff,-2.9459612,10.532738,18
MEM-195-22,,Staff Assistant,2022-04-11,2022,staff,10.820992,1.1514201,6
MEM-194-22,,Legislative Assistant,2022-04-11,2022,staff,7.456901,7.8501644,-1
MEM-193-22,,Digital Manager,2022-04-11,2022,staff,-4.095786,-2.7558541,-1
MEM-192-22,Congresswoman Katherine M. Clark (MA-5),District Staff Assistant,2022-04-11,2022,staff,-2.523672,9.143973,17
MEM-191-22,,Staff Assistant/Legislative Correspondent,2022-04-11,2022,staff,-1.1648967,7.180189,-1
MEM-113-21,,Scheduler,2021-04-12,2021,staff,2.3397496,17.828104,-1
MEM-112-21,Congresswoman Lisa Blunt Rochester (DE-At Large),Scheduler,2021-04-12,2021,staff,2.2838435,17.332266,20
MEM-111-21,Congresswoman Nanette Diaz Barragán (CA-44),Scheduler,2021-04-12,2021,staff,1.5495595,17.629652,20
MEM-110-21,Congressman Chris Pappas (NH-01),Legislative Assistant,2021-04-12,2021,staff,7.050941,6.6062884,-1
MEM-108-21,"House Judiciary Subcommittee on Antitrust, Commercial, and Administrative Law","Counsel - House Judiciary Subcommittee on Antitrust, Commercial, and Administrative Law",2021-04-12,2021,staff,6.214955,5.42058,-1
MEM-137-20,,Junior Professional Staff Member,2020-04-13,2020,staff,6.0087404,4.0790954,7
MEM-136-20,,Scheduler/Executive Assistant,2020-04-13,2020,staff,1.3817612,16.724112,20
MEM-135-20,,District Director,2020-04-13,2020,staff,-4.0909038,12.539961,11
MEM-217-22,,Constituent Liaison,2022-04-18,2022,staff,-5.905844,12.942675,11
MEM-216-22,,Policy Aide,2022-04-18,2022,staff,4.656766,4.729189,0
MEM-214-22,Congresswoman Debbie Wasserman Schultz (FL-23),Legislative Assistant,2022-04-18,2022,staff,6.9807687,7.8355646,-1
MEM-213-22,Congressman David Trone (MD-06),Wounded Warrior Fellow,2022-04-18,2022,staff,-6.1361933,13.294982,-1
MEM-212-22,"Congressman Earl L. ""Buddy"" Carter (GA-01)",Constituent Services Representative,2022-04-18,2022,staff,-6.1173196,13.3902025,15
MEM-211-22,Congresswoman Katie Porter (CA-45),Staff Assistant,2022-04-18,2022,staff,-2.1621432,8.145134,-1
MEM-209-22,,Staff Assistant,2022-04-18,2022,staff,4.685235,3.0560744,14
MEM-208-22,Congressman Steven Horsford (NV-04),Communications Director,2022-04-18,2022,staff,-0.52664226,-5.847913,12
MEM-206-22,,Research Assistant,2022-04-18,2022,staff,7.4710855,1.0117166,2
MEM-205-22,Congresswoman Brenda L. Lawrence (MI-14),Staff Assistant,2022-04-18,2022,staff,-1.4259174,8.041836,-1
MEM-204-22,,Staff Assistant,2022-04-18,2022,staff,4.906145,3.6837099,-1
MEM-203-22,"Congressman Glenn ""GT"" Thompson (PA-15)",Scheduler & Office Manager,2022-04-18,2022,staff,2.1794717,16.851658,20
MEM-202-22,,Systems Administrator,2022-04-18,2022,staff,5.427834,4.994828,-1
MEM-123-21,,Legislative Assistant,2021-04-19,2021,staff,6.608361,7.9166884,-1
MEM-122-21,Congresswoman Nanette Diaz Barragán (CA-44),District Director,2021-04-19,2021,staff,-4.0836697,12.557596,11
MEM-119-21,,Financial Disclosure Counsel,2021-04-19,2021,staff,13.010117,1.0832704,5
MEM-118-21,,Advice and Education Counsel,2021-04-19,2021,staff,11.245905,2.4562585,5
MEM-117-21,,Digital Press Secretary,2021-04-19,2021,staff,-3.9775379,-3.8011794,-1
MEM-116-21,Congresswoman Jahana Hayes (CT-05),Legislative Assistant,2021-04-19,2021,staff,6.018534,7.395901,-1
MEM-115-21,Congresswoman Linda Sánchez (CA-38),Caseworker,2021-04-19,2021,staff,-6.809634,13.681523,-1
MEM-142-20,,Communications Director,2020-04-20,2020,staff,-1.0331212,-5.528005,12
MEM-140-20,Congressman Andy Kim (NJ-03),Digital/Press Assistant,2020-04-20,2020,staff,-3.5847256,-3.1901531,12
MEM-139-20,,Director of Constituent Services,2020-04-20,2020,staff,-6.2423153,13.240933,-1
MEM-230-22,"Congresswoman Alma S. Adams, Ph.D. (NC-12)",Chief of Staff,2022-04-25,2022,staff,5.8950367,9.199324,-1
MEM-229-22,Congresswoman Nanette Diaz Barragán (CA-44),Scheduler,2022-04-25,2022,staff,1.5118381,17.65362,20
MEM-228-22,Representative Nanette Diaz Barragán (CA-44),Press Secretary/Digital Director,2022-04-25,2022,staff,-3.9965417,-4.0052476,12
MEM-227-22,Congresswoman Nanette Diaz Barragán (CA-44),Legislative Assistant/CHC Liaison,2022-04-25,2022,staff,7.1582937,6.9052906,-1
MEM-226-22,Congresswoman Nanette Diaz Barragán (CA-44),Field Representative,2022-04-25,2022,staff,-5.975269,14.233455,-1
MEM-225-22,Congresswoman Nanette Diaz Barragán (CA-44),District Staff Assistant,2022-04-25,2022,staff,-2.053869,9.046558,-1
MEM-224-22,Representative Nanette Diaz Barragán (CA-44),Communications Director,2022-04-25,2022,staff,-0.61498696,-5.6142006,12
MEM-223-22,Congresswoman Chrissy Houlahan (PA-06),Constituent Advocate,2022-04-25,2022,staff,-5.779432,12.675022,-1
MEM-222-22,Congressman Kweisi Mfume (MD-07),Legislative Correspondent,2022-04-25,2022,staff,-0.46592662,5.8392553,-1
MEM-221-22,Congresswoman Gwen Moore (WI-04),Digital/Press Assistant,2022-04-25,2022,staff,-3.605276,-3.163142,-1
MEM-219-22,Congressman Jimmy Gomez (CA-34),Legislative Director,2022-04-25,2022,staff,6.635267,9.143297,-1
MEM-218-22,,Caseworker,2022-04-25,2022,staff,-6.872574,13.591744,-1
MEM-132-21,,Senior Advisor/Counsel,2021-04-26,2021,staff,6.113433,5.7281065,-1
MEM-128-21,Congressman Ro Khanna (CA-17),Legislative Assistant,2021-04-26,2021,staff,6.8112874,6.940229,-1
MEM-127-21,,Counsel or Professional Staffer,2021-04-26,2021,staff,6.226132,3.9264297,7
MEM-126-21,Congresswoman Vicky Hartzler (MO-04),Field Representative/Travel Aide,2021-04-26,2021,staff,-6.0696964,14.105601,-1
MEM-124-21,,Legislative Assistant,2021-04-26,2021,staff,5.4995027,7.4154186,-1
MEM-234-22,,Research Assistant,2022-05-02,2022,staff,7.4535,1.0048349,2
MEM-232-22,,Counsel or Professional Staff,2022-05-02,2022,staff,6.9911137,3.4756987,-1
MEM-231-22,,Constituent Liaison,2022-05-02,2022,staff,-5.734175,12.837192,11
MEM-248-22,Congressman Donald McEachin (VA-4),Legislative Assistant,2022-05-09,2022,staff,7.382872,7.874037,-1
MEM-246-22,,Press Secretary/Digital Manager,2022-05-09,2022,staff,-3.6588352,-3.8926983,-1
MEM-245-22,Congressman Ted Lieu (CA-33),Caseworker,2022-05-09,2022,staff,-6.7834697,13.702718,-1
MEM-244-22,,Staff Assistant,2022-05-09,2022,staff,-2.0780358,7.845777,19
MEM-243-22,Congressman Seth Moulton (MA-06),Legislative Assistant,2022-05-09,2022,staff,5.958132,6.9007277,-1
MEM-242-22,,Legislative Assistant,2022-05-09,2022,staff,2.169598,6.5049224,9
MEM-241-22,,Press Assistant/Deputy Press Secretary,2022-05-09,2022,staff,-1.8596987,-4.607596,-1
MEM-240-22,,Legislative Assistant,2022-05-09,2022,staff,6.1347423,7.6154943,13
MEM-239-22,Congressman Andy Kim (NJ-03),Constituent Services Representative,2022-05-09,2022,staff,-6.443622,13.176698,-1
MEM-238-22,Congressman Andy Kim (NJ-03),Legislative Assistant,2022-05-09,2022,staff,6.1092305,7.4867725,-1
MEM-237-22,Congressman Jake Auchincloss (MA-04),Digital Director / Press Secretary,2022-05-09,2022,staff,-3.7264993,-3.429125,12
MEM-236-22,Congressman Mark Pocan (WI-02),Legislative Assistant,2022-05-09,2022,staff,5.774476,7.1084876,13
MEM-149-21,,Communications Director,2021-05-10,2021,staff,-2.106993,-4.5903277,-1
MEM-148-21,Congresswoman Jahana Hayes (CT-05),Caseworker,2021-05-10,2021,staff,-6.9108667,13.527359,-1
MEM-146-21,,Staff Assistant,2021-05-10,2021,staff,4.922081,3.6702437,-1
MEM-145-21,Congressman Chip Roy (TX-21),Legislative Assistant,2021-05-10,2021,staff,6.407247,7.18863,-1
MEM-144-21,,Speechwriter,2021-05-10,2021,staff,-3.303721,-5.7062464,-1
MEM-143-21,,Communications Director,2021-05-03,2021,staff,-0.86187786,-5.4895263,12
MEM-142-21,Congresswoman Eleanor Norton (DC-00),Constituent Liaison,2021-05-03,2021,staff,-5.738093,12.8431,11
MEM-141-21,,Legislative Assistant,2021-05-03,2021,staff,5.5266542,5.697255,13
MEM-140-21,Congressman Peter Welch (VT-AL),Communications Director,2021-05-03,2021,staff,-1.3019233,-5.8642764,-1
MEM-139-21,,Communications Director/Press Secretary,2021-05-03,2021,staff,-2.0137088,-5.3355265,12
MEM-138-21,,Constituent Services Liaison/District Representative,2021-05-03,2021,staff,-5.86213,12.950744,-1
MEM-137-21,,Office Manager/Executive Assistant,2021-05-03,2021,staff,1.2923878,16.638227,-1
MEM-136-21,,Director of Outreach and Community Engagement,2021-05-03,2021,staff,-4.2743363,12.7427435,-1
MEM-148-20,,District Representative,2020-05-11,2020,staff,-5.663582,13.755391,-1
MEM-147-20,,Communications Director,2020-05-11,2020,staff,-1.0652512,-5.7214284,12
MEM-146-20,,Chief of Staff,2020-05-11,2020,staff,5.9353194,9.200235,-1
MEM-145-20,Congresswoman Katie Porter (CA-45),Digital Director/Press Secretary,2020-05-11,2020,staff,-4.1290693,-3.5930965,-1
MEM-144-20,,Staff Assistant,2020-05-11,2020,staff,-1.9011842,7.4886847,19
MEM-214-19,Congresswoman Jahana Hayes (CT-05),Staff Assistant,2019-05-13,2019,staff,-1.4824712,7.9290085,19
MEM-213-19,,Communications Director,2019-05-13,2019,staff,-1.295422,-5.473836,12
MEM-212-19,,Investigative Counsel,2019-05-13,2019,staff,6.8855286,3.936044,-1
MEM-211-19,,District Director,2019-05-13,2019,staff,-4.1394753,12.613187,11
MEM-210-19,,Scheduler/Executive Assistant,2019-05-13,2019,staff,1.3334948,16.736954,20
MEM-209-19,,Legislative Director,2019-05-13,2019,staff,6.771792,8.925832,-1
MEM-208-19,,Legislative Director,2019-05-13,2019,staff,6.7620754,9.208997,-1
MEM-207-19,Congressman Chuck Fleischmann (TN-03),District Director,2019-05-13,2019,staff,-4.094129,12.545877,-1
MEM-206-19,Congresswoman Lisa Blunt Rochester (DE-At Large),Communications Director,2019-05-06,2019,staff,-1.2587894,-6.4099026,12
MEM-205-19,Congresswoman Debbie Wasserman Schultz (FL-23),Legislative Assistant - Healthcare and Women's Issues,2019-05-06,2019,staff,6.9871945,7.769221,-1
MEM-204-19,,Communications Director,2019-05-06,2019,staff,-0.9767531,-5.3987083,12
MEM-203-19,,Communications Director,2019-05-06,2019,staff,-1.462572,-5.3250146,12
MEM-200-19,Congresswoman Pramila Jayapal (WA-07),Communications Director,2019-05-06,2019,staff,-0.16753721,-5.9918284,12
MEM-199-19,,Operations Manager/Executive Assistant,2019-05-06,2019,staff,1.3266553,16.69056,-1
MEM-198-19,,Director of Outreach and Community Engagement,2019-05-06,2019,staff,-4.318111,12.788574,-1
MEM-196-19,,"Professional Staff Member, Subcommittee on Oversight and Investigations",2019-05-06,2019,staff,7.43762,1.4259549,2
MEM-195-19,Congresswoman Tulsi Gabbard (HI-02),DC Scheduler,2019-05-06,2019,staff,2.126377,17.401943,20
MEM-194-19,,Legislative Assistant,2019-04-29,2019,staff,6.18822,6.9045744,13
MEM-193-19,,Deputy Chief of Staff,2019-04-29,2019,staff,5.942507,9.218242,-1
MEM-190-19,,Staff Assistant/Legislative Correspondent,2019-04-29,2019,staff,-1.0957371,7.0131183,19
MEM-188-19,Congresswoman Jahana Hayes (CT-05),Press Secretary,2019-04-22,2019,staff,-2.9277499,-4.6726027,12
MEM-186-19,,Legislative Assistant,2019-04-22,2019,staff,6.0661035,6.4318905,-1
MEM-176-19,,Legislative Assistant,2019-04-08,2019,staff,6.87495,7.4154663,13
MEM-168-19,,Digital Production Specialist,2019-04-08,2019,staff,-3.8419435,-2.7374182,-1
MEM-261-22,Congressman Mark Pocan (WI-02),Scheduler,2022-05-16,2022,staff,2.3804283,17.529015,20
MEM-260-22,Congressman Andy Kim (NJ-03),Digital Director/Press Assistant,2022-05-16,2022,staff,-3.5833585,-3.5681646,12
MEM-259-22,Congressman Tom McClintock (CA-04),Scheduler,2022-05-16,2022,staff,2.2018676,17.403574,-1
MEM-258-22,Congressman Mike Levin (CA-49),Staff Assistant,2022-05-16,2022,staff,-2.5442162,9.126306,-1
MEM-257-22,Congressman Jamaal Bowman (NY-16),Staff Assistant/Legislative Correspondent,2022-05-16,2022,staff,-0.9511079,7.277769,-1
MEM-256-22,Congressman Seth Moulton (MA-06),Legislative Correspondent/Legislative Aide,2022-05-16,2022,staff,-0.72737706,6.404241,-1
MEM-255-22,Congresswoman Doris Matsui (CA-06),Legislative Assistant,2022-05-16,2022,staff,7.425175,7.882497,-1
MEM-254-22,Congresswoman Doris Matsui (CA-06),Legislative Assistant,2022-05-16,2022,staff,6.6534743,7.15967,-1
MEM-253-22,Congressman Sean Casten (IL-06),District Office Staff Assistant,2022-05-16,2022,staff,-2.5537183,9.149715,-1
MEM-251-22,Congressman Ritchie Torres (NY-15),Press Assistant or Press Secretary,2022-05-16,2022,staff,-2.654245,-4.057493,-1
MEM-164-21,,Staff Assistant/Legislative Correspondent,2021-05-17,2021,staff,-1.606689,7.834405,-1
MEM-162-21,,Staff Assistant,2021-05-17,2021,staff,-2.2190206,7.8388443,19
MEM-159-21,Congresswoman Debbie Wasserman Schultz (FL-23),Staff Assistant/Driver,2021-05-17,2021,staff,-1.0429374,8.323306,-1
MEM-158-21,"Congressman Alma S. Adams, Ph.D. (NC-12)",Legislative Director,2021-05-17,2021,staff,6.954763,8.580808,-1
MEM-156-21,Congresswoman Marcy Kaptur (OH-9),Communications Director,2021-05-17,2021,staff,-1.2286453,-5.9602394,12
MEM-155-21,,General Counsel,2021-05-17,2021,staff,5.8247695,5.192607,-1
MEM-154-21,Congresswoman Katie Porter (CA-45),Legislative Assistant,2021-05-17,2021,staff,7.263784,7.8140464,-1
MEM-151-21,,Press Assistant,2021-05-17,2021,staff,-3.060835,-3.684014,12
MEM-223-19,,Scheduler/Office Manager,2019-05-20,2019,staff,2.088443,16.813717,-1
MEM-221-19,Congressman Justin Amash (MI-03),Staff Assistant,2019-05-20,2019,staff,0.98148113,16.292843,-1
MEM-220-19,,Senior Legislative Assistant,2019-05-20,2019,staff,6.363432,7.0621877,-1
MEM-218-19,Congresswoman Pramila Jayapal (WA-07),Communications Director,2019-05-20,2019,staff,-0.17143814,-5.9860787,12
MEM-217-19,Congresswoman Yvette D. Clarke (NY-09),Communications Director,2019-05-20,2019,staff,-1.4841449,-5.9073806,12
MEM-216-19,Congresswoman Jackie Speier (CA-14),Caseworker/Field Representative,2019-05-20,2019,staff,-6.236724,13.992083,-1
MEM-215-19,,Communications Director,2019-05-20,2019,staff,-1.1777064,-5.1906824,12
MEM-268-22,Congresswoman Ayanna Pressley (MA-07),Digital/Press Assistant,2022-05-23,2022,staff,-3.5520597,-3.2067287,12
MEM-267-22,Congressman Sean Casten (IL-06),Staff Assistant/Intern Coordinator,2022-05-23,2022,staff,-2.6290612,9.185996,-1
MEM-265-22,,Staff Assistant,2022-05-23,2022,staff,-2.2715974,7.551588,19
MEM-263-22,Congressman Kweisi Mfume (MD-07),Communications Director,2022-05-23,2022,staff,-1.3186771,-6.016613,-1
MEM-262-22,,District Scheduler/Office Manager,2022-05-23,2022,staff,2.0625772,16.750353,-1
MEM-172-21,,Field Representative/Caseworker,2021-05-24,2021,staff,-6.0589933,14.178778,-1
MEM-171-21,Congressman Dan Kildee (MI-05),Press Secretary,2021-05-24,2021,staff,-2.869941,-4.748585,12
MEM-170-21,,Professional Staff Member,2021-05-24,2021,staff,7.709644,4.582128,-1
MEM-169-21,Congresswoman Katie Porter (CA-45),Staff Assistant,2021-05-24,2021,staff,-1.7354668,8.12901,-1
MEM-168-21,Congresswoman Nanette Diaz Barragán (CA-44),Press Secretary/Digital Director,2021-05-24,2021,staff,-3.9669855,-4.0214534,12
MEM-167-21,,Analyst for Congressional Committee,2021-05-24,2021,staff,4.810775,4.518099,-1
MEM-166-21,Congressman Brendan F. Boyle (PA-02),Senior Legislative Assistant,2021-05-24,2021,staff,6.0192695,7.7121882,-1
MEM-165-21,,Staff Assistant,2021-05-24,2021,staff,10.807315,1.1422168,6
MEM-152-20,,Staff Assistant,2020-05-26,2020,staff,-2.1197705,7.8318663,19
MEM-151-20,,Deputy Communications Director or Press Secretary,2020-05-26,2020,staff,-2.3148315,-4.6266856,12
MEM-224-19,,Investigative Counsel,2019-05-28,2019,staff,9.398056,1.7900794,4
MEM-274-22,Congressman Jimmy Panetta (CA-20),Press Secretary,2022-05-31,2022,staff,-3.1277175,-4.411021,-1
MEM-273-22,Congressman Gregory Meeks (NY-05),Scheduler/Operations Manager,2022-05-31,2022,staff,2.4617515,16.905819,20
MEM-272-22,Congressman Clay Higgins (LA-03),Legislative Assistant,2022-05-31,2022,staff,6.327725,7.4685545,-1
MEM-271-22,Congressman Mike Levin (CA-49),Scheduler,2022-05-31,2022,staff,1.9082385,17.441624,20
MEM-270-22,Congresswoman Brenda Lawrence (MI-14),Scheduler,2022-05-31,2022,staff,2.103094,17.45452,-1
MEM-269-22,Congressman Ed Case (HI-01),Constituent Services Assistant,2022-05-31,2022,staff,-2.9668148,10.525095,18
MEM-157-20,,Research and Data Analyst,2020-06-01,2020,staff,4.549257,4.0523806,-1
MEM-156-20,,Staff Assistant,2020-06-01,2020,staff,4.666251,3.8549292,-1
MEM-155-20,House Office of Diversity and Inclusion,"Professional Staffer, Member and Candidate Services",2020-06-01,2020,staff,4.526668,3.977369,-1
MEM-154-20,,Communications Manager,2020-06-01,2020,staff,-3.899955,-2.9495742,-1
MEM-175-21,,Counsel,2021-06-01,2021,staff,5.876835,5.2454286,-1
MEM-174-21,Congresswoman Pramila Jayapal (WA-07),Senior Legislative Assistant,2021-06-01,2021,staff,6.2548823,6.221795,8
MEM-173-21,,Scheduler,2021-06-01,2021,staff,1.9548448,17.412197,20
MEM-230-19,,Advice and Education Counsel,2019-06-03,2019,staff,11.259809,2.4471724,5
MEM-229-19,Congresswoman Sylvia R. Garcia (TX-29),Staff Assistant,2019-06-03,2019,staff,-1.3921956,8.465566,-1
MEM-228-19,Congresswoman Linda Sánchez (CA-38),Staff Assistant,2019-06-03,2019,staff,-2.0845401,9.151641,-1
MEM-275-22,Congressman Brad Schneider (IL-10),Staff Assistant,2022-06-06,2022,staff,-1.7174768,8.270366,-1
MEM-178-21,,Communications Manager,2021-06-07,2021,staff,-3.909025,-3.0040324,-1
MEM-177-21,,Policy Aide,2021-06-07,2021,staff,5.2762723,3.5479033,-1
MEM-162-20,,Legislative Assistant and Professional Staff Member,2020-06-08,2020,staff,6.58801,3.78364,-1
MEM-159-20,,Legislative Assistant,2020-06-08,2020,staff,7.085132,6.956009,-1
MEM-242-19,Congresswoman Lisa Blunt Rochester (DE-At Large),Communications Director,2019-06-10,2019,staff,-1.1931945,-6.3568087,12
MEM-238-19,,Professional Staff Member or Counsel,2019-06-10,2019,staff,5.98937,3.6137884,-1
MEM-235-19,,Executive Assistant/Scheduler,2019-06-10,2019,staff,1.4655716,16.786951,20
MEM-232-19,,Budget Analyst,2019-06-10,2019,staff,4.791529,4.4794893,-1
MEM-293-22,Representative Nanette Diaz Barragán (CA-44),Staff Assistant,2022-06-13,2022,staff,-1.4868855,8.462784,19
MEM-292-22,Congresswoman Nanette Diaz Barragán (CA-44),Legislative Assistant,2022-06-13,2022,staff,7.0623045,7.0011168,-1
MEM-291-22,Congresswoman Nanette Diaz Barragán (CA-44),Communications Director,2022-06-13,2022,staff,-0.5165303,-5.665276,12
MEM-290-22,Representative Nanette Diaz Barragán (CA-44),Legislative Assistant/CHC Liaison,2022-06-13,2022,staff,7.1713123,6.8705316,-1
MEM-289-22,Congresswoman Lois Frankel (FL-21),Legislative Assistant,2022-06-13,2022,staff,5.3398366,7.6055374,-1
MEM-287-22,,Deputy Press Secretary or Press Secretary,2022-06-13,2022,staff,-1.8871491,-4.665128,-1
MEM-284-22,,Scheduler,2022-06-13,2022,staff,2.2849784,17.874846,-1
MEM-283-22,Congresswoman Doris Matsui (CA-06),Legislative Assistant,2022-06-13,2022,staff,7.4439425,7.8693886,-1
MEM-281-22,Congresswoman Sara Jacobs (CA-53),Communications Director,2022-06-13,2022,staff,-0.96804196,-6.1867943,12
MEM-279-22,Congressman Mondaire Jones (NY-17),Staff Assistant,2022-06-13,2022,staff,-1.7636433,8.240729,-1
MEM-278-22,Congressman Dan Kildee (MI-05),Digital/Press Assistant,2022-06-13,2022,staff,-3.5599997,-3.1281898,12
MEM-192-21,Congressman Greg Pence (IN-06),Legislative Assistant,2021-06-14,2021,staff,6.630871,7.781765,-1
MEM-191-21,,Senior Legislative Assistant,2021-06-14,2021,staff,6.0880346,7.2540483,-1
MEM-190-21,,Executive Director,2021-06-14,2021,staff,-0.26785097,-4.755815,-1
MEM-185-21,Congressman Sean Casten (IL-06),District Office Staff Assistant,2021-06-14,2021,staff,-2.5413249,9.159159,-1
MEM-184-21,Congressman Mark Pocan (WI-02),Communications Director,2021-06-14,2021,staff,-1.0912519,-5.8815804,12
MEM-183-21,,Counsel,2021-06-14,2021,staff,6.1826496,5.513692,-1
MEM-168-20,,Legislative Aide/Professional Staff Member,2020-06-15,2020,staff,6.136756,5.711805,-1
MEM-167-20,Congressman Rob Wittman (VA-01),Communications Director,2020-06-15,2020,staff,-1.2400966,-6.052127,-1
MEM-166-20,Representative Jason Crow (CO-06),Digital Manager,2020-06-15,2020,staff,-4.0645814,-2.8246648,-1
MEM-165-20,,Staff Assistant,2020-06-15,2020,staff,-2.0626194,7.7701497,19
MEM-164-20,,Press Assistant,2020-06-15,2020,staff,-2.9369335,-3.6594331,12
MEM-256-19,,Press Assistant,2019-06-17,2019,staff,-2.2862623,-4.0989637,-1
MEM-252-19,Congressman Justin Amash (MI-03),Legislative Assistant,2019-06-17,2019,staff,-7.4100904,4.3803434,3
MEM-250-19,,Press Secretary,2019-06-17,2019,staff,-3.024507,-4.466768,12
MEM-245-19,Congresswoman Lisa Blunt Rochester (DE-AL),Press & Digital Media Assistant,2019-06-17,2019,staff,-3.503557,-3.472515,-1
MEM-243-19,,District Director,2019-06-17,2019,staff,-4.125902,12.595366,11
MEM-239-19,,Professional Staff Member or Counsel,2019-06-17,2019,staff,5.985882,3.60882,-1
MEM-202-21,,Counsel,2021-06-21,2021,staff,6.9118724,3.9553623,7
MEM-201-21,,Chief Health Counsel,2021-06-21,2021,staff,6.932862,3.9644282,7
MEM-200-21,,Investigative Counsel,2021-06-21,2021,staff,6.896753,3.9344385,7
MEM-199-21,,Professional Staff Member/Legislative Aide,2021-06-21,2021,staff,4.989034,3.768272,-1
MEM-198-21,,Professional Staff Member/Legislative Aide,2021-06-21,2021,staff,4.988304,3.7584333,-1
MEM-197-21,Congresswoman Sharice Davids (KS-03),Legislative Assistant,2021-06-21,2021,staff,6.1328545,7.686369,13
MEM-196-21,Congresswoman Pramila Jayapal (WA-07),Legislative Assistant,2021-06-21,2021,staff,6.2915416,6.3099623,8
MEM-195-21,Congresswoman Pramila Jayapal (WA-07),Counsel/Legislative Assistant,2021-06-21,2021,staff,6.223401,6.1240025,8
MEM-174-20,,Scheduler,2020-06-22,2020,staff,1.9690229,17.483587,20
MEM-171-20,,Field Representative,2020-06-22,2020,staff,-5.953425,14.247357,-1
MEM-263-19,Congresswoman Pramila Jayapal (WA-07),Digital Specialist,2019-06-24,2019,staff,-3.8063054,-2.696729,12
MEM-258-19,,Communications Director,2019-06-24,2019,staff,-0.48662126,-5.59672,-1
MEM-305-22,,Assistant Systems Administrator,2022-06-27,2022,staff,5.4204297,5.0454626,-1
MEM-303-22,Congressman Andy Kim (NJ-03),National Security/Military Legislative Assistant,2022-06-27,2022,staff,7.2656384,6.256034,-1
MEM-300-22,Congressman Mike Garcia (CA-25),Scheduler,2022-06-27,2022,staff,1.6470615,17.671896,20
MEM-298-22,Congresswoman Suzan DelBene (WA-01),Press Assistant/Staff Assistant,2022-06-27,2022,staff,-2.727718,-2.8631299,-1
MEM-295-22,Congresswoman Yvette Clarke (NY-09),Legislative Assistant,2022-06-27,2022,staff,6.4843044,7.667687,-1
MEM-213-21,Congressman Jim Costa (CA-16),Legislative Assistant,2021-06-28,2021,staff,6.8655305,6.905391,-1
MEM-212-21,Congressman Jamie Raskin (MD-08),Constituent Services Caseworker,2021-06-28,2021,staff,-6.4702573,12.811922,15
MEM-210-21,,Legislative Assistant,2021-06-28,2021,staff,2.1506343,6.482224,9
MEM-208-21,,Staff Assistant/Legislative Correspondent,2021-06-28,2021,staff,-1.1628872,6.989009,19
MEM-207-21,Congresswoman Pramila Jayapal (WA-07),Legislative Assistant,2021-06-28,2021,staff,6.287134,6.302662,8
MEM-205-21,,Legislative Assistant,2021-06-28,2021,staff,6.8391337,6.3207145,-1
MEM-175-20,,Digital Manager,2020-06-29,2020,staff,-4.033154,-2.797155,-1
MEM-279-19,,Communications Director,2019-07-01,2019,staff,-1.1685992,-5.2113914,12
MEM-277-19,Congresswoman Debbie Wasserman Schultz (FL-23),Policy Advisor/Counsel,2019-07-01,2019,staff,6.987252,7.8355594,-1
MEM-264-19,Congresswoman Pramila Jayapal (WA-07),Digital Specialist,2019-07-01,2019,staff,-3.7917612,-2.7354379,12
MEM-329-22,Congresswoman Eleanor Norton (DC-00),District Director,2022-07-05,2022,staff,-4.305827,12.596022,11
MEM-325-22,Congresswoman Jahana Hayes (CT-05),Caseworker,2022-07-05,2022,staff,-6.9254675,13.558314,-1
MEM-322-22,Congresswoman Yvette D. Clarke (NY-09),Communications Director,2022-07-05,2022,staff,-1.1901128,-6.048694,12
MEM-319-22,Congressman French Hill (AR-02),Staff Assistant,2022-07-05,2022,staff,-1.8933792,7.5290847,-1
MEM-318-22,,Staff Assistant,2022-07-05,2022,staff,10.793834,1.1197342,6
MEM-314-22,,District Scheduler/Office Manager,2022-07-05,2022,staff,2.1082032,16.81731,-1
MEM-312-22,Congressman Ted Lieu (CA-33),Field Representative,2022-07-05,2022,staff,-6.021335,14.263887,-1
MEM-311-22,,Junior Research and Data Analyst,2022-07-05,2022,staff,4.539051,4.0586576,-1
MEM-310-22,,"Junior Professional Staff Member, Candidate And Member Services",2022-07-05,2022,staff,4.508984,3.9845726,-1
MEM-309-22,,"Junior Professional Staff Member, Candidate and Member Services, Majority Staff",2022-07-05,2022,staff,4.4884353,3.9925535,-1
MEM-306-22,,Investigative Counsel,2022-07-05,2022,staff,9.374042,1.7741963,4
MEM-181-20,Congresswoman Diana DeGette (CO-01),Communications Assistant,2020-07-06,2020,staff,-3.4854903,-3.773957,12
MEM-179-20,,Legislative Assistant,2020-07-06,2020,staff,6.251517,7.3811336,-1
MEM-178-20,"Congressman Robert C. ""Bobby"" Scott (VA-03)",Staff Assistant/Legislative Correspondent,2020-07-06,2020,staff,-0.95776165,7.0781584,-1
MEM-228-21,,Procurement Counsel or Professional Staff Member,2021-07-06,2021,staff,6.8876762,3.9474335,7
MEM-227-21,,Legislative Assistant / Senior Legislative Assistant,2021-07-06,2021,staff,5.822902,7.043539,-1
MEM-226-21,Congressman Thomas Massie (KY-04),Staff Assistant,2021-07-06,2021,staff,-2.1971426,7.8653603,-1
MEM-225-21,,Clerk,2021-07-06,2021,staff,5.6726685,2.6809561,12
MEM-223-21,Congressman Adam Smith (WA-09),Communications Director,2021-07-06,2021,staff,-1.2878451,-5.910715,12
MEM-218-21,,Professional Staff Member for Women Veterans Policy,2021-07-06,2021,staff,7.3866363,1.3297335,-1
MEM-292-19,Congressman Ted Lieu (CA-33),Staff Assistant,2019-07-08,2019,staff,-2.0351493,9.12317,17
MEM-290-19,,Professional Staff Member,2019-07-08,2019,staff,6.3214946,3.8661206,7
MEM-289-19,,Counsel,2019-07-08,2019,staff,6.50642,4.0251017,7
MEM-345-22,Congresswoman Deborah Ross (NC-02),Press Assistant or Press Secretary,2022-07-11,2022,staff,-3.0829532,-4.0063214,12
MEM-339-22,Congresswoman Norma Torres (CA-35),Office Assistant,2022-07-11,2022,staff,-2.3426256,9.04685,-1
MEM-337-22,Congressman Josh Harder (CA-10),Temporary Staff Assistant,2022-07-11,2022,staff,-1.7697638,7.891714,-1
MEM-242-21,Congressman Andy Kim (NJ-03),Communications Director,2021-07-12,2021,staff,-0.866951,-6.220657,12
MEM-240-21,Congresswoman Karen Bass (CA-37),Senior Legislative Assistant/Counsel,2021-07-12,2021,staff,5.874124,6.1546783,-1
MEM-235-21,,Scheduler,2021-07-12,2021,staff,2.2899067,17.742958,20
MEM-233-21,Congressman Sean Patrick Maloney (NY-18),Staff Assistant/Legislative Correspondent,2021-07-12,2021,staff,-1.0742418,7.267168,-1
MEM-231-21,,"Counsel for House Judiciary Subcommittee on the Constitution, Civil Rights, and Civil Liberties",2021-07-12,2021,staff,6.229178,5.5002856,-1
MEM-194-20,Congresswoman Katherine M. Clark (MA-5),Staff Assistant,2020-07-13,2020,staff,-2.4868333,9.106711,17
MEM-193-20,,Systems Manager / Digital Director,2020-07-13,2020,staff,-4.2560854,-2.7807672,-1
MEM-191-20,,Communications Director,2020-07-13,2020,staff,-0.7746063,-5.490009,12
MEM-190-20,,Legislative Director,2020-07-13,2020,staff,6.474546,9.24788,13
MEM-187-20,House Democratic Policy and Communications Committee (DPCC),Digital Director,2020-07-13,2020,staff,-4.377576,-2.7868595,-1
MEM-185-20,,Press Assistant,2020-07-13,2020,staff,-2.4906013,-3.8798478,-1
MEM-315-19,Congresswoman Sylvia R. Garcia (TX-29),Press Secretary,2019-07-15,2019,staff,-3.202243,-4.8835626,12
MEM-306-19,,Staff Assistant,2019-07-15,2019,staff,10.681005,0.9764041,6
MEM-303-19,,Communications Director,2019-07-15,2019,staff,-1.2503637,-5.721959,12
MEM-302-19,,Staff Assistant,2019-07-15,2019,staff,-1.9223915,7.6382847,19
MEM-294-19,,Legislative Assistant,2019-07-15,2019,staff,6.507163,7.2722545,-1
MEM-366-22,Congressman Mike Flood (NE-01),Staff Assistant,2022-07-18,2022,staff,-2.2488523,8.408344,-1
MEM-365-22,Congressman Mike Flood (NE-01),Scheduler,2022-07-18,2022,staff,2.258856,17.804457,-1
MEM-364-22,Congresswoman Mikie Sherrill (NJ-11),Outreach Assistant,2022-07-18,2022,staff,-4.965861,13.23802,-1
MEM-363-22,,Press Secretary,2022-07-18,2022,staff,-2.893012,-4.6623926,-1
MEM-358-22,,Legislative Assistant,2022-07-18,2022,staff,6.1350455,7.604969,13
MEM-355-22,Congresswoman Ayanna Pressley (MA-07),Legislative Assistant,2022-07-18,2022,staff,6.7815804,7.393624,-1
MEM-353-22,"Congressman Frank Pallone, Jr. (NJ-06)",Staff Assistant / District Field Representative,2022-07-18,2022,staff,-4.9426785,13.122978,-1
MEM-352-22,Congresswoman Doris Matsui (CA-06),Legislative Assistant,2022-07-18,2022,staff,7.4596076,7.8815904,-1
MEM-262-21,Representative Juan Vargas (CA-51),Press Secretary / Communications Director,2021-07-19,2021,staff,-0.44704977,-5.6727986,12
MEM-261-21,,Data Analyst,2021-07-19,2021,staff,4.6999784,4.4320846,-1
MEM-260-21,,Senior Policy Advisor/Senior Economist,2021-07-19,2021,staff,4.701399,4.4373364,-1
MEM-255-21,Congresswoman Nanette Diaz Barragán (CA-44),Deputy Chief of Staff & Legislative Director,2021-07-19,2021,staff,6.181952,9.238459,-1
MEM-254-21,,Investigative Counsel,2021-07-19,2021,staff,9.416733,1.8073058,4
MEM-253-21,,Investigator,2021-07-19,2021,staff,9.331857,1.8330245,4
MEM-252-21,,Press Assistant/Digital Director,2021-07-19,2021,staff,-3.220618,-3.965553,12
MEM-250-21,Congressman John Sarbanes (MD-03),Communications Director or Press Secretary,2021-07-19,2021,staff,-2.8997262,-4.469445,12
MEM-247-21,Congresswoman Lisa Blunt Rochester (DE-00),Press & Digital Media Assistant,2021-07-19,2021,staff,-3.463656,-3.5057423,-1
MEM-204-20,Congressman Harley Rouda (CA-48),Press/Digital Assistant,2020-07-20,2020,staff,-3.3746758,-3.2336888,12
MEM-203-20,,Scheduler/Executive Assistant,2020-07-20,2020,staff,1.35171,16.761858,20
MEM-200-20,,Field Representative/Caseworker,2020-07-20,2020,staff,-6.171718,14.025226,15
MEM-199-20,,Staff Assistant,2020-07-20,2020,staff,4.965145,3.66959,-1
MEM-198-20,Congresswoman Katie Porter (CA-45),Staff Assistant,2020-07-20,2020,staff,-2.2975185,8.096945,-1
MEM-197-20,Congresswoman Katie Porter (CA-45),Scheduler,2020-07-20,2020,staff,1.9620649,17.450422,20
MEM-393-22,,Staff Assistant,2022-07-25,2022,staff,-2.0013855,7.760366,-1
MEM-391-22,Congressman Sean Casten (IL-06),District Outreach Coordinator,2022-07-25,2022,staff,-5.0790935,13.66221,-1
MEM-388-22,Congressman Tom Malinowski (NJ-07),District Staff Assistant,2022-07-25,2022,staff,-1.8043108,8.808317,-1
MEM-380-22,Congresswoman Norma J. Torres (CA-35),Communications Director,2022-07-25,2022,staff,-0.52857643,-5.576291,12
MEM-379-22,Congresswoman Norma J. Torres (CA-35),Scheduler/Office Manager,2022-07-25,2022,staff,2.1719615,16.872662,-1
MEM-280-21,,Staff Assistant,2021-07-26,2021,staff,-1.8732694,7.6189666,19
MEM-278-21,Congresswoman Nanette Diaz Barragán (CA-44),Legislative Assistant,2021-07-26,2021,staff,6.9936547,7.100079,-1
MEM-274-21,,Staff Assistant,2021-07-26,2021,staff,-1.941509,8.043392,19
MEM-273-21,Congresswoman Karen Bass (CA-37),Director of Operations,2021-07-26,2021,staff,2.5666513,16.85627,-1
MEM-268-21,,Counsel or Professional Staff,2021-07-26,2021,staff,6.9858723,3.5134609,-1
MEM-267-21,,Staff Assistant and Clerk,2021-07-26,2021,staff,6.9533415,3.410583,-1
MEM-265-21,Congressman Andy Kim (NJ-03),Constituent Services Representative,2021-07-26,2021,staff,-6.4360323,13.172331,-1
MEM-210-20,Congresswoman Yvette D. Clarke (NY-09),Communications Director,2020-07-27,2020,staff,-1.4295567,-5.8839474,12
MEM-207-20,Congresswoman Abigail Spanberger (VA-07),Staff Assistant,2020-07-27,2020,staff,-2.206223,7.826764,19
MEM-357-19,,Staff Associate,2019-07-29,2019,staff,6.9020114,6.3316493,-1
MEM-344-19,,Oversight Counsel,2019-07-29,2019,staff,6.847167,3.9893596,-1
MEM-337-19,,Outreach Representative,2019-07-29,2019,staff,-5.1936994,13.623722,-1
MEM-336-19,,Constituent Services Representative,2019-07-29,2019,staff,-6.215978,13.187934,-1
MEM-334-19,Congressman Don Beyer (VA-08),Scheduler,2019-07-29,2019,staff,2.3791606,17.526217,20
MEM-333-19,Congresswoman Lisa Blunt Rochester (DE-At Large),Legislative Assistant,2019-07-29,2019,staff,7.390175,7.9359775,-1
MEM-331-19,,Counsel,2019-07-29,2019,staff,5.972409,5.194163,-1
MEM-330-19,,Communications Director,2019-07-29,2019,staff,-0.48122045,-5.650793,-1
MEM-323-19,,Communications Director,2019-07-29,2019,staff,-0.6399779,-5.4747314,12
MEM-410-22,Congressman Dwight Evans (PA-03),Digital Media Manager,2022-08-01,2022,staff,-3.8229773,-2.942048,12
MEM-409-22,,Outreach Manager,2022-08-01,2022,staff,-5.128209,13.69586,-1
MEM-405-22,Congressman Ed Case (HI-01),Staff Assistant,2022-08-01,2022,staff,-2.9251935,10.4895315,18
MEM-402-22,Congressman Andrew Clyde (GA-09),Staff Assistant,2022-08-01,2022,staff,-2.2094672,8.498828,-1
MEM-398-22,Congressman Gregory W. Meeks (NY-05),Communications Director/Press Secretary,2022-08-01,2022,staff,-2.5779185,-4.8454275,12
MEM-297-21,Representative Chrissy Houlahan (PA-06),Communications Director,2021-08-02,2021,staff,-1.2312437,-5.780963,12
MEM-296-21,Congresswoman Chrissy Houlahan (PA-06),Communications Assistant,2021-08-02,2021,staff,-2.7561786,-3.7848496,-1
MEM-295-21,Congressman Ted Lieu (CA-33),Staff Assistant,2021-08-02,2021,staff,-2.0539036,9.131025,17
MEM-294-21,Congressman Adam Smith (WA-09),Legislative Assistant,2021-08-02,2021,staff,6.211027,7.0486326,-1
MEM-292-21,Congressman Seth Moulton (MA-06),Scheduler,2021-08-02,2021,staff,2.2102108,17.661999,20
MEM-290-21,Congresswoman Pramila Jayapal (WA-07),Scheduler,2021-08-02,2021,staff,2.4244952,17.359549,20
MEM-287-21,Congresswoman Pramila Jayapal (WA-07),Legislative Assistant,2021-08-02,2021,staff,6.2882433,6.28348,8
MEM-219-20,,Press Secretary,2020-08-03,2020,staff,-2.736984,-4.8880186,12
MEM-217-20,,Legislative Correspondent,2020-08-03,2020,staff,-0.63124394,5.923118,-1
MEM-212-20,Congressman Ted Lieu (CA-33),Staff Assistant,2020-08-03,2020,staff,-2.0237274,9.149986,17
MEM-375-19,,Assistant Clerk/Security Manager,2019-08-05,2019,staff,5.8020425,2.6522691,-1
MEM-374-19,,Staff Assistant,2019-08-05,2019,staff,-2.4104798,7.904047,19
MEM-373-19,,Executive Assistant / Office Manager / Intern Coordinator,2019-08-05,2019,staff,1.6265103,16.658163,-1
MEM-370-19,Congressman Dan Meuser (PA-09),Scheduler,2019-08-05,2019,staff,2.390494,17.55276,20
MEM-367-19,,Press Aide/Press Secretary,2019-08-05,2019,staff,-3.1706588,-4.8853207,12
MEM-365-19,,Director of Scheduling,2019-08-05,2019,staff,2.1080022,17.132673,-1
MEM-360-19,Congresswoman Cindy Axne (IA-03),District Representative/Caseworker,2019-08-05,2019,staff,-6.104267,13.89167,-1
MEM-429-22,Congressman Andy Kim (NJ-03),Legislative Director,2022-08-08,2022,staff,6.6361446,9.0195,-1
MEM-427-22,Congresswoman Jahana Hayes (CT-05),Legislative Director,2022-08-08,2022,staff,6.581674,9.223094,-1
MEM-425-22,,Staff Assistant/Legislative Correspondent,2022-08-08,2022,staff,-1.0835375,6.7641826,-1
MEM-424-22,,Press Assistant/Digital Director,2022-08-08,2022,staff,-3.3171186,-3.930379,12
MEM-423-22,Congressman Tom McClintock (CA-04),Scheduler,2022-08-08,2022,staff,2.2169292,17.433765,20
MEM-421-22,Congressman Earl Blumenauer (OR-03),Staff Assistant,2022-08-08,2022,staff,-1.6928748,8.196746,-1
MEM-416-22,,Legislative Aide,2022-08-08,2022,staff,6.542848,6.909458,-1
MEM-412-22,Congressman Matt Cartwright (PA-08),Staff Assistant,2022-08-08,2022,staff,-1.4936079,7.805666,-1
MEM-221-20,,Staff Assistant,2020-08-10,2020,staff,-1.78668,7.939113,-1
MEM-440-22,Congresswoman Alma S. Adams (NC-12),Legislative Director,2022-08-15,2022,staff,6.964239,8.564753,-1
MEM-437-22,,Staff Assistant,2022-08-15,2022,staff,-1.8240409,7.995417,19
MEM-434-22,Congresswoman Rashida Tlaib (MI-13),Press Secretary,2022-08-15,2022,staff,-2.8756638,-4.714439,12
MEM-432-22,Congresswoman Katie Porter (CA-45),Legislative Assistant,2022-08-15,2022,staff,7.1874433,7.813918,-1
MEM-431-22,Congressman Mike Levin (CA-49),Staff Assistant,2022-08-15,2022,staff,-2.5628939,9.1223955,-1
MEM-430-22,,District Representative,2022-08-15,2022,staff,-5.7694693,13.722104,-1
MEM-325-21,,Legislative Correspondent,2021-08-16,2021,staff,-0.6630169,6.072483,-1
MEM-322-21,Congresswoman Marcy Kaptur (OH-09),Senior Policy Advisor/Appropriations Associate,2021-08-16,2021,staff,7.2994514,7.84745,-1
MEM-320-21,"Congressman Andy Harris, M.D. (MD-01)",Legislative Correspondent,2021-08-16,2021,staff,-0.55917215,5.92872,-1
MEM-319-21,"Congressman Andy Harris, M.D. (MD-01)",Staff Assistant,2021-08-16,2021,staff,-1.9214576,7.621162,-1
MEM-318-21,Congressman Ed Case (HI-01),Legislative Staffer,2021-08-16,2021,staff,-2.9674327,10.533094,18
MEM-317-21,,Press Assistant,2021-08-16,2021,staff,-2.381578,-4.0674276,12
MEM-314-21,Congresswoman Julia Brownley (CA-26),Press Assistant,2021-08-09,2021,staff,-3.2211702,-3.4460692,12
MEM-312-21,,Professional Staff Member,2021-08-09,2021,staff,5.897425,3.474389,-1
MEM-306-21,Congresswoman Kay Granger (TX-12),Caseworker,2021-08-09,2021,staff,-6.8569994,13.69013,-1
MEM-304-21,,Civil Rights Counsel,2021-08-09,2021,staff,8.184047,4.1017456,1
MEM-301-21,,Professional Staff Member,2021-08-09,2021,staff,7.374031,1.3488537,2
MEM-300-21,,Press and Digital Manager/Legislative Correspondent,2021-08-09,2021,staff,-3.7176273,-3.5654721,-1
MEM-226-20,,Press Assistant,2020-08-17,2020,staff,-2.4364586,-3.9977355,12
MEM-225-20,Congresswoman Debbie Wasserman Schultz (FL-23),Legislative Assistant,2020-08-17,2020,staff,6.967823,7.719015,-1
MEM-223-20,Congressman Tom Malinowski (NJ-07),Caseworker,2020-08-17,2020,staff,-6.7733593,13.434187,-1
MEM-443-22,,Staff Assistant/Legislative Correspondent,2022-08-22,2022,staff,-1.2006924,7.3017364,-1
MEM-442-22,Congressman Jimmy Gomez (CA-34),Caseworker,2022-08-22,2022,staff,-6.941121,13.522404,-1
MEM-336-21,,Staff Assistant,2021-08-23,2021,staff,10.808948,1.1276132,6
MEM-335-21,,Scheduler/Executive Assistant,2021-08-23,2021,staff,1.6032062,16.880728,20
MEM-334-21,,Digital Press Secretary,2021-08-23,2021,staff,-3.8706594,-3.9072874,-1
MEM-331-21,,Staff Assistant/Legislative Correspondent,2021-08-23,2021,staff,-0.9705068,6.951147,-1
MEM-330-21,,Financial Disclosure Counsel,2021-08-23,2021,staff,13.010114,1.0833523,5
MEM-329-21,Congressman Andy Kim (NJ-03),Digital/Press Assistant,2021-08-23,2021,staff,-3.4915674,-3.5001388,12
MEM-412-19,,Staff Assistant/Legislative Correspondent,2019-08-26,2019,staff,-0.9805085,6.9669456,19
MEM-407-19,,Health Care Legislative Assistant,2019-08-26,2019,staff,7.062835,7.371643,-1
MEM-402-19,,Office Manager and Scheduling Assistant,2019-08-19,2019,staff,2.1962035,16.792982,-1
MEM-401-19,,Staff Assistant,2019-08-19,2019,staff,4.7095428,3.1575954,14
MEM-400-19,Congresswoman Marcia L. Fudge (OH-11),Staff Assistant,2019-08-19,2019,staff,-2.2258565,8.8469515,-1
MEM-398-19,Congresswoman Marcia L. Fudge (OH-11),Caseworker/Field Representative,2019-08-19,2019,staff,-6.244183,14.068945,-1
MEM-397-19,Congresswoman Marcia L. Fudge (OH-11),Part Time Staff Assistant,2019-08-19,2019,staff,-2.1228285,8.584267,-1
MEM-395-19,,District Scheduler/Office Manager,2019-08-19,2019,staff,2.070228,16.78001,-1
MEM-394-19,,Digital Press Secretary,2019-08-19,2019,staff,-3.9525754,-3.8260276,-1
MEM-390-19,"Congressman Frank Pallone, Jr. (NJ-06)",District Field Representative,2019-08-19,2019,staff,-4.9584503,13.129207,-1
MEM-385-19,,Legislative Aide,2019-08-12,2019,staff,6.236778,6.8775053,-1
MEM-384-19,,Executive Assistant,2019-08-12,2019,staff,1.3408548,16.712818,-1
MEM-382-19,Congresswoman Tulsi Gabbard (HI-02),Staff Assistant,2019-08-12,2019,staff,-2.8450835,10.319927,18
MEM-381-19,,Professional Staff Member or Counsel,2019-08-12,2019,staff,6.0461154,4.066493,7
MEM-380-19,Congresswoman Katie Hill (CA-25),Constituent Services Representative,2019-08-12,2019,staff,-6.090862,13.33128,-1
MEM-379-19,Congresswoman Katie Hill (CA-25),Constituent Services Assistant,2019-08-12,2019,staff,-6.1502132,13.1919565,-1
MEM-378-19,Congressman John Garamendi (CA-03),District Representative,2019-08-12,2019,staff,-5.6720095,13.898482,-1
MEM-376-19,Congresswoman Jahana Hayes (CT-05),Staff Assistant,2019-08-12,2019,staff,-1.7916977,7.906777,-1
MEM-455-22,,Staff Assistant,2022-08-29,2022,staff,-1.3971391,8.462556,19
MEM-452-22,Congresswoman Dina Titus (NV-01),Congressional Aide,2022-08-29,2022,staff,-2.5889988,8.358576,-1
MEM-450-22,,Senior Legislative Assistant,2022-08-29,2022,staff,6.0683227,7.518217,13
MEM-449-22,,Legislative Counsel,2022-08-29,2022,staff,5.831614,5.5540805,-1
MEM-447-22,,Legislative Correspondent,2022-08-29,2022,staff,-0.58128864,5.855994,-1
MEM-349-21,Congresswoman Grace F. Napolitano (CA-32),Staff Assistant/Legislative Correspondent,2021-08-31,2021,staff,-1.0075265,7.0349374,19
MEM-348-21,Congressman Jamaal Bowman (NY-16),District Press Secretary,2021-08-31,2021,staff,-3.1047676,-4.561558,-1
MEM-342-21,Congresswoman Sharice Davids (KS-03),Staff Assistant,2021-08-31,2021,staff,-1.6499729,8.084091,-1
MEM-341-21,Congressman Eric Swalwell (CA-15),Legislative Director,2021-08-31,2021,staff,6.7882805,9.007908,-1
MEM-340-21,,Staff Assistant,2021-08-31,2021,staff,-1.8853282,8.118782,-1
MEM-337-21,Congressman Jerrold Nadler (NY-10),Press Secretary,2021-08-31,2021,staff,-2.2721214,-4.516449,-1
MEM-426-19,,Investigator,2019-09-03,2019,staff,9.33986,1.8277944,4
MEM-425-19,,Communications Director,2019-09-03,2019,staff,-1.3990914,-5.3398075,-1
MEM-423-19,Congresswoman Pramila Jayapal (WA-07),Communications Director,2019-09-03,2019,staff,-0.18243796,-5.9703555,12
MEM-422-19,,Staff Assistant,2019-09-03,2019,staff,4.6603894,3.0197377,14
MEM-419-19,,Constituent Liaison,2019-09-03,2019,staff,-5.855943,12.921229,11
MEM-457-22,,Legislative Correspondent/Press Assistant,2022-09-06,2022,staff,-0.70706964,5.608654,-1
MEM-456-22,,Staff Assistant,2022-09-06,2022,staff,-1.7754824,7.3329697,-1
MEM-352-21,,District Staff Assistant,2021-09-07,2021,staff,-2.21626,7.8407893,-1
MEM-351-21,Congresswoman Norma J. Torres (CA-35),Field Representative,2021-09-07,2021,staff,-5.9224677,14.266296,-1
MEM-350-21,Congresswoman Brenda L. Lawrence (MI-14),Legislative Assistant,2021-09-07,2021,staff,5.9262605,7.76146,13
MEM-231-20,Congressman Ed Case (HI-01),Scheduler/Executive Assistant,2020-09-08,2020,staff,-2.9249911,10.550401,18
MEM-229-20,Congressman Steven Horsford (NV-04),District Representative/Caseworker,2020-09-08,2020,staff,-5.826296,13.718837,-1
MEM-NV04-DRCW-0920,,Position Not Specified,2020-09-08,2020,staff,-2.5244262,8.23471,-1
MEM-437-19,Congressman Jimmy Gomez (CA-34),Staff Assistant and Driver,2019-09-09,2019,staff,-1.104342,8.344628,-1
MEM-436-19,Congressman Jimmy Gomez (CA34),Staff Assistant,2019-09-09,2019,staff,-1.6349365,7.8330574,-1
MEM-435-19,Congresswoman Pramila Jayapal (WA-07),Legislative Assistant,2019-09-09,2019,staff,6.2523127,6.3405685,-1
MEM-429-19,,Social Media Manager,2019-09-09,2019,staff,-3.9333396,-3.1608315,-1
MEM-467-22,Congresswoman Grace F. Napolitano (CA-32),Staff Assistant/Legislative Correspondent,2022-09-12,2022,staff,-1.0032078,7.0376096,19
MEM-466-22,Congressmember Judy Chu (CA-27),Communications Director,2022-09-12,2022,staff,-1.107237,-6.0858445,12
MEM-465-22,,Staff Assistant,2022-09-12,2022,staff,10.814777,1.1364104,6
MEM-464-22,Congresswoman Linda T. Sánchez (CA-38),Legislative Assistant,2022-09-12,2022,staff,6.4074364,7.463152,-1
MEM-462-22,,Policy Advisor,2022-09-12,2022,staff,-0.23727174,-4.6936855,-1
MEM-461-22,Congressman Raja Krishnamoorthi (IL-08),Legislative Director,2022-09-12,2022,staff,6.5974717,9.261988,-1
MEM-366-21,Congressman Mark Pocan (WI-02),Digital Director / Press Secretary,2021-09-13,2021,staff,-4.216529,-3.1728215,12
MEM-365-21,Congresswoman Marcy Kaptur (OH-09),Appropriations Associate/Counsel,2021-09-13,2021,staff,7.2615337,7.7384,-1
MEM-364-21,,Legislative Assistant,2021-09-13,2021,staff,6.0644097,7.6132326,13
MEM-363-21,,Staff Assistant,2021-09-13,2021,staff,4.6910233,3.1794322,14
MEM-362-21,,Legislative Assistant,2021-09-13,2021,staff,6.8272147,6.311838,-1
MEM-361-21,Congresswoman Sara Jacobs (CA-53),Legislative Assistant,2021-09-13,2021,staff,6.2428927,7.320187,-1
MEM-360-21,,Legislative Director,2021-09-13,2021,staff,6.712815,9.216413,13
MEM-359-21,,Staff Assistant,2021-09-13,2021,staff,-2.288138,8.97809,17
MEM-358-21,,Constituent Services Representative,2021-09-13,2021,staff,-6.17008,13.1594515,-1
MEM-356-21,Congresswoman Vicky Hartzler (MO-04),Field Representative/Travel Aide,2021-09-13,2021,staff,-6.0478373,14.13489,-1
MEM-354-21,,Staff Director,2021-09-13,2021,staff,6.241888,3.9107704,7
MEM-237-20,Congresswoman Lisa Blunt Rochester (DE-At Large),Legislative Assistant,2020-09-14,2020,staff,7.3298464,7.9943924,-1
MEM-235-20,,Legislative Assistant / Healthcare & Economic Justice,2020-09-14,2020,staff,6.8237476,7.322141,-1
MEM-234-20,,Staff Assistant,2020-09-14,2020,staff,-1.8624903,7.7925634,-1
MEM-442-19,Congressman Denny Heck (WA-10),Military Legislative Assistant,2019-09-16,2019,staff,7.3378215,6.307548,-1
MEM-440-19,Congressman TJ Cox (CA-21),Press Secretary,2019-09-16,2019,staff,-3.256456,-4.917664,12
MEM-470-22,Congresswoman Frederica S. Wilson (FL-24),Press Secretary/Digital Director,2022-09-19,2022,staff,-3.9970493,-3.9846957,12
MEM-469-22,"Congresswoman Alma S. Adams, Ph.D. (NC-12)",Legislative Director,2022-09-19,2022,staff,6.9706073,8.550005,-1
MEM-376-21,Congressman Tom Malinowski (NJ-07),Digital Manager,2021-09-20,2021,staff,-4.0815425,-2.7896817,12
MEM-375-21,,Clerk,2021-09-20,2021,staff,5.646095,2.5890646,-1
MEM-374-21,Congressman Mike Levin (CA-49),Staff Assistant,2021-09-20,2021,staff,-2.5472906,9.11685,-1
MEM-373-21,Congresswoman Frederica S. Wilson (FL-24),Press Secretary/Digital Director,2021-09-20,2021,staff,-3.8891125,-3.998398,12
MEM-372-21,Congresswoman Nydia Velázquez (NY-07),Scheduler,2021-09-20,2021,staff,1.7901374,17.54212,20
MEM-371-21,Congresswoman Frederica S. Wilson (FL-24),Staff Assistant/Legislative Correspondent,2021-09-20,2021,staff,-1.1016244,8.140167,-1
MEM-370-21,,Counsel,2021-09-20,2021,staff,7.298779,4.1528263,7
MEM-369-21,,Policy Aide,2021-09-20,2021,staff,5.3033123,3.5284326,-1
MEM-368-21,,Field Representative/Caseworker,2021-09-20,2021,staff,-6.1189947,14.132687,-1
MEM-367-21,Congressman Mike Levin (CA-49),Legislative Assistant,2021-09-20,2021,staff,7.364996,7.8733425,-1
MEM-244-20,Congresswoman Eleanor Holmes Norton (DC-00),Legislative Assistant,2020-09-21,2020,staff,5.5176864,5.721385,13
MEM-243-20,,Staff Assistant,2020-09-21,2020,staff,-2.4867015,8.310023,-1
MEM-242-20,,Social Media Manager/Staff Assistant,2020-09-21,2020,staff,-3.7038193,-3.1990745,-1
MEM-NV04-SMM/SA-20,,Staff Assistant,2020-09-21,2020,staff,-2.5336072,8.272999,-1
MEM-241-20,,Staff Assistant,2020-09-21,2020,staff,-1.7865158,7.8107953,19
MEM-240-20,"Congressman Frank Pallone, Jr. (NJ-06)",Staff Assistant / District Field Representative,2020-09-21,2020,staff,-4.9524255,13.120211,-1
MEM-239-20,,Communications Director,2020-09-21,2020,staff,-0.5590076,-4.9533734,12
MEM-238-20,,Professional Staffer Or Counsel,2020-09-21,2020,staff,6.230741,3.9475513,7
MEM-460-19,Congresswoman Alexandria Ocasio-Cortez (NY-14),Staff Assistant,2019-09-23,2019,staff,-1.4494636,7.724296,-1
MEM-458-19,,District Representative,2019-09-23,2019,staff,-5.6774983,13.696,-1
MEM-457-19,,Financial Disclosure Counsel,2019-09-23,2019,staff,13.010482,1.0834743,5
MEM-456-19,Congressman David Trone (MD-06),District Staff Member,2019-09-23,2019,staff,-6.2546296,12.921443,15
MEM-451-19,,Parliamentarian,2019-09-23,2019,staff,5.0167775,3.7636678,-1
MEM-450-19,,Deputy Press Secretary,2019-09-23,2019,staff,-2.1793265,-4.536028,-1
MEM-448-19,,Lead Orange County District Representative,2019-09-23,2019,staff,-5.698295,13.844446,-1
MEM-444-19,Congressman Denny Heck (WA-10),Staff Assistant,2019-09-23,2019,staff,-1.7218541,7.781448,19
MEM-476-22,,Front Office Clerk,2022-09-26,2022,staff,5.723769,2.6322145,-1
MEM-472-22,Congressman A. Donald McEachin (VA-04),Staff Assistant/Driver,2022-09-26,2022,staff,-1.0712633,8.347504,-1
MEM-471-22,Congressman Dutch Ruppersberger (MD-02),Staff/Digital Assistant,2022-09-26,2022,staff,-3.4747205,-2.7260187,-1
MEM-389-21,,Legislative Counsel,2021-09-27,2021,staff,6.141673,5.6959147,-1
MEM-388-21,,Legislative Counsel,2021-09-27,2021,staff,6.0224113,5.7190485,-1
MEM-387-21,,Press and Digital Manager/Legislative Correspondent,2021-09-27,2021,staff,-3.716535,-3.5905716,-1
MEM-386-21,Congressman Earl Blumenauer (OR-03),Staff/Communications Assistant,2021-09-27,2021,staff,-2.6251404,-2.7534037,-1
MEM-385-21,Congressman Dan Kildee (MI-05),Legislative Assistant,2021-09-27,2021,staff,5.8659887,7.8320756,13
MEM-384-21,Congresswoman Nanette Diaz Barragán (CA-44),Scheduler | Executive Assistant,2021-09-27,2021,staff,1.5303752,17.633495,20
MEM-383-21,Congresswoman Katie Porter (CA-45),Legislative Assistant/Policy Adviser,2021-09-27,2021,staff,6.994391,7.4641795,-1
MEM-379-21,Congresswoman Marilyn Strickland (WA-10),Operations Manager,2021-09-27,2021,staff,2.4933567,16.818995,-1
MEM-378-21,Congressman Jamaal Bowman (NY-16),Executive/Scheduling Assistant,2021-09-27,2021,staff,1.398897,16.80472,-1
MEM-471-19,Congresswoman Alma S. Adams (NC-12),Chief of Staff,2019-09-30,2019,staff,5.8825197,9.218981,-1
MEM-470-19,Congresswoman Alma S. Adams (NC-12),Communications Director,2019-09-30,2019,staff,-0.8088423,-5.4322243,12
MEM-469-19,Congresswoman Jahana Hayes (CT-05),Legislative Correspondent,2019-09-30,2019,staff,-0.45841336,5.9555726,-1
MEM-467-19,Congresswoman Abigail Spanberger (VA-07),District Coordinator,2019-09-30,2019,staff,-5.622872,13.336415,-1
MEM-466-19,Congressman Greg Pence (IN-06),Press Secretary,2019-09-30,2019,staff,-2.6389005,-4.9322753,12
MEM-464-19,,Washington Press Secretary,2019-09-30,2019,staff,-2.8856356,-4.595649,12
MEM-462-19,,Attorney,2019-09-30,2019,staff,5.6211734,5.280491,-1
MEM-636-23,Congressman Glenn Ivey (MD-04),Chief of Staff,2023-12-25,2023,staff,5.803803,8.988083,-1
MEM-635-23,Congressman Brad Schneider (IL-10),Legislative Assistant,2023-12-25,2023,staff,6.319105,7.570376,-1
MEM-633-23,Congressman Jason Crow (CO-06),Military Legislative Assistant or National Security Advisor,2023-12-25,2023,staff,7.2806234,6.168867,-1
MEM-632-23,Congressman Steven Horsford (NV-04),Staff Assistant,2023-12-18,2023,staff,-2.0236757,8.498157,-1
MEM-631-23,Congresswoman Lois Frankel (FL-22),Legislative Correspondent/Legislative Aide,2023-12-18,2023,staff,5.2855873,7.6134806,-1
MEM-630-23,Representative Josh Gottheimer (NJ-05),Communications Director,2023-12-18,2023,staff,-0.7931266,-6.129342,12
MEM-628-23,Congresswoman Diana DeGette (CO-01),Health Policy Director,2023-12-18,2023,staff,7.2672706,7.4285545,-1
MEM-627-23,Congresswoman Diana DeGette (CO-01),Energy and Environment Legislative Assistant/Policy Director,2023-12-18,2023,staff,7.471636,7.882144,-1
MEM-626-23,Congressman Mark Pocan (WI-02),Legislative Assistant,2023-12-18,2023,staff,5.8461933,7.1361065,13
MEM-623-23,Congressman Juan Ciscomani (AZ-06),Digital Director,2023-12-18,2023,staff,-4.218445,-2.7858431,-1
MEM-622-23,Congressman Steven Horsford (NV-04),Health Legislative Assistant,2023-12-11,2023,staff,6.573151,7.462426,-1
MEM-546-23,,Member Services Director,2023-10-30,2023,staff,-0.2517127,-4.703357,-1
MEM-508-23,Congresswoman Shontel Brown (OH-11),Press Secretary/Digital Director,2023-10-16,2023,staff,-3.7848573,-3.885996,12
MEM-468-23,,Investigative Counsel,2023-09-11,2023,staff,9.386502,1.7672898,4
MEM-354-23,,Policy Director,2023-07-17,2023,staff,-0.2543563,-4.7089567,-1
MEM-025-24,Congressman Jim Costa (CA-21),Staff Assistant/Legislative Correspondent,2024-01-15,2024,staff,-1.0237185,7.0856276,-1
MEM-024-24,Congressman Jonathan L. Jackson (IL-01),Communications Director,2024-01-15,2024,staff,-0.56835246,-5.888656,12
MEM-023-24,Congressman Gabe Amo (RI-01),Legislative Assistant,2024-01-15,2024,staff,6.7399535,7.1267524,-1
MEM-021-24,Congressman Gabe Vasquez (NM-02),Legislative Assistant,2024-01-15,2024,staff,6.722302,7.5036125,-1
MEM-020-24,Congresswoman Sharice Davids (KS-03),Staff Assistant,2024-01-15,2024,staff,-1.6494732,8.0806675,-1
MEM-019-24,Congresswoman Kathy Manning (NC-06),Press Assistant,2024-01-15,2024,staff,-2.98151,-3.9128482,-1
MEM-018-24,Congressman Vern Buchanan (FL-16),Staff Assistant/Constituent Services,2024-01-15,2024,staff,-2.2865653,9.311803,-1
MEM-014-24,Congressman Kevin Mullin (CA-15),Senior Legislative Assistant,2024-01-08,2024,staff,7.411054,7.864693,-1
MEM-013-24,Congresswoman Michelle Steel (CA-45),Field Representative/Caseworker,2024-01-08,2024,staff,-6.0894666,14.146791,-1
MEM-012-24,Congresswoman Pramila Jayapal (WA-07),Legislative Counsel,2024-01-08,2024,staff,6.2303543,6.0946107,8
MEM-011-24,,Staff Assistant,2024-01-08,2024,staff,-1.7187111,8.343445,19
MEM-009-24,Congressman French Hill (AR-02),Financial Services Fellow,2024-01-08,2024,staff,4.8738456,6.6734753,-1
MEM-008-24,,Staff Assistant,2024-01-08,2024,staff,-1.561035,7.7587404,-1
MEM-007-24,,Staff Assistant/Driver,2024-01-08,2024,staff,-1.1068022,8.316514,19
MEM-005-24,Congressman Pat Ryan (NY-18),Legislative Director,2024-01-08,2024,staff,6.5511694,9.267405,-1
MEM-004-24,Congresswoman Susan Wild (PA-07),Legislative Assistant,2024-01-08,2024,staff,6.493861,6.784577,-1
MEM-003-24,Congresswoman Susan Wild (PA-07),Communications Director,2024-01-08,2024,staff,-0.7375053,-5.9055233,12
MEM-001-24,Congressman Gabe Amo (RI-01),Press Secretary,2024-01-08,2024,staff,-2.4310071,-5.1044707,12
MEM-033-24,Congresswoman Jill Tokuda (HI-02),Communications Director,2024-01-22,2024,staff,-1.5447308,-5.7401195,-1
MEM-032-24,Congresswoman Susie Lee (NV-03),Legislative Director,2024-01-22,2024,staff,6.545859,9.199288,-1
MEM-030-24,,Scheduler/Executive Assistant or Director of Operations,2024-01-22,2024,staff,1.7500563,16.854643,20
MEM-029-24,Congressman Mike Flood (NE-01),Staff Assistant,2024-01-22,2024,staff,-2.2655046,8.518778,-1
MEM-028-24,Congresswoman Mary Peltola (AK-AL),Special Projects & Grant Coordinator,2024-01-22,2024,staff,-4.6150184,13.728875,-1
MEM-027-24,Congresswoman Mary Peltola (AK-AL),Caseworker/Field Representative,2024-01-22,2024,staff,-6.724207,13.716311,-1
MEM-026-24,Congresswoman Jill Tokuda (HI-02),Community Relations Manager,2024-01-22,2024,staff,-3.0559351,10.646128,-1
MEM-042-24,,Legislative Correspondent/Staff Assistant,2024-01-29,2024,staff,-0.79849756,6.8003736,-1
MEM-041-24,Congressman Raul Ruiz (CA-25),Press Secretary/Communications Director,2024-01-29,2024,staff,-0.44813716,-5.666774,12
MEM-040-24,Congresswoman Jill Tokuda (HI-02),Part-Time Field Representative,2024-01-29,2024,staff,-3.0810752,10.669104,-1
MEM-039-24,Congresswoman Jill Tokuda (HI-02),Part-time Field Representative,2024-01-29,2024,staff,-3.023089,10.613442,-1
MEM-010-24,Congresswoman Emilia Sykes (OH-13),Legislative Director,2024-01-08,2024,staff,6.5167007,9.199844,-1
MEM-002-24,Congresswoman Rosa L. DeLauro (CT-03),Legislative Correspondent,2024-01-08,2024,staff,-0.60802555,6.0617776,-1
MEM-606-22,Congressman Lloyd Doggett (TX-35),Field Representative,2022-12-19,2022,staff,-6.0310125,14.247777,-1
MEM-605-22,Congressman Jake Auchincloss (MA-04),Staff Assistant,2022-12-19,2022,staff,-1.8104789,8.327874,19
MEM-602-22,,Communications Director,2022-12-19,2022,staff,-1.1965305,-6.1767535,12
MEM-601-22,Congresswoman Stacey E. Plaskett (VI-AL),Scheduler/Director of Operations,2022-12-19,2022,staff,2.520018,17.138369,20
MEM-600-22,Rep. Adriano Espaillat (NY-13),Immigration Caseworker,2022-12-19,2022,staff,-6.8147745,13.393803,-1
MEM-599-22,Congressman Adriano Espaillat (NY-13),Digital Media Manager,2022-12-19,2022,staff,-3.9286652,-2.9079072,-1
MEM-596-22,Congressman Tom McClintock (CA-04),Director of Operations,2022-12-12,2022,staff,2.4038725,16.755213,-1
MEM-595-22,,Senior Legislative Assistant or Counsel – Financial Services,2022-12-12,2022,staff,4.8817935,6.680978,10
MEM-586-22,Congresswoman Susie Lee (NV-03),Legislative Assistant,2022-12-12,2022,staff,6.558732,7.3063116,-1
MEM-352-18,,Outreach Representative,2018-10-01,2018,staff,-5.111574,13.666106,-1
MEM-345-18,Congressman Justin Amash (MI),Staff Assistant,2018-09-24,2018,staff,0.98503596,16.297606,-1
MEM-340-18,,District Representative,2018-09-24,2018,staff,-5.3413925,13.688473,-1
MEM-339-18,,Staff Assistant,2018-09-24,2018,staff,10.698169,0.9952146,6
MEM-337-18,Congressman Mark DeSaulnier (CA-11),Social Media Coordinator,2018-09-24,2018,staff,-3.7116637,-3.1700048,-1
MEM-333-18,Congresswoman Tulsi Gabbard (HI-02),Communications Director,2018-09-17,2018,staff,-1.5955594,-5.724703,12
MEM-330-18,,Counsel,2018-09-11,2018,staff,6.8847637,3.953778,7
MEM-328-18,,District Director,2018-09-11,2018,staff,-4.3438444,12.569216,11
MEM-319-18,Congressman Tom McClintock (CA-04),Legislative Assistant,2018-09-04,2018,staff,5.7790265,7.132398,-1
MEM-297-18,,Constituent Engagement Officer,2018-08-27,2018,staff,-5.9909034,13.002542,-1
MEM-296-18,,Staff Assistant/Press Assistant,2018-08-27,2018,staff,-1.9724857,7.4196734,-1
MEM-288-18,Congresswoman Linda Sánchez (CA-38),Staff Assistant,2018-08-21,2018,staff,-2.081114,9.155169,17
MEM-285-18,,Senior Legislative Assistant,2018-08-21,2018,staff,2.1623914,6.490174,9
MEM-284-18,,Press Secretary,2018-08-21,2018,staff,-2.6382809,-4.875003,12
MEM-282-18,,Legislative Director,2018-08-21,2018,staff,6.8312654,8.951384,-1
MEM-281-18,,Staff Assistant,2018-08-21,2018,staff,4.654392,3.0123143,14
MEM-480-22,Congresswoman Lisa Blunt Rochester (DE-At Large),Legislative Assistant,2022-10-03,2022,staff,7.3433433,7.968281,-1
MEM-399-21,Congresswoman Sara Jacobs (CA-53),Digital Manager/Press Secretary,2021-10-04,2021,staff,-3.980388,-3.898079,12
MEM-397-21,Congresswoman Angie Craig (MN-02),Staff Assistant,2021-10-04,2021,staff,-1.7285079,7.630264,-1
MEM-396-21,,Staff Assistant,2021-10-04,2021,staff,-2.2733142,8.849214,-1
MEM-395-21,,Director of Operations,2021-10-04,2021,staff,10.517025,1.3067597,-1
MEM-394-21,Congressman Tom Suozzi (NY-03),Legislative Assistant,2021-10-04,2021,staff,6.12632,6.848128,-1
MEM-393-21,,Staff Assistant,2021-10-04,2021,staff,-1.518135,7.738405,-1
MEM-390-21,Congresswoman Teresa Leger Fernández (NM-03),Communications Director,2021-10-04,2021,staff,-0.5874091,-5.560341,12
MEM-487-19,,Constituent Services Representative,2019-10-07,2019,staff,-5.9692545,13.11795,-1
MEM-483-19,,Operations Manager/Executive Assistant,2019-10-07,2019,staff,1.3072075,16.676344,-1
MEM-482-19,,Economic Policy Staffer,2019-10-07,2019,staff,4.720818,4.546684,-1
MEM-480-19,Congressman Justin Amash (MI-03),Legislative Counsel,2019-10-07,2019,staff,-7.410143,4.3803306,3
MEM-479-19,Congresswoman Lauren Underwood (IL-14),Constituent Services Representative,2019-10-07,2019,staff,-6.4039826,13.1695175,-1
MEM-477-19,Congressman Pete Aguilar (CA-31),Legislative Correspondent,2019-10-07,2019,staff,-0.6397927,6.1818724,-1
MEM-474-19,,Energy Professional Staff or Counsel,2019-10-07,2019,staff,6.028888,3.7845159,-1
MEM-473-19,Congressman Harley Rouda (CA-48),Press/Digital Assistant,2019-10-07,2019,staff,-3.3568916,-3.2725205,12
MEM-361-18,Congresswoman Katherine M. Clark (MA-05),Military & Veterans Constituent Service Representative (CSR),2018-10-09,2018,staff,-6.095458,13.410991,15
MEM-360-18,,Professional Staffer Or Counsel,2018-10-09,2018,staff,6.222562,3.9421644,7
MEM-356-18,Congressman Bill Posey (FL-8),Scheduler/Executive Assistant,2018-10-09,2018,staff,1.821622,17.20305,-1
MEM-354-18,Congressman Jimmy Gomez (CA-34),Digital Content Manager,2018-10-09,2018,staff,-4.1236444,-2.9047046,-1
MEM-485-22,,Oversight Counsel,2022-10-11,2022,staff,6.972953,3.988021,-1
MEM-411-21,Congresswoman Susie Lee (NV-03),Military Legislative Assistant,2021-10-12,2021,staff,7.378435,6.3031015,-1
MEM-410-21,,Operations Manager,2021-10-12,2021,staff,2.4722397,16.809923,-1
MEM-408-21,,Staff Assistant,2021-10-12,2021,staff,-1.470055,8.283117,19
MEM-401-21,Congressman Jamaal Bowman (NY-16),Digital Director,2021-10-12,2021,staff,-4.2711864,-2.8198462,12
MEM-400-21,Congressman Frank Pallone (NJ-06),Staff Assistant,2021-10-12,2021,staff,-1.9894451,7.660729,-1
MEM-368-18,,Staff Assistant,2018-10-15,2018,staff,4.638133,3.2030582,-1
MEM-364-18,,Legislative Correspondent,2018-10-15,2018,staff,-0.6229919,5.7164583,16
MEM-506-19,,Legislative Correspondent/Press Assistant,2019-10-15,2019,staff,-0.70643955,5.491503,-1
MEM-498-19,Congressman Tom Malinowski (NJ-07),Staff Assistant,2019-10-15,2019,staff,-2.002524,8.91162,-1
MEM-495-19,,Communications Director,2019-10-15,2019,staff,-1.0440768,-5.918067,-1
MEM-517-23,,Legislative Assistant,2023-10-16,2023,staff,6.6189017,7.408843,-1
MEM-512-23,Congresswoman Lois Frankel (FL-22),Digital/Press Staffer,2023-10-16,2023,staff,-3.6536436,-3.2091584,-1
MEM-510-23,Congressman Ed Case (HI-01),Staff Assistant,2023-10-16,2023,staff,-2.9036171,10.45225,18
MEM-507-23,,Staff Assistant,2023-10-16,2023,staff,4.7034,3.085463,-1
MEM-506-23,Congressman Josh Gottheimer (NJ-05),Legislative Assistant,2023-10-16,2023,staff,6.824256,6.2946033,-1
MEM-505-23,Congresswoman Jill Tokuda (HI-02),West Hawaiʻi Island Field Representative,2023-10-16,2023,staff,-3.0570138,10.642547,-1
MEM-500-23,Congresswoman Andrea Salinas (OR-06),Grants Coordinator And Field Representative,2023-10-16,2023,staff,-4.65195,13.753258,-1
MEM-499-23,Congresswoman Andrea Salinas (OR-06),Digital Outreach Manager,2023-10-16,2023,staff,-3.9705548,-3.4184773,-1
MEM-496-23,Congressman Rob Wittman (VA-01),Communications Assistant,2023-10-02,2023,staff,-3.1360805,-3.6121585,-1
MEM-495-23,Congresswoman Dina Titus (NV-01),Communications Director,2023-10-02,2023,staff,-0.94435465,-6.816849,12
MEM-494-23,Congresswoman Jennifer McClellan (VA-04),Communications Staffer,2023-10-02,2023,staff,-3.5676198,-3.0687091,-1
MEM-493-23,Congressman Glenn Ivey (MD-04),Staff Assistant/Legislative Correspondent,2023-10-02,2023,staff,-1.0934384,7.208949,-1
MEM-490-23,Congressman Jamie Raskin (MD-08),Scheduler,2023-09-25,2023,staff,2.388176,17.526428,20
MEM-489-23,,Staff Assistant,2023-09-25,2023,staff,-1.7802056,7.898406,19
MEM-483-23,Congresswoman Nanette Diaz Barragán (CA-44),Legislative Assistant,2023-09-25,2023,staff,6.7740536,7.372969,-1
MEM-481-23,Representative Jason Crow (CO-6),District Director,2023-09-25,2023,staff,-4.1784678,12.615111,-1
MEM-478-23,,Member Services Coordinator,2023-09-25,2023,staff,4.8903465,3.2105784,-1
MEM-477-23,Congressman Jason Crow (CO-6),Digital Assistant Or Manager,2023-09-25,2023,staff,-4.0151486,-2.7501183,-1
MEM-448-23,,Professional Staff Member,2023-08-21,2023,staff,7.3760757,6.225501,-1
MEM-305-23,House Democratic Policy and Communications Committee,DPCC Communications Director,2023-06-20,2023,staff,-0.5698862,-5.3970704,-1
MEM-300-23,Congressman Steven Horsford (NV-04),Legislative Director,2023-06-12,2023,staff,6.581341,9.209787,-1
MEM-494-22,,Staff Assistant/Press Assistant,2022-10-17,2022,staff,-2.6676397,-2.7671766,-1
MEM-492-22,Representative Nanette Diaz Barragán (CA-44),Communications Director,2022-10-17,2022,staff,-0.47878242,-5.5656223,12
MEM-425-21,Congressman Ami Bera (CA-07),Senior Policy Advisor,2021-10-18,2021,staff,7.224682,7.401787,-1
MEM-424-21,Congressman Tony Cárdenas (CA-29),Press Assistant,2021-10-18,2021,staff,-3.147612,-3.4538965,-1
MEM-423-21,Congressman Jimmy Panetta (CA-20),Legislative Assistant,2021-10-18,2021,staff,6.95233,7.7876515,-1
MEM-422-21,Congresswoman Ayanna Pressley (MA-07),Press Secretary/Deputy Press Secretary,2021-10-18,2021,staff,-2.9207551,-4.4658723,-1
MEM-421-21,Congressman John Sarbanes (MD-03),Legislative Director,2021-10-18,2021,staff,6.905167,9.069475,-1
MEM-416-21,,Legislative Assistant,2021-10-18,2021,staff,6.1560845,6.8164854,13
MEM-255-20,,Staff Assistant,2020-10-19,2020,staff,-1.7711017,7.504349,19
MEM-253-20,,Staff Assistant,2020-10-19,2020,staff,10.866843,1.1863546,6
MEM-251-20,,Advice and Education Counsel,2020-10-19,2020,staff,11.246689,2.4561062,5
MEM-249-20,Congresswoman Katie Porter (CA-45),Constituent Services Coordinator,2020-10-19,2020,staff,-6.0416493,13.312363,-1
MEM-247-20,,Legislative Assistant,2020-10-19,2020,staff,6.5308723,7.1573358,-1
MEM-246-20,,Counsel,2020-10-19,2020,staff,7.232534,4.1040497,7
MEM-245-20,,Deputy Communications Director,2020-10-19,2020,staff,-0.8025589,-5.8895397,-1
MEM-498-23,Congresswoman Hillary Scholten (MI-03),Outreach and Grants Coordinator,2023-10-02,2023,staff,-4.638626,13.74126,-1
MEM-497-23,Congresswoman Hillary Scholten (MI-03),Legislative Director,2023-10-02,2023,staff,6.5126605,9.169894,-1
MEM-474-23,Congressman Sanford Bishop (GA-02),Scheduler,2023-09-18,2023,staff,2.4287043,17.295254,20
MEM-472-23,Congresswoman Rosa DeLauro (CT-03),Speechwriter,2023-09-18,2023,staff,-3.3145509,-5.733888,-1
MEM-470-23,Congresswoman Mary Peltola (AK-00),Legislative Assistant,2023-09-18,2023,staff,6.46978,7.623316,-1
MEM-466-23,Congresswoman Lois Frankel (FL-22),Legislative Assistant/Foreign Policy Advisor,2023-09-11,2023,staff,5.3393116,7.606566,-1
MEM-464-23,Congresswoman Diana DeGette (CO-01),Press Secretary / Digital Director / Deputy Communications Director,2023-09-11,2023,staff,-3.6018832,-3.8590732,12
MEM-463-23,Congressman Dan Kildee (MI-08),Legislative Assistant,2023-09-11,2023,staff,5.90455,7.8019834,13
MEM-462-23,Congresswoman Alma S. Adams (NC-12),Communications Director,2023-09-11,2023,staff,-0.85240924,-6.0906434,12
MEM-NV04-LD-23,,Legislative Director,2023-06-12,2023,staff,6.770538,8.885001,-1
MEM-519-19,,Staff Assistant,2019-10-21,2019,staff,10.8242,1.121438,6
MEM-375-18,Congressman Lloyd Doggett (TX),Senior Legislative Aide,2018-10-22,2018,staff,2.165819,6.505687,9
MEM-371-18,Congresswoman Frederica S. Wilson (FL-24),Legislative Director,2018-10-22,2018,staff,7.0835257,9.0796385,-1
MEM-538-23,Congresswoman Porter (CA-47),Legislative Assistant,2023-10-23,2023,staff,5.941256,7.4613175,-1
MEM-532-23,Congressman Henry Cuellar (TX-28),Press Secretary,2023-10-23,2023,staff,-3.1661527,-4.904737,12
MEM-530-23,,Staff Assistant,2023-10-23,2023,staff,-2.4386604,7.9579554,19
MEM-529-23,,Legislative Correspondent/Press Assistant,2023-10-23,2023,staff,-0.6572087,5.563429,16
MEM-527-23,Congresswoman Julia Brownley (CA-26),Director of Scheduling and Operations,2023-10-23,2023,staff,2.5383847,16.921642,-1
MEM-526-23,Congresswoman Lucy McBath (GA-07),Constituent Services and Field Representative,2023-10-23,2023,staff,-5.961503,13.1206665,-1
MEM-261-20,Congressman Ed Case (HI-01),Staff Assistant,2020-10-26,2020,staff,-2.9407141,10.510249,18
MEM-258-20,Congresswoman Katie Porter (CA-45),Staff Assistant,2020-10-26,2020,staff,-2.2256932,8.502503,-1
MEM-256-20,,Digital Press Secretary,2020-10-26,2020,staff,-3.9485624,-3.8129365,-1
MEM-541-19,Congressman Harley Rouda (CA-48),Press/Digital Assistant,2019-10-28,2019,staff,-3.3555434,-3.2659504,12
MEM-539-19,,Financial Disclosure Counsel,2019-10-28,2019,staff,13.011265,1.0843482,5
MEM-533-19,,Legislative Assistant,2019-10-28,2019,staff,5.854775,7.204797,13
MEM-532-19,,Press Assistant,2019-10-28,2019,staff,-2.9157517,-4.4263225,-1
MEM-531-19,,Communications Director,2019-10-28,2019,staff,-1.1835097,-5.23015,12
MEM-388-18,,Staff Assistant,2018-10-29,2018,staff,-2.53341,8.004621,19
MEM-379-18,Congressman Lloyd Doggett (TX-35),Senior Legislative Aide,2018-10-29,2018,staff,2.1345181,6.513353,9
MEM-556-23,Congresswoman Susie Lee (NV-03),Legislative Director,2023-10-30,2023,staff,6.526412,9.213677,-1
MEM-552-23,,Press Secretary/Digital Director,2023-10-30,2023,staff,-3.6145077,-3.9735434,-1
MEM-551-23,Congresswoman Susie Lee (NV-03),Legislative Director,2023-10-30,2023,staff,6.598812,9.151707,-1
MEM-544-23,,Committee Clerk,2023-10-30,2023,staff,5.674603,2.5906055,-1
MEM-543-23,,Caseworker,2023-10-30,2023,staff,-6.781661,13.687307,-1
MEM-519-22,Congressman Don Beyer (VA-08),Scheduler,2022-10-31,2022,staff,2.468723,17.530598,20
MEM-518-22,,Staff Assistant,2022-10-31,2022,staff,4.911771,3.6659043,-1
MEM-514-22,Congressman Mark Pocan (WI-02),Legislative Assistant,2022-10-31,2022,staff,5.806308,7.1744757,13
MEM-513-22,Congressman Clay Higgins (LA-03),Legislative Assistant,2022-10-31,2022,staff,6.28441,7.471246,-1
MEM-510-22,,Financial Disclosure Counsel,2022-10-31,2022,staff,13.022533,1.0905851,5
MEM-480-21,Congresswoman Debbie Wasserman Schultz (FL-23),Senior Legislative Assistant and Appropriations Associate,2021-11-01,2021,staff,6.9574943,7.7881947,-1
MEM-478-21,Congressman Mark Pocan (WI-02),Senior Legislative Assistant,2021-11-01,2021,staff,5.8226175,7.124774,13
MEM-476-21,Congresswoman Brenda Lawrence (MI-14),Constituent Service Representative/Caseworker,2021-11-01,2021,staff,-6.4603453,12.9147625,-1
MEM-475-21,,Scheduler/Executive Assistant,2021-11-01,2021,staff,1.669169,16.97607,20
MEM-474-21,,Legislative Assistant,2021-11-01,2021,staff,6.0811663,7.5983157,13
MEM-470-21,Congressman Jimmy Gomez (CA-34),Staff Assistant,2021-11-01,2021,staff,-1.6193848,7.8519177,-1
MEM-469-21,Congressman Seth Moulton (MA-06),Communications Director,2021-11-01,2021,staff,-0.7913612,-6.108781,-1
MEM-459-21,,Director of Advice and Education,2021-11-01,2021,staff,11.241551,2.4516706,5
MEM-455-21,,Assistant Clerk/Security Manager,2021-11-01,2021,staff,5.872908,2.726666,-1
MEM-452-21,,Communications Director,2021-11-01,2021,staff,-0.9118609,-5.537034,12
MEM-451-21,,Communications Assistant,2021-11-01,2021,staff,-2.937061,-3.7489474,-1
MEM-450-21,Congresswoman Nanette Diaz Barragán (CA-44),Press Secretary/Digital Director,2021-11-01,2021,staff,-3.996157,-3.980237,12
MEM-449-21,Representative Nanette Diaz Barragán (CA-44),Legislative Assistant/CHC Liaison,2021-11-01,2021,staff,7.16924,6.908472,-1
MEM-448-21,,Committee Clerk,2021-11-01,2021,staff,5.656774,2.591379,-1
MEM-445-21,,Legislative Assistant,2021-11-01,2021,staff,6.7093315,7.8928075,-1
MEM-443-21,Congresswoman Diana DeGette (CO-01),Deputy Press Secretary/Digital Director,2021-11-01,2021,staff,-3.6094332,-3.7927716,12
MEM-440-21,Congressman Vicente Gonzalez (TX-15),Press Secretary,2021-11-01,2021,staff,-3.0814955,-4.8043337,12
MEM-439-21,Congresswoman Katherine M. Clark (MA-5),Staff Assistant,2021-11-01,2021,staff,-2.462929,9.087643,17
MEM-438-21,Congressman Jared Huffman (CA-02),Wounded Warrior Fellow,2021-11-01,2021,staff,-6.082536,13.501287,-1
MEM-264-20,Congresswoman Brenda L. Lawrence (MI-14),Press Secretary/Communications Director,2020-11-02,2020,staff,-2.7998993,-4.7781196,12
MEM-263-20,,Digital Assistant,2020-11-02,2020,staff,-3.8554392,-2.8650312,-1
MEM-568-19,,Antitrust Counsel,2019-11-04,2019,staff,6.196854,5.439627,-1
MEM-567-19,,Counsel,2019-11-04,2019,staff,6.257418,3.99402,7
MEM-566-19,Congressman Paul Cook (CA-08),Legislative Assistant,2019-11-04,2019,staff,6.9549656,7.779322,-1
MEM-555-19,,Press Assistant,2019-11-04,2019,staff,-2.366617,-4.082682,12
MEM-394-18,,Staff Assistant,2018-11-05,2018,staff,-1.7972627,7.4277067,19
MEM-574-23,Congressman Jamie Raskin (MD-08),Staff Assistant/Driver,2023-11-06,2023,staff,-0.9806535,8.402585,-1
MEM-573-23,"Congressman Ami Bera, M.D. (CA-06)",Press/Digital Assistant,2023-11-06,2023,staff,-3.4819202,-3.1697416,-1
MEM-570-23,,Staff Assistant,2023-11-06,2023,staff,10.804703,1.1349984,6
MEM-565-23,,Professional Staff Member,2023-11-06,2023,staff,7.387677,1.3522644,2
MEM-564-23,,"Professional Staff Member, Subcommittee on Health, House Committee on Veterans' Affairs (Democratic Staff)",2023-11-06,2023,staff,7.370513,1.3438301,2
MEM-522-22,,Executive Assistant/Scheduler,2022-11-07,2022,staff,1.4713264,16.80445,20
MEM-516-21,,Senior Counsel,2021-11-08,2021,staff,6.928353,3.957753,7
MEM-515-21,"Congressman Frank Pallone, Jr. (NJ-06)",Staff Assistant / District Field Representative,2021-11-08,2021,staff,-4.929242,13.102609,-1
MEM-512-21,Congresswoman Brenda L. Lawrence (MI-14),Communications Director,2021-11-08,2021,staff,-1.3132325,-5.932195,12
MEM-509-21,Congresswoman Lisa Blunt Rochester (DE-At Large),Legislative Correspondent,2021-11-08,2021,staff,-0.65506864,6.0656223,-1
MEM-508-21,Congressman Sean Patrick Maloney (NY-18),Legislative Assistant,2021-11-08,2021,staff,6.1687713,7.3385596,-1
MEM-507-21,,Advice and Education Counsel,2021-11-08,2021,staff,11.23594,2.4548533,5
MEM-506-21,,Financial Disclosure Counsel,2021-11-08,2021,staff,13.010208,1.0832765,5
MEM-505-21,Congressman Sean Casten (IL-06),Staff Assistant/Intern Coordinator,2021-11-08,2021,staff,-2.5753388,9.155935,17
MEM-503-21,,Legislative Aide/Professional Staff Member,2021-11-08,2021,staff,6.134476,5.585846,-1
MEM-501-21,,Counsel,2021-11-08,2021,staff,6.2110586,5.4573174,-1
MEM-497-21,,Research Assistant,2021-11-08,2021,staff,7.471627,1.0058188,2
MEM-491-21,Congressman Sean Casten (IL-06),Press/Digital Associate,2021-11-08,2021,staff,-3.3896904,-3.111739,-1
MEM-490-21,,Scheduler,2021-11-08,2021,staff,2.0205503,17.681927,-1
MEM-489-21,Congressman Jimmy Panetta (CA-20),Military Legislative Assistant,2021-11-08,2021,staff,7.3604984,6.2645373,-1
MEM-486-21,,Staff Assistant/Legislative Correspondent,2021-11-08,2021,staff,-1.1435086,7.1895633,19
MEM-272-20,Congresswoman Jahana Hayes (CT-05),Legislative Correspondent,2020-11-09,2020,staff,-0.41850123,5.913878,-1
MEM-269-20,Congresswoman Linda Sánchez (CA-38),Caseworker/Field Representative,2020-11-09,2020,staff,-6.2407446,14.089986,-1
MEM-268-20,,Scheduler,2020-11-09,2020,staff,2.2746575,17.814682,20
CAO-Req116,,Transition Aide,2020-11-09,2020,staff,-1.8406264,7.9295936,-1
MEM-592-19,Congresswoman Abby Finkenauer (IA-01),Communications Director,2019-11-12,2019,staff,-0.9945728,-6.150437,-1
MEM-587-19,,Communications Director,2019-11-12,2019,staff,-0.9253747,-5.435453,12
MEM-588-23,,Legislative Assistant,2023-11-13,2023,staff,7.377913,1.1241207,2
MEM-580-23,,Special Assistant,2023-11-13,2023,staff,-1.1774967,8.753662,-1
MEM-579-23,Congressman Mike Levin (CA-49),Staff Assistant,2023-11-13,2023,staff,-2.530372,9.117058,-1
MEM-578-23,,Staff Assistant,2023-11-13,2023,staff,-2.3355935,7.5639224,19
MEM-577-23,,Legislative Correspondent/Legislative Assistant,2023-11-13,2023,staff,-0.6455899,6.014933,-1
MEM-410-18,"Congressman Roger Marshall, M.D. (KS-01)",Health Policy Advisor,2018-11-14,2018,staff,7.2646275,7.3937593,-1
MEM-550-22,,Policy Director,2022-11-14,2022,staff,-0.2545322,-4.707057,-1
MEM-548-22,Congressman Ed Case (HI-01),Staff Assistant,2022-11-14,2022,staff,-2.9043975,10.472333,18
MEM-547-22,Congressman Ed Case (HI-01),Constituent Services Assistant,2022-11-14,2022,staff,-2.982895,10.515519,18
MEM-546-22,Congresswoman Pramila Jayapal (WA-07),Scheduler,2022-11-14,2022,staff,2.4178627,17.36362,20
MEM-544-22,Congressman Andy Kim (NJ-03),Outreach Director,2022-11-14,2022,staff,-4.3456984,12.806362,-1
MEM-543-22,,Legislative Assistant,2022-11-14,2022,staff,2.164122,6.487439,9
MEM-541-22,,Senior Legislative Assistant and Counsel,2022-11-14,2022,staff,5.822103,5.5411487,13
MEM-540-22,,Legislative Assistant,2022-11-14,2022,staff,6.105345,7.5983567,13
MEM-535-22,Congressman Seth Moulton (MA-06),Senior Legislative Assistant,2022-11-14,2022,staff,5.9329586,6.934802,-1
MEM-533-22,Congressman Mark Pocan (WI-02),Digital Director / Press Secretary,2022-11-14,2022,staff,-4.25105,-3.2534626,12
MEM-531-22,,Communications Director,2022-11-14,2022,staff,-0.6815012,-5.5228734,12
MEM-530-22,Congresswoman Deborah Ross (NC-02),Staff Assistant,2022-11-14,2022,staff,-1.2270112,8.233795,-1
MEM-526-21,Congressman Jared Golden (ME-02),Press Assistant/Deputy Press Secretary,2021-11-15,2021,staff,-2.930215,-4.4030247,12
MEM-525-21,Congressman Sean Patrick Maloney (NY-18),Digital Director,2021-11-15,2021,staff,-4.3080034,-2.8959546,12
MEM-520-21,Congressman Jim Costa (CA-16),Legislative Assistant,2021-11-15,2021,staff,6.893057,7.086626,-1
MEM-280-20,,Staff Assistant/Driver,2020-11-16,2020,staff,-1.1275474,8.408382,-1
MEM-278-20,,Counsel/Professional Staff Member,2020-11-16,2020,staff,6.0502477,4.0660024,7
MEM-429-18,,Staff Assistant,2018-11-19,2018,staff,-1.9128801,7.4573708,-1
MEM-418-18,,Staff Assistant,2018-11-19,2018,staff,-1.9090874,7.456614,19
MEM-606-19,,Press Secretary,2019-11-19,2019,staff,-2.8884368,-4.7624717,12
MEM-599-19,,Communications Director,2019-11-19,2019,staff,-0.5525254,-5.5436397,12
MEM-589-23,,Deputy Communications Director/Press Secretary,2023-11-20,2023,staff,-3.291507,-4.9603653,12
MEM-567-22,Representative Spanberger (VA-07),Staff Assistant,2022-11-21,2022,staff,-2.237672,7.830733,-1
MEM-566-22,,Legislative Assistant,2022-11-21,2022,staff,6.172562,7.5142083,-1
MEM-565-22,Congressman Dean Phillips (MN-03),Legislative Director,2022-11-21,2022,staff,6.6833363,9.175876,-1
MEM-563-22,Congresswoman Lisa Blunt Rochester (DE-At Large),Legislative Correspondent,2022-11-21,2022,staff,-0.5982741,6.0062475,19
MEM-560-22,Congressman Raja Krishnamoorthi (IL-08),Legislative Director,2022-11-21,2022,staff,6.62538,9.257664,-1
MEM-556-22,Congressman Seth Moulton (MA-06),Senior Legislative Assistant,2022-11-21,2022,staff,5.9481397,6.8819027,-1
MEM-555-22,Congressman Dan Kildee (MI-05),Legislative Assistant,2022-11-21,2022,staff,6.05502,7.790923,13
MEM-554-22,Congressman Mike Levin (CA-49),Communications Director,2022-11-21,2022,staff,-0.77415526,-5.6007605,12
MEM-538-21,Congressman Ami Bera (CA-07),Legislative Assistant,2021-11-22,2021,staff,7.1051435,7.4154043,-1
MEM-537-21,Congressman Ruben Gallego (AZ-07),Field Representative / Caseworker,2021-11-22,2021,staff,-6.1112847,14.170195,-1
MEM-536-21,Congressman Ruben Gallego (AZ-07),Staff Assistant,2021-11-22,2021,staff,-2.1681108,9.042098,-1
MEM-528-21,,Staff Assistant,2021-11-22,2021,staff,-1.7685817,7.529239,-1
MEM-296-20,,Policy Analyst,2020-11-23,2020,staff,5.8433523,4.090931,7
MEM-294-20,,Staff Assistant,2020-11-23,2020,staff,4.780355,3.1551461,14
MEM-293-20,,Professional Staff Member,2020-11-23,2020,staff,7.709795,4.5871077,-1
MEM-292-20,,Professional Staff Member,2020-11-23,2020,staff,7.7326083,4.5218406,-1
MEM-290-20,Congressman Mike Johnson (LA-04),Communications Director,2020-11-23,2020,staff,-1.2741857,-5.8711224,-1
MEM-622-19,Congresswoman Abigail Spanberger (VA-7),Legislative Director,2019-11-25,2019,staff,6.5445347,9.318313,-1
MEM-621-19,Congresswoman Abigail Spanberger (VA-7),Legislative Assistant,2019-11-25,2019,staff,6.6942773,7.744056,-1
MEM-613-19,,Legislative Director,2019-11-25,2019,staff,6.7813263,8.914259,-1
MEM-442-18,,Press Assistant,2018-11-27,2018,staff,-2.4132297,-4.01271,12
MEM-441-18,,Staff Writer,2018-11-27,2018,staff,-3.2811744,-5.6889267,-1
MEM-440-18,,Digital Communications Manager,2018-11-27,2018,staff,-4.0622635,-2.8882313,-1
MEM-604-23,Congresswoman Sara Jacobs (CA-51),Community Representative,2023-11-27,2023,staff,-5.866727,13.936276,-1
MEM-603-23,Congresswoman Hillary Scholten (MI-03),Legislative Assistant/Senior Legislative Assistant,2023-11-27,2023,staff,5.950777,7.773693,-1
MEM-573-22,Congresswoman Sharice Davids (KS-03),Staff Assistant,2022-11-28,2022,staff,-1.5893041,8.096676,-1
MEM-572-22,Congresswoman Susan Wild (PA-07),Legislative Director,2022-11-28,2022,staff,6.578359,9.324038,-1
MEM-571-22,,Communications Director,2022-11-28,2022,staff,-1.5498121,-4.816348,-1
MEM-546-21,Congresswoman Eleanor Holmes Norton (DC-00),Constituent Liaison,2021-11-29,2021,staff,-5.71075,12.843853,11
MEM-545-21,Congressman Ken Buck (CO-04),Chief Counsel,2021-11-29,2021,staff,6.2037854,5.2873287,-1
MEM-544-21,,Scheduler,2021-11-29,2021,staff,1.8644449,17.384361,20
MEM-543-21,House Select Subcommittee on the Coronavirus Crisis,Digital Director/Press Secretary,2021-11-29,2021,staff,-4.259466,-3.234544,12
MEM-542-21,Congressman David Trone (MD-06),District Staff Member,2021-11-29,2021,staff,-6.253579,12.9217205,15
MEM-300-20,Congresswoman Abigail Spanberger (VA-07),Scheduler,2020-11-30,2020,staff,2.1526527,17.411476,-1
MEM-298-20,,Legislative Assistant,2020-11-30,2020,staff,7.6894803,4.700327,-1
MEM-466-18,,Staff Assistant,2018-12-03,2018,staff,4.727888,3.1227818,-1
MEM-464-18,,Staff Assistant,2018-12-03,2018,staff,-1.7795813,7.4662724,19
MEM-463-18,,Deputy Scheduler,2018-12-03,2018,staff,2.2730925,17.732422,20
MEM-462-18,,Deputy Press Secretary,2018-12-03,2018,staff,-2.4670048,-4.6897764,-1
MEM-581-22,Congressman Joaquin Castro (TX-20),Scheduler,2022-12-05,2022,staff,2.2907853,17.479473,20
MEM-575-22,Congressman Mark DeSaulnier (CA-10),Senior Legislative Assistant,2022-12-05,2022,staff,6.262598,6.9579115,13
MEM-566-21,Congressman Andy Kim (NJ-03),Scheduler,2021-12-06,2021,staff,2.3786993,17.526659,-1
MEM-562-21,Congressman Adriano Espaillat (NY-13),Legislative Assistant/Senior Legislative Assistant,2021-12-06,2021,staff,6.816802,6.7255025,-1
MEM-559-21,,Communications Director,2021-12-06,2021,staff,-0.894464,-5.600218,-1
MEM-556-21,,Director of Financial Disclosure,2021-12-06,2021,staff,13.008044,1.0824741,5
MEM-553-21,,Professional Staff - Labor,2021-12-06,2021,staff,7.748037,4.491788,-1
MEM-552-21,,Labor Policy Counsel,2021-12-06,2021,staff,7.827122,4.372802,1
MEM-551-21,,Civil Rights Counsel – Labor and Health,2021-12-06,2021,staff,8.067677,4.171586,1
MEM-550-21,,Civil Rights Counsel – Education,2021-12-06,2021,staff,8.077614,4.152354,1
MEM-549-21,,Oversight Counsel – Labor and Health,2021-12-06,2021,staff,7.2911034,4.1558905,7
MEM-548-21,,Oversight Counsel - Education,2021-12-06,2021,staff,7.260105,4.12592,7
MEM-306-20,Congressman Steven Horsford (NV-04),Communications Director,2020-12-07,2020,staff,-0.53168213,-5.9550037,12
MEM-304-20,,Communications Director,2020-12-07,2020,staff,-1.1398481,-5.5982223,12
MEM-301-20,Congresswoman Pramila Jayapal (WA-07),Digital Communications Associate,2020-12-07,2020,staff,-3.7421172,-2.8193126,12
MEM-650-19,,Staff Assistant,2019-12-09,2019,staff,4.8266764,2.8204956,-1
MEM-641-19,"Representative Glenn ""GT"" Thompson (PA-15)",Legislative Correspondent,2019-12-09,2019,staff,-0.65096176,5.9571996,-1
MEM-640-19,"Representative Glenn ""GT"" Thompson (PA-15)",Staff Assistant,2019-12-09,2019,staff,-1.8669162,7.5091634,-1
MEM-629-19,Congressman Dan Kildee (MI-05),Legislative Assistant,2019-12-02,2019,staff,6.273567,7.7784696,13
MEM-626-19,Congressman Greg Pence (IN-06),Scheduler,2019-12-02,2019,staff,2.4911869,17.625881,20
MEM-625-19,Congressman Steven Horsford (NV-04),Senior Executive Assistant,2019-12-02,2019,staff,1.2973073,16.793516,-1
MEM-480-18,,Deputy Chief Clerk,2018-12-10,2018,staff,5.6902905,2.5990398,-1
MEM-479-18,,Senior Legislative Assistant,2018-12-10,2018,staff,5.969164,6.9885697,-1
MEM-476-18,,Constituent Services Representative,2018-12-10,2018,staff,-6.3607287,13.158751,-1
MEM-475-18,,District Director,2018-12-10,2018,staff,-4.2141614,12.66258,-1
MEM-474-18,,Legislative Director,2018-12-10,2018,staff,6.8586607,9.180902,13
MEM-473-18,,Scheduler,2018-12-10,2018,staff,2.4148626,17.414669,-1
MEM-472-18,,Staff Assistant,2018-12-10,2018,staff,-1.9261714,7.493541,-1
MEM-471-18,,Press Secretary,2018-12-10,2018,staff,-2.700639,-4.925339,12
MEM-468-18,,Professional Staff,2018-12-10,2018,staff,6.700587,3.8729022,-1
MEM-621-23,,Caucus Assistant,2023-12-11,2023,staff,1.6673706,16.39316,-1
MEM-614-23,Congressman Gabe Amo (RI-01),Legislative Director,2023-12-04,2023,staff,6.69821,9.154284,-1
MEM-613-23,Congressman Gabe Amo (RI-01),Caseworker,2023-12-04,2023,staff,-6.9006524,13.596546,-1
MEM-612-23,,Press Assistant,2023-12-04,2023,staff,-2.4615898,-3.9867692,12
MEM-611-23,Congresswoman Susie Lee (NV-03),Communications Director,2023-12-04,2023,staff,-0.55681103,-6.110248,12
MEM-591-22,Representative Nanette Diaz Barragán (CA-44),Staff Assistant,2022-12-12,2022,staff,-1.4700446,8.479011,19
MEM-590-22,Congresswoman Nanette Diaz Barragán (CA-44),Communications Director,2022-12-12,2022,staff,-0.4596126,-5.6133432,12
MEM-587-22,Congresswoman Alma S. Adams (NC-12),Legislative Director,2022-12-12,2022,staff,6.964166,8.563425,-1
MEM-585-22,Congresswoman Susie Lee (NV-03),DC Scheduler,2022-12-12,2022,staff,2.3494093,17.350214,20
MEM-583-22,Congressman Rob Wittman (VA-01),Legislative Assistant,2022-12-12,2022,staff,6.177611,6.8744626,-1
MEM-573-21,Congressman Sean Patrick Maloney (NY-18),Staff Assistant/Legislative Correspondent,2021-12-13,2021,staff,-1.0522581,7.194997,-1
MEM-323-20,,Press/Digital Assistant,2020-12-14,2020,staff,-3.2844543,-3.3268058,12
MEM-314-20,,Senior Foreign Policy Advisor,2020-12-14,2020,staff,7.1717725,6.1365385,-1
MEM-313-20,,Counsel,2020-12-14,2020,staff,5.906615,5.2719655,-1
MEM-655-19,,Legislative Assistant,2019-12-16,2019,staff,5.8281226,7.226748,13
MEM-653-19,,Staff Assistant/Legislative Correspondent,2019-12-16,2019,staff,-1.1211946,7.0201917,19
MEM-629-23,Congressman Raul Ruiz (CA-25),Scheduler,2023-12-18,2023,staff,1.8389013,17.649153,-1
MEM-603-22,Congresswoman Judy Chu (CA-27),Press Assistant/Digital Manager,2022-12-19,2022,staff,-3.6793795,-3.0880828,12
MEM-598-22,Congressman Adriano Espaillat (NY-13),Senior Advisor/Legal Counsel,2022-12-19,2022,staff,6.6607327,6.645867,-1
MEM-587-21,Congresswoman Lisa Blunt Rochester (DE-At Large),Staff Assistant,2021-12-20,2021,staff,-1.6101394,7.8688946,19
MEM-624-22,Congressman Hakeem Jeffries (NY-08),Press Assistant,2022-12-26,2022,staff,-2.500195,-3.9339392,-1
MEM-623-22,Congressman Hakeem Jeffries (NY-08),Speechwriter,2022-12-26,2022,staff,-3.3122067,-5.703933,-1
MEM-622-22,,Digital Engagement Director,2022-12-26,2022,staff,-4.297339,-2.772097,-1
MEM-621-22,Congressman Hakeem Jeffries (NY-08),National Press Secretary,2022-12-26,2022,staff,-2.853212,-4.822414,-1
MEM-618-22,Congressman Dean Phillips (MN-03),Small Business Legislative Assistant,2022-12-26,2022,staff,5.937615,7.740561,-1
MEM-614-22,Congressman Mike Quigley (IL-05),Staff Assistant,2022-12-26,2022,staff,-1.8075591,8.107268,-1
MEM-060-24,,Staff Assistant,2024-02-12,2024,staff,-1.6343145,8.230011,19
MEM-059-24,Congressman Max Miller (OH-07),District Director,2024-02-12,2024,staff,-4.171147,12.572942,-1
MEM-057-24,House Committee on Education and the Workforce,Press Assistant,2024-02-12,2024,staff,-2.4547148,-3.997738,12
MEM-056-24,Congressman Gabe Amo (RI-01),Communications Director,2024-02-12,2024,staff,-1.4151717,-5.834291,12
MEM-055-24,,Labor Policy Counsel,2024-02-12,2024,staff,7.760408,4.427849,1
MEM-054-24,,Civil Rights Counsel,2024-02-12,2024,staff,8.179763,4.1060896,1
MEM-053-24,Congressman Jason Crow (CO-06),Staff Assistant,2024-02-12,2024,staff,-1.7867968,8.3652935,-1
MEM-049-24,Congresswoman Mary Peltola (AK-AL),Press Secretary/Communications Director,2024-02-05,2024,staff,-0.60071355,-5.7473483,12
MEM-046-24,Congressman Rick Larsen (WA-02),District Scheduler & Staff Assistant,2024-02-05,2024,staff,1.4508067,17.550976,-1
MEM-044-24,Congressman Josh Gottheimer (NJ-05),Speechwriter,2024-02-05,2024,staff,-3.3385148,-5.7549715,-1
MEM-086-23,Congresswoman Alma Adams (NC-12),Legislative Correspondent,2023-02-13,2023,staff,-0.6079732,5.9988103,-1
MEM-085-23,Congresswoman Sylvia Garcia (TX-29),Bilingual Press Secretary,2023-02-13,2023,staff,-3.246974,-4.9139824,12
MEM-084-23,,Investigative Counsel,2023-02-13,2023,staff,6.9386225,3.983082,7
MEM-083-23,Congresswoman Angie Craig (MN-02),Digital/Video Producer,2023-02-13,2023,staff,-3.8864741,-2.8759003,-1
MEM-082-23,Congresswoman Susie Lee (NV-03),Press/Digital Assistant,2023-02-13,2023,staff,-3.489026,-3.2325463,12
MEM-081-23,Congresswoman Lisa Blunt Rochester (DE-00),Caseworker/Outreach Representative,2023-02-13,2023,staff,-5.886862,13.618343,-1
MEM-078-23,Congressman Jim Costa (CA-21),Legislative Aide,2023-02-13,2023,staff,6.7659965,7.0770664,-1
MEM-077-23,Congressman Rob Wittman (VA-01),Legislative Correspondent,2023-02-13,2023,staff,-0.54223037,5.9184117,-1
MEM-076-23,,Caucus Assistant,2023-02-13,2023,staff,1.5210935,16.552225,-1
MEM-075-23,Congresswoman Pramila Jayapal (WA-07),Press Secretary/Digital Assistant,2023-02-13,2023,staff,-3.5632615,-3.3223543,12
MEM-073-23,Congressman Jake Auchincloss (MA-04),Scheduler,2023-02-13,2023,staff,2.4118516,17.48652,20
MEM-072-23,,Senior Legislative Assistant or Counsel - Financial Services,2023-02-13,2023,staff,4.848627,6.6562448,10
MEM-071-23,Congresswoman Marcy Kaptur (OH-09),Legislative Staffer,2023-02-13,2023,staff,7.165913,6.5451503,-1
MEM-066-23,,Director of Scheduling,2023-02-06,2023,staff,1.9758725,16.979832,-1
MEM-063-23,Congressman Dan Goldman (NY-10),Senior Counsel,2023-02-06,2023,staff,6.902666,3.9688299,-1
MEM-061-23,,Professional Staff Member,2023-02-06,2023,staff,7.2946806,1.286758,2
MEM-072-24,Congressman Donald G. Davis (NC-01),Communications Director,2024-02-19,2024,staff,-0.9087576,-6.8402,-1
MEM-071-24,Congresswoman Diana DeGette (CO-01),Communications Director,2024-02-19,2024,staff,-1.1566032,-6.104769,12
MEM-070-24,Congressman Greg Casar (TX-35),Staff Assistant,2024-02-19,2024,staff,-1.5971254,7.6268473,-1
MEM-068-24,,Communications Director,2024-02-19,2024,staff,-0.68894273,-5.510265,12
MEM-066-24,,Scheduler,2024-02-19,2024,staff,2.3677065,17.563513,20
MEM-065-24,,Military Legislative Assistant,2024-02-19,2024,staff,7.3734636,6.264809,-1
MEM-064-24,,Policy Director,2024-02-19,2024,staff,-0.28796285,-4.7363014,-1
MEM-100-23,Congresswoman Emilia Strong Sykes (OH-13),Legislative Assistant,2023-02-21,2023,staff,6.3653536,7.430392,-1
MEM-098-23,,Assistant General Counsel,2023-02-21,2023,staff,5.7137237,5.2171063,-1
MEM-097-23,Congressman Dan Goldman (NY-10),Press Secretary,2023-02-21,2023,staff,-2.9933991,-4.7629957,12
MEM-096-23,Congresswoman Rashida Tlaib (MI-12),Legislative Assistant,2023-02-21,2023,staff,5.788523,7.906978,-1
MEM-094-23,,Staff Assistant,2023-02-21,2023,staff,5.111934,3.488308,-1
MEM-092-23,,Press Assistant,2023-02-21,2023,staff,-2.536849,-3.9126353,12
MEM-090-23,,Civil Rights Counsel,2023-02-21,2023,staff,8.180036,4.105204,1
MEM-089-23,Congresswoman Jill Tokuda (HI-02),Legislative Correspondent,2023-02-21,2023,staff,-0.6187892,6.016033,-1
MEM-088-23,Congresswoman Lisa Blunt Rochester (DE-At Large),Staff Assistant/Driver,2023-02-21,2023,staff,-1.1447598,8.256923,19
MEM-087-23,,Communications Director,2023-02-21,2023,staff,-1.193781,-5.232595,12
MEM-085-24,Congressman French Hill (AR-02),Staff Assistant,2024-02-26,2024,staff,-1.9158394,7.506509,-1
MEM-081-24,,Staff Assistant,2024-02-26,2024,staff,4.7431955,3.0860062,14
MEM-078-24,Congresswoman Cori Bush (MO-01),Outreach Representative,2024-02-26,2024,staff,-5.1077576,13.688351,-1
MEM-077-24,Congressman Joaquin Castro (TX-20),Staff Assistant,2024-02-26,2024,staff,-1.8570677,8.527319,-1
MEM-118-23,Congressman Adam Smith (WA-09),Digital Manager,2023-02-27,2023,staff,-3.9929574,-2.8906639,12
MEM-113-23,,Chief Counsel,2023-02-27,2023,staff,6.992934,3.4971688,-1
MEM-108-23,Congressman Josh Gottheimer (NJ-5),Legislative Director,2023-02-27,2023,staff,6.7217236,9.118146,-1
MEM-107-23,Congresswoman Sara Jacobs (CA-51),Executive Assistant/Scheduler,2023-02-27,2023,staff,1.267018,17.095312,20
MEM-105-23,,Press Assistant,2023-02-27,2023,staff,-2.5198433,-4.107271,-1
MEM-102-23,,Legislative Correspondent,2023-02-27,2023,staff,-0.67035145,5.927894,-1
MEM-101-23,,Scheduler,2023-02-27,2023,staff,1.9250019,17.454674,20
MEM-064-23,,Communications Director,2023-02-06,2023,staff,-0.54282004,-4.9260964,-1
MEM-060-23,Congresswoman Andrea Salinas (OR-6),District Representative,2023-02-06,2023,staff,-5.78504,13.680104,-1
MEM-116-24,Congresswoman Katherine M. Clark (MA-05),Military & Veterans Constituent Service Representative,2024-03-11,2024,staff,-6.1446767,13.419611,15
MEM-112-24,Congressman Rob Menendez (NJ-08),Communications Director,2024-03-11,2024,staff,-0.9125805,-6.1354218,12
MEM-103-24,Congresswoman Nancy Pelosi (CA-11),Staff Assistant,2024-03-11,2024,staff,-2.1060247,9.142813,-1
MEM-102-24,Congressman Ed Case (HI-01),Staff Assistant,2024-03-11,2024,staff,-2.9330652,10.499365,18
MEM-101-24,Congressman Ed Case (HI-01),Legislative Staff Member,2024-03-11,2024,staff,-2.9504187,10.514662,18
MEM-100-24,Congressman Raul Ruiz (CA-25),Press Secretary / Communications Director,2024-03-04,2024,staff,-0.44371632,-5.7134156,12
MEM-099-24,,District Office Staff Assistant,2024-03-04,2024,staff,-2.4536326,9.086687,17
MEM-098-24,Congresswoman Valerie Foushee (NC-04),Outreach Coordinator,2024-03-04,2024,staff,-5.111701,13.689303,-1
MEM-094-24,,Legislative Director,2024-03-04,2024,staff,6.8010573,9.1197,-1
MEM-091-24,,Staff Assistant,2024-03-04,2024,staff,-2.329441,7.5814633,19
MEM-090-24,,Legislative Correspondent,2024-03-04,2024,staff,-0.61848277,5.964186,-1
MEM-086-24,Congressman Jake Auchincloss (MA-04),Communications Director,2024-03-04,2024,staff,-0.82143104,-6.152487,12
MEM-162-23,,Counsel or Professional Staff Member,2023-03-13,2023,staff,6.9877105,3.4756782,-1
MEM-161-23,,Scheduler/Office Manager,2023-03-13,2023,staff,2.1497116,16.85704,20
MEM-160-23,Congresswoman Chrissy Houlahan (PA-06),Constituent Advocate,2023-03-13,2023,staff,-5.7762322,12.665346,-1
MEM-158-23,Congressman Jake Auchincloss (MA-04),Legislative Director,2023-03-13,2023,staff,6.8153057,9.209147,-1
MEM-156-23,Congressman Brad Sherman (CA-32),Caseworker,2023-03-13,2023,staff,-6.8229256,13.7571,-1
MEM-154-23,Congresswoman Emilia Strong Sykes (OH-13),Staff Assistant/Scheduler,2023-03-13,2023,staff,2.1046083,16.765774,-1
MEM-153-23,Congresswoman Emilia Strong Sykes (OH-13),Field Representative,2023-03-13,2023,staff,-5.9371767,14.236985,-1
MEM-152-23,Congresswoman Emilia Strong Sykes (OH-13),Constituent Advocate/Grant Coordinator,2023-03-13,2023,staff,-5.76347,12.723089,-1
MEM-151-23,,Staff Assistant,2023-03-13,2023,staff,-2.317195,7.5617747,19
MEM-148-23,Congressman Dan Kildee (MI-08),Press Secretary,2023-03-13,2023,staff,-2.9342682,-4.714565,12
MEM-145-23,,Communications Director,2023-03-06,2023,staff,-1.1639905,-5.232835,-1
MEM-141-23,Congressman Ruben Gallego (AZ-03),Bilingual Press Secretary,2023-03-06,2023,staff,-3.2854435,-4.9549265,12
MEM-139-23,,Professional Staff Member,2023-03-06,2023,staff,6.5238285,4.123729,7
MEM-138-23,,Counsel,2023-03-06,2023,staff,6.5509024,4.1634345,-1
MEM-137-23,,Counsel,2023-03-06,2023,staff,6.256439,4.07186,7
MEM-129-23,Congresswoman Judy Chu (CA-28),Scheduler,2023-03-06,2023,staff,2.1875165,17.445522,20
MEM-128-23,Congressman Joe Courtney (CT-02),Communications Director,2023-03-06,2023,staff,-1.2533543,-6.243506,12
MEM-127-23,Congressman Ami Bera (CA-06),Minority Staff Director,2023-03-06,2023,staff,6.8793626,6.2723427,-1
MEM-128-24,,Principal Recruitment and Retention Specialist,2024-03-18,2024,staff,5.71445,5.2997437,-1
MEM-127-24,Congresswoman Diana DeGette (CO-01),Legislative Assistant,2024-03-18,2024,staff,5.9567175,7.5958643,-1
MEM-126-24,Congresswoman Hillary Scholten (MI-03),District Representative/Constituent Caseworker,2024-03-18,2024,staff,-6.23043,13.495657,-1
MEM-125-24,Congresswoman Katherine M. Clark (MA-5),District Staff Assistant,2024-03-18,2024,staff,-2.528866,9.125556,17
MEM-122-24,Congressman Donald Norcross (NJ-1),Senior Military Legislative Assistant,2024-03-18,2024,staff,7.3772507,6.3330107,-1
MEM-120-24,Congressman Paul Gosar (AZ-09),Staff Assistant,2024-03-18,2024,staff,-1.5037774,7.891889,-1
MEM-175-23,Congresswoman Angie Craig (MN-02),Scheduler,2023-03-20,2023,staff,2.3837914,17.534908,-1
MEM-170-23,Congresswoman Shontel M. Brown (OH-11),Casework Manager/Field Liaison,2023-03-20,2023,staff,-6.476171,13.887506,-1
MEM-169-23,Congresswoman Shontel M. Brown (OH-11),Grants Coordinator/Field Liaison,2023-03-20,2023,staff,-4.637222,13.733754,-1
MEM-168-23,Congresswoman Shontel M. Brown (OH-11),Caseworker/Field Representative,2023-03-20,2023,staff,-6.393694,13.952272,-1
MEM-167-23,Congresswoman Shontel M. Brown (OH-11),Staff Assistant,2023-03-20,2023,staff,-2.1643393,8.546754,-1
MEM-164-23,,Investigative Support Analyst,2023-03-20,2023,staff,9.390131,1.767173,-1
MEM-163-23,,Staff Assistant/Scheduler,2023-03-20,2023,staff,1.4789484,16.935549,20
MEM-141-24,Congressman Rick Larsen (WA-02),Community Liaison – Island County,2024-03-25,2024,staff,-5.523327,13.630099,-1
MEM-137-24,Congresswoman Lisa Blunt Rochester (DE-At Large),Staff Assistant/Legislative Correspondent,2024-03-25,2024,staff,-1.1490322,7.253639,19
MEM-136-24,,Military Legislative Assistant,2024-03-25,2024,staff,7.3571806,6.247026,13
MEM-133-24,Congressman Pence (IN-06),Scheduler,2024-03-25,2024,staff,2.4726713,17.551416,-1
MEM-131-24,,Executive Director,2024-03-25,2024,staff,-0.3001683,-4.752716,-1
MEM-129-24,Congresswoman Rashida Tlaib (MI-12),Legislative Director,2024-03-25,2024,staff,6.1626506,8.983092,-1
MEM-189-23,Congresswoman Sharice Davids (KS-03),Legislative Correspondent,2023-03-27,2023,staff,-0.6424342,6.001011,-1
MEM-187-23,,Staff Director for Indian Affairs,2023-03-27,2023,staff,5.268139,3.5487423,-1
MEM-185-23,Congressman Dwight Evans (PA-03),Digital and Communications Assistant,2023-03-27,2023,staff,-3.66309,-2.8925917,12
MEM-184-23,,Staff and Press Assistant,2023-03-27,2023,staff,5.7088027,3.0389462,12
MEM-183-23,Congresswoman Hillary Scholten (MI-03),Senior Communications Director,2023-03-27,2023,staff,-0.9460337,-6.3695517,12
MEM-182-23,Congresswoman Jahana Hayes (CT-05),Caseworker,2023-03-27,2023,staff,-6.8914323,13.590222,-1
MEM-179-23,,Staff Assistant,2023-03-27,2023,staff,10.816588,1.1663761,6
MEM-177-23,,Staff Assistant,2023-03-27,2023,staff,-1.3687952,8.46582,19
MEM-176-23,Congresswoman Alma Adams (NC-12),Legislative Director,2023-03-27,2023,staff,6.9679985,8.581649,-1
MEM-092-24,Congressman Rob Menendez (NJ-08),Director of Operations or Scheduler,2024-03-04,2024,staff,2.5715897,16.988825,-1
MEM-132-23,Congressman Dan Goldman (NY-10),Legislative Assistant,2023-03-06,2023,staff,6.000899,7.547228,-1
MEM-123-23,Congresswoman Melanie Stansbury (NM-01),Digital Manager/Press Assistant,2023-03-06,2023,staff,-4.05689,-3.2586486,-1
MEM-152-24,Congressman Joe Courtney (CT-02),Legislative Assistant,2024-04-01,2024,staff,5.9924827,7.388755,-1
MEM-151-24,,Legislative Assistant,2024-04-01,2024,staff,6.0074635,7.4535866,13
MEM-150-24,,"Staff Director, Subcommittee on Health, House Committee on Veterans' Affairs",2024-04-01,2024,staff,7.3310647,1.322904,2
MEM-147-24,,Press Secretary and Speechwriter,2024-04-01,2024,staff,6.998769,3.4671354,-1
MEM-146-24,Congressman Adriano Espaillat (NY-13),"Community Liaison, Harlem",2024-04-01,2024,staff,-5.598988,13.063469,-1
MEM-145-24,Congresswoman Mary Peltola (AK-AL),Legislative Aide and Special Assistant,2024-04-01,2024,staff,-1.1270158,8.813681,-1
MEM-144-24,,Press Assistant/Digital Director,2024-04-01,2024,staff,-3.2569685,-3.9024603,12
MEM-219-23,Congresswoman Robin Kelly (IL-02),District Press/Digital Assistant,2023-04-10,2023,staff,-3.3967524,-3.2191463,12
MEM-218-23,Congressman Raul Ruiz (CA-25),Senior Legislative Assistant,2023-04-10,2023,staff,7.1021905,7.276811,-1
MEM-217-23,,Speechwriter,2023-04-10,2023,staff,-3.2950306,-5.715042,-1
MEM-216-23,Congresswoman Rosa DeLauro (CT-03),Press Secretary/Digital Director or Press Assistant/Digital Assistant,2023-04-10,2023,staff,-3.437596,-3.9417207,12
MEM-215-23,Congressman John Larson (CT-01),Staff Assistant,2023-04-10,2023,staff,-1.7350997,8.1619425,-1
MEM-214-23,Congressman Jake Auchincloss (MA-04),Legislative Director,2023-04-10,2023,staff,6.840993,9.216991,-1
MEM-213-23,Congressman Ami Bera (CA-06),Staff Assistant,2023-04-10,2023,staff,-1.7837266,8.134179,19
MEM-211-23,Congressman Josh Gottheimer (NJ-05),Senior Scheduler,2023-04-10,2023,staff,2.5663366,17.129396,-1
MEM-210-23,Congressman Mike Garcia (CA-27),Staff Assistant,2023-04-10,2023,staff,-2.333666,8.839237,-1
MEM-209-23,Congressman Jake Auchincloss (MA-04),Staff Assistant (Newton District Office),2023-04-10,2023,staff,-2.4001577,9.025439,17
MEM-208-23,,Press Secretary,2023-04-10,2023,staff,-2.4831765,-4.63625,12
MEM-207-23,,Staff Assistant,2023-04-10,2023,staff,4.742797,3.131459,14
MEM-206-23,"Congressman Glenn ""GT"" Thompson (PA-15)",Legislative Assistant,2023-04-10,2023,staff,7.0347824,7.7141824,-1
MEM-203-23,,Grants Director,2023-04-10,2023,staff,-4.579169,13.679153,-1
MEM-202-23,,Scheduler,2023-04-10,2023,staff,2.454486,17.646008,-1
MEM-201-23,Congresswoman Andrea Salinas (OR-6),Constituent Services Representative,2023-04-03,2023,staff,-6.117769,13.353414,-1
MEM-200-23,,Staff Assistant,2023-04-03,2023,staff,6.992209,3.438894,-1
MEM-199-23,,Communications Director,2023-04-03,2023,staff,-0.48737088,-5.8648477,12
MEM-198-23,,Junior Counsel,2023-04-03,2023,staff,6.4684505,5.7334104,-1
MEM-197-23,Congresswoman Jill Tokuda (HI-02),Senior Advisor / Special Assistant To The Member (District Office),2023-04-03,2023,staff,-2.8327162,10.32583,-1
MEM-196-23,Congressman Brad Sherman (CA-32),Senior Legislative Assistant or Counsel - Financial Services,2023-04-03,2023,staff,4.878879,6.662661,10
MEM-195-23,Congresswoman Spanberger (VA-07),District Coordinator,2023-04-03,2023,staff,-5.731564,13.32555,-1
MEM-194-23,Congresswoman Abigail Spanberger (VA-07),Legislative Director,2023-04-03,2023,staff,6.585725,9.2555275,-1
MEM-193-23,Congressman Maxwell Alejandro Frost (FL-10),District Press/Digital Assistant,2023-04-03,2023,staff,-3.3342488,-3.2938175,12
MEM-192-23,Congresswoman Pramila Jayapal (WA-07),Staff Assistant/Legislative Correspondent,2023-04-03,2023,staff,-0.9919416,8.062076,-1
MEM-168-24,Congressman Glenn Ivey (MD-04),Legislative Assistant,2024-04-15,2024,staff,5.79981,7.8511643,-1
MEM-166-24,Congressman Joe Courtney (CT-02),Scheduler/Operations Manager,2024-04-15,2024,staff,2.207133,16.90878,-1
MEM-165-24,Congressman Jimmy Gomez (CA-34),Digital Director,2024-04-15,2024,staff,-4.338381,-2.8570566,-1
MEM-163-24,Representative Jason Crow (CO-06),Staff Assistant/Legislative Correspondent,2024-04-15,2024,staff,-0.99145937,7.2466316,-1
MEM-162-24,Congressman Jamie Raskin (MD-08),Digital Manager/Press Secretary,2024-04-15,2024,staff,-3.8570178,-3.5080256,12
MEM-161-24,,Subcommittee Counsel,2024-04-08,2024,staff,6.1856894,5.4596095,-1
MEM-159-24,,Investigative Counsel,2024-04-08,2024,staff,9.35859,1.8390744,4
MEM-158-24,Congressman Tom Suozzi (NY-03),Press Secretary/Communications Director,2024-04-08,2024,staff,-2.8845344,-4.372465,12
MEM-157-24,,Legal Research Analyst,2024-04-08,2024,staff,5.1727724,5.051284,-1
MEM-156-24,,Counsel,2024-04-08,2024,staff,6.1654315,4.978458,-1
MEM-155-24,Congresswoman Jill Tokuda (HI-02),Digital Director or Press Secretary,2024-04-08,2024,staff,-4.2559958,-3.2967837,-1
MEM-154-24,Congressman John Sarbanes (MD-03),Press Secretary/Communications Director,2024-04-08,2024,staff,-2.8538475,-4.446561,12
MEM-230-23,Representative Nanette Diaz Barragán (CA-44),Legislative Correspondent/Legislative Aide,2023-04-17,2023,staff,-0.63046783,6.189892,-1
MEM-229-23,Representative Nanette Diaz Barragán (CA-44),Communications Director,2023-04-17,2023,staff,-0.4179981,-5.6309857,12
MEM-227-23,,Senior Legislative Assistant,2023-04-17,2023,staff,6.360734,6.978739,-1
MEM-226-23,,Civil Rights Counsel,2023-04-17,2023,staff,8.177952,4.1059027,1
MEM-225-23,,Staff Assistant,2023-04-17,2023,staff,10.798225,1.1404122,-1
MEM-224-23,,Procurement Staffer,2023-04-17,2023,staff,4.6474013,4.732787,0
MEM-223-23,,Staff Assistant,2023-04-17,2023,staff,-1.3770841,8.461288,19
MEM-222-23,,Press Secretary,2023-04-17,2023,staff,-3.0671227,-4.327282,-1
MEM-221-23,Congresswoman Emilia Strong Sykes (OH-13),Scheduler and Office Manager,2023-04-17,2023,staff,2.2112725,16.824263,20
MEM-220-23,Representative Valerie Foushee (NC-04),Press Secretary,2023-04-17,2023,staff,-3.1370945,-4.1487246,12
MEM-185-19,,Staff Assistant,2019-04-22,2019,staff,-2.1525211,7.8161435,19
MEM-184-19,Congresswoman Suzan DelBene (WA-01),District Scheduler and Office Manager,2019-04-22,2019,staff,2.2181828,17.240211,-1
MEM-183-19,,Scheduler,2019-04-22,2019,staff,2.3100677,17.839159,-1
MEM-181-19,Congresswoman Diana DeGette (CO-1),Staff Assistant,2019-04-22,2019,staff,-2.3254461,9.014192,-1
MEM-180-19,,Staff Assistant,2019-04-22,2019,staff,-1.3093355,8.410284,19
MEM-174-19,,Investigative Counsel,2019-04-08,2019,staff,9.424549,1.8281239,4
MEM-173-19,,Staffer,2019-04-08,2019,staff,4.655858,4.7296576,0
MEM-172-19,Congressman Ed Case (HI-01),Executive Assistant,2019-04-08,2019,staff,-2.9065375,10.4606495,-1
MEM-174-24,Congresswoman Val Hoyle (OR-04),Communications Director,2024-04-22,2024,staff,-0.8184869,-6.262411,12
MEM-173-24,,Research Assistant,2024-04-22,2024,staff,7.4736075,1.0804061,2
MEM-172-24,Congressman Jamie Raskin (MD-08),Constituent Services Caseworker,2024-04-22,2024,staff,-6.48302,12.821186,15
MEM-171-24,Congresswoman Robin Kelly (IL-02),Communications Director,2024-04-22,2024,staff,-1.285593,-5.9052925,12
MEM-169-24,Congressman Frank Pallone (NJ-06),Communications Director,2024-04-22,2024,staff,-1.3603326,-5.7460566,-1
MEM-243-23,Congressman Jamie Raskin (MD-08),Constituent Services Caseworker,2023-04-24,2023,staff,-6.503006,12.783818,15
MEM-242-23,,Staff Assistant/Press Assistant,2023-04-24,2023,staff,-2.6458418,-2.7757568,-1
MEM-241-23,,Communications Director or Press Secretary,2023-04-24,2023,staff,-2.815991,-4.4608645,12
MEM-240-23,,Staff Assistant,2023-04-24,2023,staff,-1.6770205,7.3463893,-1
MEM-239-23,Congressman Mike Levin (CA-49),Scheduler,2023-04-24,2023,staff,1.921107,17.484468,20
MEM-238-23,Congressman Rob Wittman (VA-01),Communications Director,2023-04-24,2023,staff,-1.1685919,-6.0213904,-1
MEM-237-23,Congresswoman Frederica Wilson (FL-24),Senior Legislative Assistant,2023-04-24,2023,staff,6.379957,6.9945946,-1
MEM-236-23,Congressman Adam Smith (WA-09),Scheduler,2023-04-24,2023,staff,2.3696723,17.570183,20
MEM-235-23,Congresswoman Joyce Beatty (OH-03),Communications Director,2023-04-24,2023,staff,-1.1121606,-5.980839,12
MEM-234-23,Congressman Joaquin Castro (TX-20),Staff Assistant,2023-04-24,2023,staff,-1.8452562,8.538138,-1
MEM-192-19,,Legislative Assistant,2019-04-29,2019,staff,6.693458,7.326539,13
MEM-183-24,,Financial Disclosure Counsel,2024-04-29,2024,staff,13.0117445,1.0847508,5
MEM-182-24,Congresswoman Pramila Jayapal (WA-07),Legislative Assistant,2024-04-29,2024,staff,6.2951674,6.3128066,8
MEM-181-24,Congressman Steven Horsford (NV-04),District Director,2024-04-29,2024,staff,-5.514211,13.666913,-1
MEM-180-24,Congressman Steven Horsford (NV-04),District Representative,2024-04-29,2024,staff,-5.6084476,13.754901,-1
MEM-178-24,,Labor Policy Counsel,2024-04-29,2024,staff,7.759687,4.423417,1
MEM-177-24,,Civil Rights Counsel,2024-04-29,2024,staff,8.178551,4.1065774,1
MEM-175-19,,Legislative Director/Counsel,2019-04-08,2019,staff,6.729366,8.901394,13
MEM-160-24,Congressman Eric Sorensen (IL-17),Constituent Service Director,2024-04-08,2024,staff,-6.2676806,13.360657,-1
MEM-193-24,Congressman Henry Cuellar (TX-28),Scheduler,2024-05-13,2024,staff,1.5502744,17.642097,-1
MEM-191-24,Congressman Dan Goldman (NY-10),Legislative Assistant,2024-05-13,2024,staff,6.1190825,7.5451427,-1
MEM-190-24,Congressman Dwight Evans (PA-03),Digital and Communications Assistant,2024-05-13,2024,staff,-3.6207569,-2.9204938,-1
MEM-188-24,Congresswoman Dina Titus (NV-01),Scheduler/Executive Assistant,2024-05-06,2024,staff,1.2982987,16.980066,20
MEM-187-24,Congresswoman Dina Titus (NV-01),Communications Director,2024-05-06,2024,staff,-0.95193654,-6.7743487,12
MEM-185-24,,Legislative Director,2024-05-13,2024,staff,6.6618743,9.183864,-1
MEM-184-24,Congresswoman Susie Lee (NV-03),Staff Assistant / Legislative Correspondent,2024-05-06,2024,staff,-0.94371134,8.005994,-1
MEM-271-23,,Staff Assistant,2023-05-15,2023,staff,-1.3518604,8.44783,19
MEM-270-23,,Deputy Director of Operations,2023-05-15,2023,staff,1.8239663,16.420713,-1
MEM-269-23,,Press Secretary,2023-05-15,2023,staff,-2.5106108,-4.6529922,12
MEM-267-23,Congresswoman Andrea Salinas (OR-06),Legislative Director,2023-05-15,2023,staff,6.286441,8.924367,-1
MEM-266-23,"Congressman Bill Pascrell, Jr. (NJ-09)",Staff Assistant,2023-05-15,2023,staff,-4.84861,13.052699,-1
MEM-265-23,Congressman Jared Huffman (CA-02),District Staff Assistant/Caseworker,2023-05-15,2023,staff,-2.2440388,9.083183,-1
MEM-264-23,Congressman Jared Huffman (CA-02),District Scheduling and Operations Manager,2023-05-15,2023,staff,2.4124677,16.873016,-1
MEM-263-23,Congressman Andy Kim (NJ-03),Constituent Advocate,2023-05-15,2023,staff,-6.416806,13.130692,-1
MEM-261-23,Congressman Drew Ferguson (GA-03),Legislative Assistant,2023-05-15,2023,staff,5.881996,7.5961514,-1
MEM-259-23,,Communications Assistant,2023-05-08,2023,staff,-2.8043902,-3.8136058,-1
MEM-258-23,Congresswoman Sara Jacobs (CA-51),Digital Assistant,2023-05-08,2023,staff,-3.685088,-2.7793686,12
MEM-257-23,,Staff Assistant,2023-05-08,2023,staff,4.6988177,3.069821,14
MEM-256-23,Congresswoman Jill Tokuda (HI-02),District Scheduler,2023-05-08,2023,staff,2.1805794,17.346422,-1
MEM-253-23,,Staff Assistant/Legislative Correspondent,2023-05-08,2023,staff,-1.3051136,7.4631352,19
MEM-252-23,,Press Secretary/Digital Director,2023-05-08,2023,staff,-3.2638035,-4.017507,12
MEM-250-23,Congresswoman Rosa L. DeLauro (CT-03),Staff Assistant,2023-05-08,2023,staff,-1.2892182,8.171689,19
MEM-247-23,Congresswoman Kim Schrier (WA-08),Veterans Constituent Services Representative,2023-05-08,2023,staff,-6.0714273,13.392322,-1
MEM-246-23,,Staff Assistant,2023-05-08,2023,staff,-1.8703064,7.4466405,19
MEM-200-24,,Legislative Assistant,2024-05-20,2024,staff,6.6582413,7.93055,-1
MEM-199-24,,Communications Director,2024-05-20,2024,staff,-0.8337243,-5.996549,12
MEM-198-24,"Congressman Frank Pallone, Jr. (NJ-06)",District Scheduler,2024-05-20,2024,staff,2.262747,17.553381,-1
MEM-197-24,Congressman Eric Sorensen (IL-17),Outreach Representative - Quad Cities,2024-05-20,2024,staff,-5.12061,13.705591,-1
MEM-196-24,,Oversight Counsel,2024-05-20,2024,staff,7.239505,4.1124473,7
MEM-194-24,Congressman Rick Larsen (WA-02),"Outreach Assistant – North Counties (Whatcom, Skagit, and San Juan Counties)",2024-05-20,2024,staff,-5.3819876,13.734964,-1
MEM-186-24,,"Counsel for the Minority on the House Judiciary Subcommittee on Courts, IP, and the Internet",2024-05-06,2024,staff,6.1951613,5.5264335,-1
MEM-280-23,,Research Assistant,2023-05-22,2023,staff,7.4614296,1.0292321,2
MEM-279-23,,Deputy Director,2023-05-22,2023,staff,-0.47305304,-5.4968867,-1
MEM-277-23,Congressman Mike Kelly (PA-16),Legislative Assistant,2023-05-22,2023,staff,6.6524563,7.53148,-1
MEM-276-23,,Research Assistant,2023-05-22,2023,staff,7.4802184,1.0042794,2
MEM-275-23,Congressman Josh Gottheimer (NJ-05),Director of Operations and Scheduling,2023-05-22,2023,staff,2.6327305,16.926598,-1
MEM-274-23,Congressman Josh Gottheimer (NJ-05),District Press Secretary,2023-05-22,2023,staff,-2.9007747,-4.6292048,12
MEM-273-23,Congressman Brad Schneider (IL-10),Scheduler/Executive Assistant,2023-05-22,2023,staff,1.5733819,16.985437,20
MEM-272-23,Congressman Glenn Ivey (MD-04),Digital Outreach Aide,2023-05-22,2023,staff,-3.9819436,-2.9800973,12
MEM-211-24,Congresswoman Pramila Jayapal (WA-07),Staff Assistant / Legislative Correspondent / Driver,2024-05-27,2024,staff,-0.9825919,8.254668,-1
MEM-210-24,Congressman Mike Flood (NE-01),Legislative Assistant,2024-05-27,2024,staff,6.128014,7.3378057,-1
MEM-209-24,Congressman Robert C. “Bobby” Scott (VA-03),Staff Assistant/Legislative Correspondent,2024-05-27,2024,staff,-0.9847934,7.1365805,-1
MEM-208-24,Congresswoman Sara Jacobs (CA-51),Legislative Assistant,2024-05-27,2024,staff,5.987853,7.464628,-1
MEM-207-24,,Legislative Director,2024-05-27,2024,staff,6.5422487,9.281073,-1
MEM-206-24,Congressman Jimmy Panetta (CA-19),Director of Operations,2024-05-27,2024,staff,2.5967207,16.914583,-1
MEM-205-24,Congressman Seth Moulton (MA-06),Special Assistant,2024-05-27,2024,staff,-1.1336277,8.774894,-1
MEM-204-24,Congresswoman Terri A. Sewell (AL-07),Grants Coordinator,2024-05-27,2024,staff,-4.608503,13.737909,-1
MEM-202-24,Congressman Kevin Kiley (CA-03),Caseworker,2024-05-27,2024,staff,-6.78194,13.677039,15
MEM-201-24,Congresswoman Chellie Pingree (ME-01),Communications Director,2024-05-27,2024,staff,-0.9799631,-6.685646,-1
MEM-287-23,Congresswoman Abigail Spanberger (VA-07),Legislative Assistant,2023-05-31,2023,staff,6.5834265,7.6697865,-1
MEM-286-23,Congressman Seth Moulton (MA-06),Scheduler,2023-05-31,2023,staff,2.1775923,17.629265,20
MEM-285-23,Congresswoman Pramila Jayapal (WA-07),Senior Legislative Assistant or Counsel,2023-05-31,2023,staff,6.2315087,6.134242,8
MEM-284-23,,Investigator,2023-05-31,2023,staff,7.515451,1.5232061,2
MEM-283-23,,Research Assistant,2023-05-31,2023,staff,7.459917,1.0312009,2
MEM-282-23,Congressman Mike Garcia (CA-27),Communications Director,2023-05-31,2023,staff,-0.8645574,-6.084182,12
MEM-260-23,,Staff Assistant,2023-05-08,2023,staff,4.75958,3.1355457,-1
MEM-255-23,Congressman Pat Ryan (NY-18),Director of Operations and Scheduling,2023-05-08,2023,staff,2.5856504,16.967508,-1
MEM-251-23,Congressman Dwight Evans (PA-03),Digital and Communications Assistant,2023-05-08,2023,staff,-3.658373,-2.938932,12
MEM-249-23,Congresswoman Jill Tokuda (HI-02),District Press Aide/Digital Assistant,2023-05-08,2023,staff,-3.3462183,-3.2080212,12
MEM-228-24,,Writer,2024-06-10,2024,staff,-3.2343473,-5.6419473,-1
MEM-227-24,Congresswoman Dina Titus (NV-01),Communications Director,2024-06-10,2024,staff,-0.9548693,-6.81288,12
MEM-226-24,Congresswoman Dina Titus (NV-01),Scheduler/Executive Assistant,2024-06-10,2024,staff,1.3101451,16.979216,20
MEM-224-24,Congresswoman Pramila Jayapal (WA-07),Digital and Communications Assistant,2024-06-10,2024,staff,-3.6597118,-2.8405728,12
MEM-223-24,,Legislative Assistant,2024-06-10,2024,staff,5.5100784,5.700922,13
MEM-222-24,Congressman Glenn Ivey (MD-04),Press Assistant / Digital Assistant / Digital Manager / Digital Director,2024-06-10,2024,staff,-3.8508525,-2.829933,12
MEM-221-24,Congressman Ro Khanna (CA-17),Communications Assistant,2024-06-10,2024,staff,-3.0538304,-3.2645068,-1
MEM-220-24,,Military Legislative Assistant,2024-06-10,2024,staff,7.3734517,6.249414,13
MEM-216-24,Congressman Henry Cuellar (TX-28),Press Secretary,2024-06-03,2024,staff,-3.1762626,-4.8553033,12
MEM-215-24,,Staff Assistant,2024-06-03,2024,staff,-2.0123851,7.757896,-1
MEM-214-24,,Staff Assistant – District Office,2024-06-03,2024,staff,-2.3880699,9.0224495,17
MEM-213-24,,Field Representative – District Office,2024-06-03,2024,staff,-6.0356054,14.067093,15
MEM-212-24,Congressman Jim Himes (CT-04),Staff Assistant,2024-06-03,2024,staff,-1.6042508,7.790992,19
MEM-301-23,Congressman Josh Gottheimer (NJ-05),Deputy Chief of Staff of Operations,2023-06-12,2023,staff,2.6124125,16.929367,-1
MEM-295-23,Congressman Adam Smith (WA-09),Staff Assistant,2023-06-12,2023,staff,-1.7777451,8.42915,-1
MEM-293-23,,Professional Staff Member,2023-06-12,2023,staff,6.5368366,4.042797,-1
MEM-291-23,Congressman Jonathan Jackson (IL-01),Deputy Chief of Staff/Legislative Director,2023-06-12,2023,staff,6.1930733,9.274352,-1
MEM-290-23,Congresswoman Sara Jacobs (CA-51),Community Representative,2023-06-05,2023,staff,-5.9149914,13.880172,-1
MEM-289-23,,Staff Assistant,2023-06-05,2023,staff,-1.7348882,7.9231215,-1
MEM-288-23,Congresswoman Hillary Scholten (MI-03),Digital Assistant/Director,2023-06-05,2023,staff,-3.7821589,-2.7928042,-1
MEM-241-24,Congressman Brad Schneider (IL-10),Staff Assistant / Press Assistant,2024-06-17,2024,staff,-2.6744845,-2.7511578,-1
MEM-240-24,,Staff Assistant/Scheduler,2024-06-17,2024,staff,1.7336994,17.075838,-1
MEM-239-24,"Congressman Glenn ""GT"" Thompson (PA-15)",Communications Director,2024-06-17,2024,staff,-0.81469274,-5.915808,-1
MEM-236-24,Congresswoman Sylvia Garcia (TX-29),Communications Director/Press Secretary,2024-06-17,2024,staff,-0.48058894,-5.604843,12
MEM-235-24,Congressman Joaquin Castro (TX-20),Staff Assistant,2024-06-17,2024,staff,-1.8153589,8.511053,-1
MEM-233-24,Congressman Jake Auchincloss (MA-04),Scheduler,2024-06-17,2024,staff,2.3924253,17.555525,20
MEM-230-24,,Constituent Services Representative,2024-06-17,2024,staff,-6.1465044,13.243194,-1
MEM-229-24,,Field Representative,2024-06-17,2024,staff,-5.963971,14.17489,-1
MEM-312-23,Congressman Colin Allred (TX-32),Digital Assistant,2023-06-20,2023,staff,-3.69688,-2.862706,-1
MEM-310-23,,"Staff Director, Subcommittee on Disability Assistance and Memorial Affairs",2023-06-20,2023,staff,7.3550086,1.337554,2
MEM-309-23,,Senior Counsel,2023-06-20,2023,staff,7.008773,3.4866405,-1
MEM-307-23,Congresswoman Jill Tokuda (HI-02),District Scheduler,2023-06-20,2023,staff,2.1253147,17.369522,-1
MEM-306-23,,Digital Assistant,2023-06-20,2023,staff,-3.7710013,-2.8774824,12
MEM-254-24,Congresswoman Sharice Davids (KS-03),Staff Assistant,2024-06-24,2024,staff,-1.6838868,8.084352,-1
MEM-248-24,,Deputy Director of Scheduling,2024-06-24,2024,staff,2.0704627,16.981733,-1
MEM-243-24,"Congressman Bill Pascrell, Jr. (NJ-09)",Staff Assistant,2024-06-24,2024,staff,-4.848448,13.0386095,-1
MEM-325-23,,Professional Staff Member,2023-06-26,2023,staff,5.4346066,3.5635443,-1
MEM-323-23,,Constituent Liaison,2023-06-26,2023,staff,-5.737455,12.799692,11
MEM-321-23,Congresswoman Abigail Spanberger (VA-07),Press/Digital Assistant,2023-06-26,2023,staff,-3.316357,-3.2887614,12
MEM-319-23,Congresswoman Andrea Salinas (OR-06),Chief of Staff,2023-06-26,2023,staff,5.9537835,9.0914545,-1
MEM-314-23,"Congresswoman Yadira Caraveo, M.D. (CO-08)",Legislative Assistant,2023-06-26,2023,staff,6.7195387,7.2997265,-1
MEM-313-23,"Congressman Donald M. Payne, Jr. (NJ-10)",Senior Legislative Assistant,2023-06-26,2023,staff,6.720109,6.5935273,-1
MEM-273-24,,Investigator,2024-07-01,2024,staff,9.3270855,1.8349378,4
MEM-270-24,Congressman Jake Auchincloss (MA-04),Staff Assistant,2024-07-01,2024,staff,-2.409081,9.025012,17
MEM-269-24,Congressman Henry Cuellar (TX-28),Legislative Director,2024-07-01,2024,staff,6.877383,9.282028,-1
MEM-266-24,,Financial Disclosure Counsel,2024-07-01,2024,staff,13.018419,1.0905554,5
MEM-263-24,Congresswoman Val Hoyle (OR-04),Legislative Director,2024-07-01,2024,staff,6.396941,9.081498,-1
MEM-352-23,Congressman Ruben Gallego (AZ-03),Press Assistant,2023-07-10,2023,staff,-3.3124619,-4.9239383,-1
MEM-342-23,Congresswoman Yvette D. Clarke (NY-09),Scheduler/Executive Assistant,2023-07-10,2023,staff,1.5703794,17.044462,20
MEM-340-23,Congressman Jeff Jackson (NC-14),Staff Assistant,2023-07-10,2023,staff,-1.5680342,7.775364,-1
MEM-339-23,Congressman Mike Levin (CA-49),Press Secretary/Digital Manager,2023-07-10,2023,staff,-3.8216898,-3.5810819,12
MEM-335-23,,Legislative Assistant,2023-07-10,2023,staff,4.900795,6.7098074,-1
MEM-332-23,Congresswoman Abigail Spanberger (VA-07),Office Administrator/District Staff Assistant,2023-07-03,2023,staff,-2.2415547,7.839518,-1
MEM-329-23,Congressman Chris Pappas (NH-01),Legislative Director,2023-07-03,2023,staff,6.834601,9.221999,-1
MEM-328-23,Congressman Frank J. Mrvan (IN-01),Correspondence Manager,2023-07-03,2023,staff,-0.4550075,5.7822204,-1
MEM-326-23,Congressman David Trone (MD-06),Constituent Service Representative,2023-07-03,2023,staff,-6.282207,12.908854,15
MEM-305-24,Congressman Shri Thanedar (MI-13),Legislative Correspondent,2024-07-15,2024,staff,-0.55021095,5.9138627,-1
MEM-299-24,"Rep. Robert C. ""Bobby"" Scott (VA-03)",Legislative Assistant,2024-07-15,2024,staff,5.8994875,7.6774344,-1
MEM-292-24,Congresswoman Lizzie Fletcher (TX-7),Senior Legislative Assistant,2024-07-15,2024,staff,6.1337695,6.969572,-1
MEM-290-24,Congresswoman Dina Titus (NV-01),Staff Assistant,2024-07-15,2024,staff,-2.30378,8.161415,-1
MEM-288-24,,Front Office Assistant,2024-07-08,2024,staff,-1.2820575,7.548656,-1
MEM-287-24,,Press Assistant,2024-07-08,2024,staff,-3.0504065,-3.9293184,12
MEM-280-24,Congresswoman Lucy McBath (GA-07),Constituent Services and Field Representative,2024-07-08,2024,staff,-5.969301,13.066081,-1
MEM-278-24,Congresswoman Dina Titus (NV-01),Digital Director/Press Assistant,2024-07-08,2024,staff,-3.8732615,-3.446081,12
MEM-374-23,Congresswoman Abigail Spanberger (VA-07),Legislative Assistant / Senior Legislative Assistant,2023-07-17,2023,staff,6.5932064,7.790618,-1
MEM-369-23,Congressman Dan Goldman (NY-10),Legislative Assistant,2023-07-17,2023,staff,5.9761877,7.5390725,-1
MEM-367-23,Congressman Salud Carbajal (CA-24),Digital and Creative Assistant,2023-07-17,2023,staff,-3.9611185,-3.0373192,-1
MEM-365-23,Congressman Jeff Jackson (NC-14),Caseworker/Constituent Engagement Officer,2023-07-17,2023,staff,-6.510909,13.575305,-1
MEM-363-23,,Labor Policy Counsel,2023-07-17,2023,staff,7.752247,4.44521,1
MEM-360-23,Congressman Glenn Ivey (MD-04),Speechwriter,2023-07-17,2023,staff,-3.3101728,-5.7153335,-1
MEM-359-23,Congressman Glenn Ivey (MD-04),Legislative Assistant/Counsel,2023-07-17,2023,staff,5.8059993,7.796487,-1
MEM-358-23,Representative Mary Sattler Peltola (AK-00),Legislative Correspondent,2023-07-17,2023,staff,-0.46823698,5.815262,-1
MEM-355-23,Congressman Eric Sorensen (IL-17),Staff Assistant/Driver,2023-07-17,2023,staff,-1.0215993,8.405126,19
MEM-322-24,,Press Assistant,2024-07-22,2024,staff,-3.029178,-3.8832572,12
MEM-321-24,,Legislative Assistant,2024-07-22,2024,staff,6.167065,7.096583,-1
MEM-320-24,,Legislative Assistant,2024-07-22,2024,staff,6.6367564,7.9414597,-1
MEM-319-24,,Staff Assistant,2024-07-22,2024,staff,-1.9703035,7.717006,-1
MEM-318-24,Congressman Greg Landsman (OH-01),Scheduler/Operations Director,2024-07-22,2024,staff,2.5518754,16.994959,-1
MEM-317-24,Congresswoman Mikie Sherrill (NJ-11),Constituent Services Caseworker/Field Representative,2024-07-22,2024,staff,-6.5924473,13.237994,-1
MEM-315-24,Congressman Don Davis (NC-01),Staff Assistant,2024-07-22,2024,staff,-2.0988107,8.644486,-1
MEM-314-24,Congressman Jerrold Nadler (NY-12),Community Liaison,2024-07-22,2024,staff,-5.623527,13.082845,-1
MEM-392-23,Congressman Jonathan L. Jackson (IL-01),Legislative Assistant,2023-07-24,2023,staff,6.672441,7.929924,-1
MEM-391-23,,Deputy Chief Counsel,2023-07-24,2023,staff,5.842717,5.154639,-1
MEM-390-23,,Assistant General Counsel,2023-07-24,2023,staff,5.6958675,5.2324195,-1
MEM-387-23,Congressman Mark Pocan (WI-02),Staff Assistant,2023-07-24,2023,staff,-1.5611552,7.7279773,19
MEM-384-23,Congresswoman Nanette Barragán (CA-44),Scheduler,2023-07-24,2023,staff,1.5041698,17.639328,20
MEM-383-23,Congresswoman Nanette Diaz Barragán (CA-44),District Director,2023-07-24,2023,staff,-4.11527,12.559191,11
MEM-382-23,Representative Nanette Diaz Barragán (CA-44),Communications Director,2023-07-24,2023,staff,-0.49144438,-5.5849624,12
MEM-381-23,Congresswoman Susan Wild (PA-07),Press/Digital Assistant,2023-07-24,2023,staff,-3.5141182,-3.3202496,12
MEM-379-23,,Press Secretary,2023-07-24,2023,staff,-2.5395222,-4.7098618,-1
MEM-332-24,,Communications Director,2024-07-29,2024,staff,-0.7662487,-5.97404,-1
MEM-331-24,,Staff Assistant,2024-07-29,2024,staff,-1.9636225,7.6080637,-1
MEM-327-24,Congresswoman Lisa McClain (MI-09),Communications Director,2024-07-29,2024,staff,-0.95674205,-6.709821,12
MEM-325-24,Congressman Glenn Ivey (MD-04),Scheduler/Operations Director,2024-07-29,2024,staff,2.5366488,16.948385,-1
MEM-413-23,Congresswoman Suzanne Bonamici (OR-01),Legislative Assistant,2023-07-31,2023,staff,6.172377,7.8621445,-1
MEM-411-23,Congresswoman Andrea Salinas (OR-06),Legislative Assistant,2023-07-31,2023,staff,6.1705637,7.9696326,-1
MEM-407-23,Congresswoman Lois Frankel (FL-22),Legislative Assistant,2023-07-31,2023,staff,5.325618,7.605743,-1
MEM-405-23,Representative Mike Levin (CA-49),Legislative Assistant or Senior Legislative Assistant,2023-07-31,2023,staff,7.429397,7.87898,-1
MEM-403-23,Congresswoman Mikie Sherrill (NJ-11),Outreach Assistant,2023-07-31,2023,staff,-4.978486,13.2404585,-1
MEM-402-23,,Communications Director,2023-07-31,2023,staff,-0.8825411,-5.5019464,12
MEM-401-23,Representative Mike Levin (CA-49),Staff Assistant,2023-07-31,2023,staff,-1.7523835,8.249446,-1
MEM-400-23,Congresswoman Maxine Waters (CA-43),Legislative Director/Counsel,2023-07-31,2023,staff,6.5585837,9.137335,-1
MEM-394-23,Congressman Dan Kildee (MI-08),Legislative Assistant,2023-07-31,2023,staff,5.8939195,7.7914715,13
MEM-276-24,Congressman Robert Garcia (CA-42),Digital/Press Assistant,2024-07-08,2024,staff,-3.319558,-3.4625537,12
MEM-364-24,Congresswoman Sydney Kamlager-Dove (CA-37),Caseworker (Constituent Services Representative),2024-08-12,2024,staff,-6.842187,13.614509,-1
MEM-363-24,Congressman John B. Larson (CT-01),Staff Assistant,2024-08-12,2024,staff,-1.8284855,8.214044,-1
MEM-362-24,Representative Rick Larsen (WA-02),Staff Assistant,2024-08-12,2024,staff,-1.6991588,7.932365,-1
MEM-360-24,,Press Secretary,2024-08-12,2024,staff,-2.8732407,-4.797547,12
MEM-359-24,,Counsel / Professional Staff Member,2024-08-12,2024,staff,6.7294827,3.976235,7
MEM-358-24,Congresswoman Rashida Tlaib (MI-12),Legislative Assistant,2024-08-12,2024,staff,5.8071833,7.9726324,-1
MEM-357-24,,Press Secretary,2024-08-12,2024,staff,-3.0840359,-4.767398,12
MEM-356-24,Congressman Greg Landsman (OH-01),Legislative Assistant or Senior Legislative Assistant,2024-08-12,2024,staff,6.2386074,8.3443365,-1
MEM-355-24,Congressman Greg Landsman (OH-01),Legislative Director,2024-08-12,2024,staff,6.457052,9.211313,-1
MEM-353-24,,Communications Director,2024-08-05,2024,staff,-0.74010825,-5.9950166,12
MEM-351-24,,Communications Assistant,2024-08-05,2024,staff,-2.644265,-3.80645,-1
MEM-350-24,,Task Force Researcher,2024-08-05,2024,staff,5.2885466,3.7011127,-1
MEM-349-24,,Task Force Investigative Counsel,2024-08-05,2024,staff,5.4281855,3.7212217,-1
MEM-348-24,,Communications Director,2024-08-05,2024,staff,-1.2462006,-5.2868657,-1
MEM-347-24,,Staff Assistant,2024-08-05,2024,staff,5.192117,3.6903543,-1
MEM-345-24,Congressman Ro Khanna (CA-17),Operations Manager,2024-08-05,2024,staff,2.5871663,16.8606,-1
MEM-343-24,Congressman Jason Crow (CO-06),Press Secretary,2024-08-05,2024,staff,-2.6026583,-4.812994,-1
MEM-341-24,Congressman Jake Auchincloss (MA-04),Press Assistant/Press Secretary,2024-08-05,2024,staff,-3.3349924,-3.6654117,12
MEM-238-18,,Legislative Assistant,2018-08-13,2018,staff,7.098042,7.725495,-1
MEM-271-18,Congressman Gene Green (TX-29),Staff Assistant,2018-08-13,2018,staff,-1.7306887,7.4156013,-1
MEM-270-18,Congressman Tom McClintock (CA-04),Legislative Correspondent,2018-08-13,2018,staff,-0.48361242,5.7968416,16
MEM-436-23,,Staff Assistant,2023-08-14,2023,staff,-1.8580917,7.4284425,19
MEM-435-23,Congresswoman Barbara Lee (CA-12),Senior Legislative Assistant,2023-08-14,2023,staff,6.5369177,7.5907454,-1
MEM-434-23,Congresswoman Lois Frankel (FL-22),Communications Director,2023-08-14,2023,staff,-0.93196976,-6.358909,-1
MEM-433-23,Congressman Josh Gottheimer (NJ-05),Scheduler,2023-08-14,2023,staff,2.4187803,17.428102,20
MEM-431-23,Congresswoman Bonamici (OR-01),Scheduler,2023-08-14,2023,staff,1.7769014,17.476847,-1
MEM-430-23,Congresswoman Summer Lee (PA-12),Legislative Director,2023-08-14,2023,staff,6.549359,9.30899,-1
MEM-425-23,Congresswoman Lois Frankel (FL-22),Scheduler/Director of Operations,2023-08-07,2023,staff,2.5120878,17.08062,-1
MEM-424-23,Congresswoman Susie Lee (NV-03),Legislative Assistant,2023-08-07,2023,staff,6.542975,7.3512664,-1
MEM-422-23,Congressman Mark Pocan (WI-02),Digital Director / Press Secretary,2023-08-07,2023,staff,-4.245163,-3.289482,12
MEM-421-23,Congressman Jonathan L. Jackson (IL-01),Communications Director,2023-08-07,2023,staff,-0.6143845,-5.808558,12
MEM-419-23,Congresswoman Summer Lee (PA-12),Digital Assistant,2023-08-07,2023,staff,-3.5972657,-2.8813567,12
MEM-399-19,Congresswoman Pramila Jayapal (WA-07),Communications Director,2019-08-19,2019,staff,-0.17523903,-5.995495,12
MEM-370-24,Congressman Chuck Edwards (NC-11),Caseworker,2024-08-19,2024,staff,-6.762656,13.708774,15
MEM-369-24,,Staff Assistant,2024-08-19,2024,staff,-2.3956633,9.03911,17
MEM-368-24,Congresswoman Linda T. Sánchez (CA-38),Legislative Director,2024-08-19,2024,staff,6.4800715,9.175498,-1
MEM-366-24,Congressman Raja Krishnamoorthi (IL-08),Staff Assistant,2024-08-19,2024,staff,-2.0725186,9.142423,-1
MEM-365-24,,Digital Resident,2024-08-19,2024,staff,-3.739321,-2.7970843,-1
MEM-286-18,Congresswoman Gwen Moore (WI-04),Staff Assistant/Personal Assistant,2018-08-21,2018,staff,-1.1961058,8.034767,-1
MEM-449-23,Congresswoman Anna G. Eshoo (CA-16),Staff Assistant,2023-08-21,2023,staff,-1.4491178,8.36658,-1
MEM-447-23,,Press Assistant,2023-08-21,2023,staff,-3.1585274,-4.1450596,-1
MEM-446-23,Congressman Frank J. Mrvan (IN-01),Military Legislative Assistant,2023-08-21,2023,staff,7.3098154,6.3303556,-1
MEM-445-23,Congressman Jonathan L. Jackson (IL-01),Press Assistant/Digital Specialist,2023-08-21,2023,staff,-3.5753145,-3.5500453,12
MEM-444-23,,Professional Staff Member,2023-08-21,2023,staff,5.929941,3.5109859,-1
MEM-443-23,Congresswoman Elissa Slotkin (MI-07),Special Assistant,2023-08-21,2023,staff,1.6565349,16.83734,-1
MEM-442-23,,Chief of Staff,2023-08-21,2023,staff,5.858652,9.251777,-1
MEM-441-23,,Civil Rights Counsel,2023-08-21,2023,staff,8.187561,4.101853,1
MEM-439-23,,Communications Director,2023-08-21,2023,staff,-0.7250894,-5.9509463,-1
MEM-438-23,Congresswoman Katie Porter (CA-47),Legislative Correspondent,2023-08-21,2023,staff,-0.52331996,5.8434806,-1
MEM-374-24,Congressman Jason Crow (CO-06),Legislative Assistant,2024-08-26,2024,staff,6.1156917,7.5314345,-1
MEM-373-24,Congressman Don Davis (NC-01),Regional Director,2024-08-26,2024,staff,-4.1199107,12.558631,-1
MEM-372-24,Congresswoman Val Hoyle (OR-04),Press Assistant/Digital Manager,2024-08-26,2024,staff,-3.7601216,-3.4318695,12
MEM-371-24,Congresswoman Mikie Sherrill (NJ-11),Press/Digital Assistant,2024-08-26,2024,staff,-3.1722496,-3.7640765,-1
MEM-455-23,House Committee on Transportation and Infrastructure,Committee Deputy Clerk,2023-08-28,2023,staff,5.6901636,2.5879803,-1
MEM-454-23,,Operations Manager,2023-08-28,2023,staff,2.536704,16.74672,-1
MEM-453-23,,Research Assistant,2023-08-28,2023,staff,6.074483,6.821296,-1
MEM-452-23,Congresswoman Sara Jacobs (CA-51),Community Representative,2023-08-28,2023,staff,-5.886647,13.924285,-1
MEM-450-23,Congressman Jerrold Nadler (NY-12),Scheduler,2023-08-28,2023,staff,2.4141488,17.570768,-1
MEM-346-24,Congresswoman Gwen Moore (WI-04),Staff Assistant/Legislative Correspondent,2024-08-05,2024,staff,-1.0155736,8.042431,-1
MEM-342-24,Congressman Ro Khanna (CA-17),Legislative Assistant,2024-08-05,2024,staff,6.9109926,7.081686,-1
MEM-428-23,Congresswoman Sara Jacobs (CA-51),Staff Assistant/Legislative Correspondent,2023-08-07,2023,staff,-1.0237361,7.2047973,-1
MEM-415-23,,San Diego Based Press Secretary/Deputy Press Secretary,2023-08-07,2023,staff,-2.9945292,-4.8326683,12
MEM-457-23,Congresswoman Jennifer McClellan (VA-04),Scheduler or Director of Operations,2023-09-04,2023,staff,2.5115314,17.080708,20
MEM-375-24,,Digital Director,2024-09-03,2024,staff,-4.312376,-2.8569856,12
MEM-473-23,Congressman Seth Moulton (MA-06),Staff Assistant/Legislative Correspondent,2023-09-18,2023,staff,-0.87239575,6.6783476,-1
MEM-386-24,Joint Congressional Committee on Inaugural Ceremonies (JCCIC),Communications Director,2024-09-30,2024,staff,-0.75870675,-5.486541,-1
