job_id,office,position_title,date,year,listing_type,umap_x,umap_y,cluster
MEM-101-14,Congressman Steven Horsford (NV-4),Intern,2014-01-06,2014,internship,9.076079,-1.6118944,24
MEM-377-13,,Press Intern,2013-12-23,2013,internship,13.721904,18.871832,-1
MEM-372-13,,Spring 2014 Intern,2013-12-16,2013,internship,10.330346,3.5922263,-1
MEM-371-13,Congressman Derek Kilmer (WA-06),Intern,2013-12-09,2013,internship,0.19579807,18.09099,-1
MEM-369-13,,Communications Intern,2013-12-09,2013,internship,13.242618,18.63656,-1
MEM-368-13,Congressman Mario Diaz-Balart (FL-25),Intern,2013-12-09,2013,internship,8.269828,-0.60768586,-1
MEM-367-13,,Communications Intern,2013-12-09,2013,internship,13.240985,18.733046,-1
MEM-365-13,Congressman Dave Loebsack (IA-02),Spring Intern,2013-12-09,2013,internship,3.9291363,1.28022,-1
MEM-111-14,Congressman Reid Ribble (WI-08),Spring 2014 Intern,2014-01-13,2014,internship,6.7137628,5.012936,27
MEM-110-14,Congressman Jerry McNerney (CA-09),Intern,2014-01-13,2014,internship,10.952641,2.1373088,29
MEM-105-14,Congresswoman Betty McCollum (MN-04),Internship,2014-01-13,2014,internship,7.171734,2.834033,-1
MEM-103-14,,Spring 2014 Intern,2014-01-13,2014,internship,10.863799,8.39213,6
MEM-102-14,,Legislative Intern,2014-01-13,2014,internship,4.0040174,3.626623,-1
MEM-316-13,Congresswoman Maxine Waters (CA-43),Press and Social Media Intern,2013-12-09,2013,internship,14.365046,19.467169,-1
MEM-117-14,Congressman Denny Heck (WA-10),Intern,2014-01-20,2014,internship,6.5292406,0.6595577,-1
MEM-116-14,,Spring 2014 Intern,2014-01-20,2014,internship,11.132323,8.394976,6
MEM-115-14,,Press Intern,2014-01-20,2014,internship,14.299047,19.458416,-1
MEM-114-14,,Intern,2014-01-20,2014,internship,-3.7582145,-0.49463674,30
MEM-113-14,Congresswoman Katherine Clark (MA-05),Unpaid Intern,2014-01-20,2014,internship,6.88788,7.364305,-1
MEM-112-14,,Intern,2014-01-20,2014,internship,6.4478955,4.7291307,-1
MEM-122-14,Congressman Kurt Schrader (OR-05),Spring Intern,2014-02-03,2014,internship,5.4771175,-0.04624676,-1
MEM-121-14,,Intern,2014-02-03,2014,internship,5.340149,0.105988584,-1
MEM-364-13,Congressman Henry Cuellar (TX-28),Press Intern,2013-12-02,2013,internship,13.267504,19.175482,-1
MEM-363-13,Congressman Bill Shuster (PA-09),Spring Intern,2013-12-02,2013,internship,3.7924817,2.710347,-1
MEM-362-13,Congressman Tim Walz (MN-01),Spring 2014 Intern,2013-12-02,2013,internship,7.156771,2.3981516,-1
MEM-359-13,,Intern,2013-12-02,2013,internship,4.3181653,2.094928,-1
MEM-358-13,Congresswoman Carolyn McCarthy (NY-04),Spring 2014 Intern,2013-12-02,2013,internship,7.74504,2.0237145,-1
MEM-357-13,Congresswoman Diana DeGette (CO-01),Spring 2014 Intern,2013-12-02,2013,internship,4.283684,2.1308694,-1
MEM-355-13,Congressman Dave Camp (MI-04),Spring Internships,2013-12-02,2013,internship,8.3459015,3.9911327,-1
MEM-354-13,Representative Scott Tipton (CO-03),Winter Semester Intern,2013-12-02,2013,internship,7.108958,1.3396574,-1
MEM-353-13,,Spring 2014 Intern,2013-12-02,2013,internship,5.278097,5.786654,-1
MEM-352-13,Congresswoman Marcia Fudge (OH-11),Legislative/Press Intern,2013-12-02,2013,internship,3.6116142,4.049169,-1
MEM-351-13,Congressman Jerry McNerney (CA-09),Intern,2013-12-02,2013,internship,10.935639,2.148057,29
MEM-350-13,Congressman Bob Goodlatte (VA-06),Spring 2014 Internship,2013-12-02,2013,internship,6.4821243,1.4071516,-1
MEM-348-13,,Legislative Intern,2013-12-02,2013,internship,7.933383,1.0872804,-1
MEM-347-13,,Legislative Intern,2013-12-02,2013,internship,3.8382306,5.5477114,16
MEM-345-13,Congressman Raul Labrador (ID-01),Unpaid Intern,2013-12-02,2013,internship,6.324699,0.34047398,-1
MEM-344-13,Congresswoman Betty McCollum (MN-04),Intern,2013-12-02,2013,internship,7.217471,2.5977733,-1
MEM-343-13,,Legislative Fellow,2013-12-02,2013,internship,7.984268,10.132502,-1
MEM-342-13,,Spring 2014 Intern,2013-12-02,2013,internship,10.730321,8.415327,6
MEM-341-13,Congressman Jared Huffman (CA-02),Intern,2013-12-02,2013,internship,6.2928057,2.8720176,-1
MEM-339-13,Congressman Frank Pallone (NJ-06),Spring 2014 Intern,2013-12-02,2013,internship,4.8597245,1.6408148,-1
MEM-338-13,,Intern,2013-12-02,2013,internship,6.865975,-3.5668662,37
MEM-286-13,Congressman Dennis A. Ross (FL-15),Intern,2013-12-02,2013,internship,7.8466196,-0.4426774,-1
MEM-366-13,Congresswoman Zoe Lofgren (CA-19),Intern,2013-12-09,2013,internship,5.839018,2.7364414,-1
MEM-496-24,Congressman French Hill (AR-02),Intern,2024-11-25,2024,internship,8.622113,0.5285657,-1
MEM-491-24,,Intern,2024-11-25,2024,internship,10.39616,8.085296,6
MEM-489-24,,Press Intern,2024-11-25,2024,internship,13.492026,19.626518,22
MEM-488-24,Congressman Salud Carbajal (CA-24),Digital/Press Intern,2024-11-25,2024,internship,12.459688,19.436403,21
MEM-487-24,,Press Intern,2024-11-25,2024,internship,12.087214,19.759794,-1
MEM-485-24,,Press Intern,2024-11-25,2024,internship,13.327981,19.543962,-1
MEM-483-24,Congressman Pat Fallon (TX-04),Spring 2025 Intern,2024-11-25,2024,internship,6.537149,2.4168417,-1
MEM-482-24,Congresswoman Doris Matsui (CA-07),Press and Digital Intern,2024-11-18,2024,internship,12.021175,18.947922,21
MEM-481-24,Congressman Jeff Van Drew (NJ-02),Spring Intern,2024-11-18,2024,internship,5.9088287,-0.8633582,38
MEM-480-24,,Max Kampelman Fellow,2024-11-18,2024,internship,7.81331,9.622137,-1
MEM-477-24,Congresswoman Susie Lee (NV-03),Spring 2025 DC Intern,2024-11-11,2024,internship,8.877897,-2.7866642,25
MEM-472-24,Congresswoman Michelle Steel (CA-45),Winter/Spring Intern,2024-11-11,2024,internship,8.159646,2.0954292,-1
MEM-466-24,Congressman Cory Mills (FL-07),Spring Internship,2024-11-11,2024,internship,6.333416,0.81257683,42
MEM-464-24,Congressman Joaquin Castro (TX-20),DC Legislative Intern,2024-11-04,2024,internship,5.9438896,3.2614343,-1
MEM-463-24,Congresswoman Mary Gay Scanlon (PA-05),Paid Spring 2025 Legislative Internship,2024-11-04,2024,internship,6.648592,6.698481,-1
MEM-459-24,Congressman Cliff Bentz (OR-02),Congressional Paid Intern,2024-11-04,2024,internship,7.6703467,1.6255243,-1
MEM-453-24,Congresswoman Stephanie Bice (OK-05),Paid Spring 2025 Intern,2024-10-28,2024,internship,8.031457,3.306166,-1
MEM-447-24,Congresswoman Dina Titus (NV-01),Legislative Intern,2024-10-28,2024,internship,8.128955,0.44021872,-1
MEM-499-24,Congresswoman Sydney Kamlager-Dove (CA-37),Press Intern,2024-12-02,2024,internship,12.931762,19.143496,-1
MEM-507-24,Congresswoman Eleanor Holmes Norton (DC-00),District Intern,2024-12-09,2024,internship,8.088789,5.077657,-1
MEM-505-24,Congressman Robert Garcia (CA-42),Paid Part-Time Press Intern,2024-12-09,2024,internship,13.782847,19.255083,-1
MEM-515-24,Congressman Maxwell Alejandro Frost (FL-10),Spring 2025 Intern,2024-12-30,2024,internship,9.010372,-0.49647403,-1
MEM-039-25,Congressman Cory Mills (FL-07),Spring 2025 Intern,2025-02-03,2025,internship,6.4699244,0.7877728,42
MEM-034-25,Congressman Morgan McGarvey (KY-03),Intern,2025-01-27,2025,internship,7.3915305,1.7073249,-1
MEM-020-25,Congressman Troy E. Nehls (TX-22),Spring 2025 Intern,2025-01-27,2025,internship,6.185314,-0.25451517,-1
MEM-018-25,Congresswoman Suzan DelBene (WA-01),Intern,2025-01-27,2025,internship,7.649168,1.84542,34
MEM-050-25,Congresswoman Gwen Moore (WI-04),Summer 2025 Intern,2025-02-10,2025,internship,6.1299896,3.6812983,-1
MEM-049-25,Representative Josh Riley (NY-19),District Office Intern,2025-02-10,2025,internship,7.9361706,4.7087107,-1
MEM-044-25,Congressman Jeff Van Drew (NJ-02),Summer Intern,2025-02-10,2025,internship,5.890782,-0.9058072,38
MEM-041-25,Congressman Steve Cohen (TN-09),Summer Intern,2025-02-10,2025,internship,0.33804175,7.1354933,12
MEM-059-25,Congressman Joseph D. Morelle (NY-25),Summer 2025 Washington D.C. Intern,2025-02-17,2025,internship,7.624635,3.5277913,-1
MEM-058-25,,Legislative Intern,2025-02-17,2025,internship,9.0299,8.803578,28
MEM-057-25,,Digital Fellow,2025-02-17,2025,internship,12.813421,20.02985,-1
MEM-055-25,Congressman French Hill (AR-02),Intern,2025-02-17,2025,internship,8.608954,0.5332107,-1
MEM-052-25,,Paid Intern,2025-02-17,2025,internship,6.6421676,6.554557,-1
MEM-075-25,Congressman Mike Levin (CA-49),Intern,2025-02-24,2025,internship,12.216055,18.397455,20
MEM-073-25,Congresswoman Janelle Bynum (OR-05),Intern,2025-02-24,2025,internship,7.824374,3.2989829,-1
MEM-070-25,Congresswoman Sydney Kamlager-Dove (CA-37),Congressional Intern,2025-02-24,2025,internship,7.888813,2.768537,-1
MEM-069-25,Congresswoman Grace Meng (NY-06),Summer 2025 Intern,2025-02-24,2025,internship,6.636412,2.3073254,41
MEM-068-25,Representative Donald Norcross (NJ-01),Summer 2025 Intern,2025-02-24,2025,internship,7.2701325,1.6874024,-1
MEM-066-25,Congresswoman Chrissy Houlahan (PA-06),Legislative Intern,2025-02-24,2025,internship,16.717545,11.236127,-1
MEM-065-25,Congresswoman Chrissy Houlahan (PA-06),Press Intern,2025-02-24,2025,internship,11.468121,19.031235,21
MEM-061-25,Congressman Salud Carbajal (CA-24),Digital Intern,2025-02-24,2025,internship,12.313629,19.34136,21
MEM-087-25,,Paid Summer Intern,2025-03-03,2025,internship,12.06422,19.769264,-1
MEM-085-25,Congressman Brad Schneider (IL-10),Press Intern,2025-03-03,2025,internship,12.517041,19.178406,-1
MEM-084-25,Congressman Brad Schneider (IL-10),Legislative Intern,2025-03-03,2025,internship,5.964665,3.2349153,-1
MEM-083-25,Congressman Brad Schneider (IL-10),Scheduling & Administrative Internship,2025-03-03,2025,internship,7.699687,3.5573857,-1
MEM-079-25,Congressman Rob Wittman (VA-01),Congressional Intern,2025-03-03,2025,internship,7.752765,2.6726959,-1
MEM-078-25,Congresswoman Mary Gay Scanlon (PA-05),Summer 2025 Legislative Internship,2025-03-03,2025,internship,6.646789,6.7068753,-1
MEM-077-25,,Communications Intern/Fellow,2025-03-03,2025,internship,12.810696,18.908007,-1
MEM-093-25,Congressman Darrell Issa (CA-48),Legal Fellow,2025-03-10,2025,internship,8.557695,10.311305,-1
MEM-092-25,Congresswoman Sydney Kamlager-Dove (CA-37),Summer Legal Fellow,2025-03-10,2025,internship,8.311008,10.179766,-1
MEM-091-25,Congresswoman Susie Lee (NV-03),Summer 2025 DC Intern,2025-03-10,2025,internship,8.883402,-2.7730913,25
MEM-090-25,Congresswoman Diana Harshbarger (TN-01),Press/Digital Intern,2025-03-10,2025,internship,12.5531645,19.305784,-1
MEM-089-25,Congresswoman Dina Titus (NV-01),Legislative Intern,2025-03-10,2025,internship,8.129357,0.43837222,-1
MEM-099-25,Congressman Rob Menendez (NJ-08),Summer 2025 Internship,2025-03-17,2025,internship,7.0210743,3.6525912,-1
MEM-098-25,Congressman Rob Menendez (NJ-08),Press/Digital Internship,2025-03-17,2025,internship,12.576913,19.588737,-1
MEM-097-25,Congresswoman Rosa L. DeLauro (CT-03),DC Internship,2025-03-17,2025,internship,6.1249585,5.5478745,-1
MEM-096-25,Congressman Pat Harrigan (NC-10),Spring 2025 Intern,2025-03-17,2025,internship,7.2595687,3.9473853,-1
MEM-109-25,,Summer Intern,2025-03-24,2025,internship,11.75181,9.378581,2
MEM-120-25,Congressman Robert Garcia (CA-42),Paid Part-Time Press Intern,2025-04-07,2025,internship,13.78499,19.26478,-1
MEM-146-25,Congressman Salud Carbajal (CA-24),Digital/Press Intern,2025-05-12,2025,internship,12.313033,19.41594,21
MEM-171-25,Congressman Jeff Van Drew (NJ-02),Fall Intern,2025-06-03,2025,internship,5.886706,-0.88509053,38
MEM-178-25,Congressman French Hill (AR-02),Fall 2025 Intern,2025-06-09,2025,internship,8.657905,0.51354855,-1
MEM-175-25,Congresswoman Suzan DelBene (WA-01),Intern,2025-06-09,2025,internship,7.652752,1.9403157,34
MEM-187-25,Congresswoman Chrissy Houlahan (PA-06),Press Intern,2025-06-16,2025,internship,11.479013,19.063835,21
MEM-186-25,Congresswoman Chrissy Houlahan (PA-06),Legislative Intern,2025-06-16,2025,internship,16.708515,11.2362995,-1
MEM-184-25,Congressman Mike Levin (CA-49),Press and Legislative Intern,2025-06-16,2025,internship,12.136013,18.359957,20
MEM-183-25,,Oversight and Investigations Law Clerk,2025-06-16,2025,internship,8.046803,11.489407,1
MEM-196-25,,"Fall 2025 Intern, House Committee on Natural Resources – Democratic Staff",2025-06-23,2025,internship,11.744669,9.3728075,2
MEM-194-25,Congressman French Hill (AR-02),Fall 2025 Intern,2025-06-23,2025,internship,8.657479,0.51710165,-1
MEM-193-25,,Intern,2025-06-23,2025,internship,13.144171,8.303472,4
MEM-192-25,Congresswoman Mary Gay Scanlon (PA-05),Fall 2025 Legislative Internship,2025-06-23,2025,internship,6.6401744,6.697164,-1
MEM-191-25,Congresswoman Sydney Kamlager-Dove (CA-37),Fall Legal Fellow,2025-06-23,2025,internship,8.318669,10.186479,-1
MEM-190-25,Congresswoman Sydney Kamlager-Dove (CA-37),Congressional Intern (Fall 2025),2025-06-23,2025,internship,7.916799,2.8820822,-1
MEM-215-25,,Fall Internship for House Committee on Veterans' Affairs - Majority,2025-06-30,2025,internship,5.7711997,13.446545,-1
MEM-214-25,Congressman Joseph Morelle (NY-25),Fall 2025 District Office Intern,2025-06-30,2025,internship,8.071884,5.5073647,-1
MEM-213-25,Congressman Joe Morelle (NY-25),Fall 2025 Intern,2025-06-30,2025,internship,7.600115,3.4623563,-1
MEM-211-25,Representative Kevin Mullin (CA-15),Legislative Intern,2025-06-30,2025,internship,5.813847,3.5441868,-1
MEM-210-25,Representative Kevin Mullin (CA-15),Press Intern,2025-06-30,2025,internship,13.552684,19.399803,22
MEM-209-25,,"Legal, Clerk, and Press Intern (Fall 2025)",2025-06-30,2025,internship,8.936353,9.320838,-1
MEM-208-25,Congresswoman Janelle Bynum (OR-05),Fall District Internship,2025-06-30,2025,internship,7.8512807,3.9827502,-1
MEM-207-25,Congresswoman Janelle Bynum (OR-05),Fall D.C. Internship,2025-06-30,2025,internship,7.80806,3.8827727,-1
MEM-206-25,Congressman Moulton (MA-06),Intern,2025-06-30,2025,internship,7.468047,4.342117,33
MEM-205-25,Congresswoman Rosa L. DeLauro (CT-03),Summer 2025 Intern,2025-06-30,2025,internship,6.102084,5.5671864,-1
MEM-204-25,,Legislative Intern,2025-06-30,2025,internship,9.000268,8.767166,28
MEM-203-25,Congresswoman Luz Rivas (CA-29),Fall Intern,2025-06-30,2025,internship,6.5450954,1.2727728,-1
MEM-202-25,Congresswoman Grace Meng (NY-06),Fall 2025 Intern,2025-06-30,2025,internship,6.6069684,2.3607085,-1
MEM-221-25,,Intern,2025-07-07,2025,internship,10.337345,8.112927,6
MEM-220-25,Congresswoman Lois Frankel (FL-21),Fall 2025 Intern,2025-07-07,2025,internship,4.753353,8.167348,18
MEM-219-25,Congresswoman Sara Jacobs (CA-51),Intern,2025-07-07,2025,internship,8.954609,4.9220133,-1
MEM-218-25,Congressman Shri Thanedar (MI-13),Legislative Fellow,2025-07-07,2025,internship,8.026499,10.06247,-1
MEM-217-25,Congressman Shri Thanedar (MI-13),Press and Legislative Intern,2025-07-07,2025,internship,3.904617,4.005847,-1
MEM-241-25,,Fall Internship,2025-07-21,2025,internship,6.645998,3.2013586,-1
MEM-239-25,Congressman Raja Krishnamoorthi (IL-08),Press Intern,2025-07-21,2025,internship,13.8908,22.094946,-1
MEM-237-25,Representative Seth Magaziner (RI-02),Part-Time Fall 2025 Intern,2025-07-21,2025,internship,7.736797,3.3286216,-1
MEM-236-25,,House Committee on Veterans' Affairs Law Clerk,2025-07-21,2025,internship,8.050926,11.454297,1
MEM-235-25,,House Committee on Veterans' Affairs Press/Digital Intern,2025-07-21,2025,internship,6.009553,13.771538,8
MEM-233-25,Congresswoman Doris Matsui (CA-07),Press and Digital Intern,2025-07-21,2025,internship,12.021742,18.91788,21
MEM-232-25,Congresswoman Doris Matsui (CA-07),Intern,2025-07-21,2025,internship,5.9680195,2.9563777,-1
MEM-231-25,Congressman Jason Smith (MO-08),Intern,2025-07-21,2025,internship,9.91611,3.0504334,-1
MEM-229-25,Congresswoman Gwen Moore (WI-04),Fall 2025 Intern,2025-07-21,2025,internship,6.155889,3.6765163,-1
MEM-226-25,Congresswoman Susie Lee (NV-03),Fall 2025 Intern,2025-07-21,2025,internship,8.882565,-2.7656045,25
MEM-225-25,Congresswoman Angie Craig (MN-02),Fall 2025 Intern,2025-07-21,2025,internship,7.012827,3.3687153,-1
MEM-223-25,Congressman Pat Harrigan (NC-10),Fall 2025 Intern,2025-07-21,2025,internship,7.504558,3.8097064,-1
MEM-222-25,Congressman David Scott (GA-13),Fall 2025 Intern,2025-07-21,2025,internship,5.6260123,0.30373552,-1
MEM-256-25,Congresswoman Dina Titus (NV-01),"Paid Intern, Fall 2025 Semester",2025-07-28,2025,internship,8.126603,0.3910626,-1
MEM-255-25,Congressman Jim Costa (CA-21),Digital/Press Intern,2025-07-28,2025,internship,12.5194645,19.274038,21
MEM-252-25,Congressman Nick Langworthy (NY-23),Intern,2025-07-28,2025,internship,7.5038095,2.7434158,-1
MEM-264-25,Congressman Mike Kelly (PA-16),Fall Intern,2025-08-04,2025,internship,5.9672008,-0.77319306,38
MEM-261-25,Congressman Greg Murphy (NC-03),Fall Intern,2025-08-04,2025,internship,-0.024187464,9.092119,-1
MEM-260-25,Congressman Andrew Clyde (GA-09),Fall Semester Intern,2025-08-04,2025,internship,6.3604693,2.642006,-1
MEM-259-25,Congresswoman Angie Craig (MN-02),Press Intern,2025-08-04,2025,internship,11.637891,18.99061,-1
MEM-258-25,,Digital Media Intern,2025-08-04,2025,internship,11.1992035,21.061386,15
MEM-266-25,Congressman Salud Carbajal (CA-24),Digital/Press Intern,2025-08-11,2025,internship,12.396324,19.419094,21
MEM-272-25,Congressman Robert Garcia (CA-42),Paid Part-Time Press Intern (Fall 2025),2025-08-18,2025,internship,13.782535,19.244717,-1
MEM-278-25,,Video Production Intern,2025-08-25,2025,internship,11.102966,21.15906,-1
MEM-284-25,,Legislative / Financial Services Fellow,2025-09-01,2025,internship,7.662001,10.320758,-1
MEM-295-25,,Intern,2025-09-15,2025,internship,6.343574,0.7494125,-1
MEM-292-25,Congressman Wesley Hunt (TX-38),Fall 2025 District Office Internship,2025-09-15,2025,internship,7.98417,5.2072954,-1
MEM-310-25,,Fall 2025 Committee on House Administration Internship,2025-09-22,2025,internship,10.409701,8.057261,6
MEM-309-25,Congressman French Hill (AR-02),Communications Intern,2025-09-22,2025,internship,8.642952,0.4866675,-1
MEM-308-25,Congressman French Hill (AR-02),Spring 2026 Intern,2025-09-22,2025,internship,8.645224,0.51666445,-1
MEM-306-25,Congressman Brian Mast (FL-21),Unpaid Intern,2025-09-22,2025,internship,8.699792,-0.43230885,-1
MEM-303-25,Congressman Carlos A. Gimenez (FL-28),Paid Intern,2025-09-22,2025,internship,8.5124235,3.655829,-1
MEM-326-25,Congressman Mike Levin (CA-49),Legislative Intern,2025-09-29,2025,internship,10.01095,1.3436636,-1
MEM-323-25,Congresswoman Janelle Bynum (OR-05),Fall D.C. Internship,2025-09-29,2025,internship,7.8673096,3.914018,-1
MEM-322-25,Representative Jim Baird (IN-4),Spring 2026 Intern,2025-09-29,2025,internship,7.3298826,3.0972548,-1
MEM-320-25,Congressman French Hill (AR-02),Congressional and Communications Intern,2025-09-29,2025,internship,8.610035,0.5342721,-1
MEM-319-25,Congressman Joseph D. Morelle (NY-25),D.C. Internship (Spring 2026),2025-09-29,2025,internship,7.7041426,3.5816035,-1
MEM-318-25,Congressman Joseph D. Morelle (NY-25),Spring 2026 District Office Internship,2025-09-29,2025,internship,8.0700035,5.4855595,-1
MEM-317-25,Congressman Jeff Van Drew (NJ-02),Spring Intern,2025-09-29,2025,internship,5.914309,-0.8706962,38
MEM-316-25,Congressman Dan Meuser (PA-09),Spring Intern,2025-09-29,2025,internship,3.8324697,2.6976395,-1
MEM-343-25,Congresswoman Kat Cammack (FL-03),D.C. Spring 2026 Internship,2025-11-17,2025,internship,7.729096,3.6693962,-1
MEM-342-25,Congresswoman Mary Gay Scanlon (PA-05),Spring 2026 Legislative Internship,2025-11-17,2025,internship,6.6661396,6.702242,-1
MEM-341-25,Congresswoman Janelle Bynum (OR-05),Winter/Spring Internship,2025-11-17,2025,internship,7.8527236,3.9389048,-1
MEM-340-25,Representative Seth Magaziner (RI-02),Spring 2026 Intern,2025-11-17,2025,internship,7.735674,3.3443604,-1
MEM-339-25,Congressman John McGuire (VA-05),Spring 2026 Intern,2025-11-17,2025,internship,7.2867746,2.7242186,-1
MEM-338-25,Rep. Jill Tokuda (HI-02),Press/Digital Intern,2025-11-17,2025,internship,12.575941,19.18866,21
MEM-337-25,Congressman David Scott (GA-13),Spring 2026 Intern,2025-11-17,2025,internship,5.6497927,0.27434018,-1
MEM-334-25,Congressman Vicente Gonzalez (TX-34),Spring 2026 Intern,2025-11-17,2025,internship,7.4285336,3.4798763,-1
MEM-332-25,Congresswoman Sydney Kamlager-Dove (CA-37),Legal Fellow,2025-11-17,2025,internship,8.276781,10.200684,-1
MEM-331-25,Congressman Brian Mast (FL-21),Spring 2026 Intern,2025-11-17,2025,internship,8.646118,-0.49737403,-1
MEM-358-25,Congressman Glenn Ivey (MD-04),Press and Digital Fellow,2025-11-24,2025,internship,12.858417,20.01746,-1
MEM-357-25,,Winter 2026 Press Intern,2025-11-24,2025,internship,13.392655,19.746832,-1
MEM-353-25,,Spring 2026 Paid Intern,2025-11-24,2025,internship,12.059236,19.766588,-1
MEM-347-25,Congressman Greg Murphy (NC-03),Spring 2026 Intern,2025-11-24,2025,internship,-0.015353344,9.087753,-1
MEM-346-25,Congresswoman Doris Matsui (CA-07),Press and Digital Intern,2025-11-24,2025,internship,12.024182,18.915806,21
MEM-345-25,Congresswoman Doris Matsui (CA-07),Spring 2026 Intern,2025-11-24,2025,internship,6.104113,3.1082985,-1
MEM-366-25,,Aviation Intern,2025-12-08,2025,internship,8.433063,8.429738,-1
MEM-364-25,Congressman Jim Costa (CA-21),Digital/Press Intern,2025-12-08,2025,internship,12.5583,19.26957,21
MEM-372-25,Congressman Robert Garcia (CA-42),Press Intern (Spring 2026),2025-12-15,2025,internship,13.918362,19.298239,-1
MEM-391-25,House Select Committee on the Strategic Competition Between the United States and the Chinese Communist Party (Select Committee on China),Intern (Minority),2025-12-22,2025,internship,9.812004,9.150147,-1
MEM-390-25,,Intern,2025-12-22,2025,internship,10.369291,8.097474,6
MEM-388-25,Congressman Salud Carbajal (CA-24),Digital/Press Intern,2025-12-22,2025,internship,12.336923,19.388134,21
MEM-386-25,Congressman Nick Langworthy (NY-23),Spring 2026 Intern,2025-12-22,2025,internship,7.437076,2.7896223,-1
MEM-385-25,,Digital Fellow,2025-12-22,2025,internship,12.726209,19.968283,-1
MEM-383-25,Congressman Mike Levin (CA-49),Legislative Intern,2025-12-22,2025,internship,10.012463,1.332924,-1
MEM-382-25,Congressman Glenn Grothman (WI-06),Spring Press Intern,2025-12-22,2025,internship,12.417308,19.423786,-1
MEM-017-25,Congressman Brian Mast (FL-21),Spring 2025 Intern,2025-01-20,2025,internship,8.645095,-0.5043181,-1
MEM-010-26,,Video Production Intern,2026-01-12,2026,internship,11.104973,21.157204,-1
MEM-007-26,Congresswoman Dina Titus (NV-01),Legislative Intern,2026-01-12,2026,internship,8.16955,0.45807272,-1
MEM-017-26,,Summer 2026 Committee on House Administration Internship,2026-01-20,2026,internship,10.3975725,8.05603,6
MEM-012-26,,Digital Internship,2026-01-20,2026,internship,11.146775,21.109594,15
MEM-023-26,Congressman Kevin Kiley (CA-03),Spring 2026 Intern,2026-01-26,2026,internship,10.344201,1.0637003,36
MEM-021-26,Congresswoman Michelle Fischbach (MN-07),Intern,2026-01-26,2026,internship,7.594967,3.3888261,-1
MEM-030-26,,Internship for House Committee on Veterans' Affairs - Majority Staff,2026-02-02,2026,internship,5.78302,13.476461,-1
MEM-029-26,Congresswoman Marcy Kaptur (OH-09),Summer 2026 Intern,2026-02-02,2026,internship,6.291597,3.5727544,-1
MEM-028-26,Congresswoman Sarah McBride (DE-00),Communications Intern,2026-02-02,2026,internship,12.274391,18.761415,-1
MEM-035-26,Congresswoman Gwen Moore (WI-04),Intern,2026-02-09,2026,internship,6.1135235,3.4323285,-1
MEM-032-26,Congressman Mike Levin (CA-49),Press and Legislative Interns,2026-02-09,2026,internship,12.147822,18.336042,20
MEM-048-26,Congressman Juan Ciscomani (AZ-06),Summer 2026 Paid Intern,2026-02-17,2026,internship,7.2081966,0.9343443,-1
MEM-047-26,,Legislative / Financial Services Fellow,2026-02-17,2026,internship,7.646959,10.332444,-1
MEM-046-26,,Summer Intern,2026-02-17,2026,internship,13.133196,8.3140745,4
MEM-042-26,Congresswoman Chrissy Houlahan (PA-06),Digital Internship,2026-02-17,2026,internship,11.567437,19.028484,21
MEM-040-26,Congresswoman Chrissy Houlahan (PA-06),Legislative Intern,2026-02-17,2026,internship,16.717388,11.236236,-1
MEM-059-26,Congresswoman Janelle Bynum (OR-05),Summer D.C. Internship,2026-03-02,2026,internship,7.83624,3.940922,-1
MEM-058-26,Congresswoman Susie Lee (NV-03),Summer 2026 DC Intern,2026-03-02,2026,internship,8.880379,-2.7674193,25
MEM-057-26,,Press/Digital Intern,2026-03-02,2026,internship,6.0126376,13.775555,8
MEM-056-26,,Legislative Intern,2026-03-02,2026,internship,5.7929144,13.4851675,8
MEM-055-26,,Law Clerk,2026-03-02,2026,internship,8.084629,11.423433,1
MEM-052-26,Congressman Joseph D. Morelle (NY-25),District Office Intern,2026-03-02,2026,internship,8.07613,5.4955816,-1
MEM-051-26,,"Washington, D.C. Intern",2026-03-02,2026,internship,7.7076883,3.5455134,-1
MEM-070-26,Congressman Joseph Morelle (NY-25),Summer 2026 District Office Internship,2026-03-09,2026,internship,8.067635,5.474541,-1
MEM-069-26,,"Washington, D.C. Internship",2026-03-09,2026,internship,7.705605,3.5524027,-1
MEM-080-26,Congresswoman Angie Craig (MN-02),Summer Intern,2026-03-16,2026,internship,9.113847,5.014497,-1
MEM-078-26,Congressman Gabe Vasquez (NM-02),Communications Fellow,2026-03-16,2026,internship,12.955194,20.003763,-1
MEM-077-26,Congresswoman Eleanor Holmes Norton (DC-AL),Congressional Intern,2026-03-16,2026,internship,7.2639976,2.236237,-1
MEM-089-26,,Law Clerk,2026-03-23,2026,internship,8.064115,11.463315,-1
MEM-084-26,,"Summer 2026 Intern, House Committee on Natural Resources – Democratic Staff",2026-03-23,2026,internship,11.761505,9.387912,2
MEM-102-26,Congresswoman Angie Craig (MN-02),Press Intern,2026-03-30,2026,internship,9.120451,5.0207624,-1
MEM-097-26,Congresswoman Doris Matsui (CA-07),Press and Digital Intern,2026-03-30,2026,internship,12.01116,18.92398,21
MEM-096-26,Congresswoman Doris Matsui (CA-07),Intern,2026-03-30,2026,internship,5.9559717,3.003625,-1
MEM-095-26,,Communications Intern/Fellow,2026-03-30,2026,internship,12.815591,18.935955,-1
MEM-093-26,Congressman Salud Carbajal (CA-24),Digital/Press Intern,2026-03-30,2026,internship,12.324783,19.4385,21
MEM-092-26,Congressman David Scott (GA-13),Summer Intern,2026-03-30,2026,internship,7.065986,0.822328,-1
MEM-110-26,Representative Seth Magaziner (RI-02),Part-Time Paid Summer 2026 Intern,2026-04-06,2026,internship,7.724158,3.3584607,-1
MEM-116-26,,Communications Intern,2026-04-13,2026,internship,12.770433,18.953947,-1
MEM-118-26,Congresswoman Pramila Jayapal (WA-07),Fall 2026 Intern,2026-04-20,2026,internship,5.7684255,3.8606348,-1
MEM-141-26,,Press Intern (Summer 2026),2026-05-04,2026,internship,13.761687,19.317812,-1
MEM-156-26,,Summer Associate,2026-05-18,2026,internship,7.00258,7.4849644,-1
MEM-164-26,Congressman Mark Takano (CA-39),Legislative and Communications Intern,2026-05-25,2026,internship,5.7253146,3.7746108,-1
MEM-175-26,Congresswoman Dina Titus (NV-01),Legislative Intern,2026-06-01,2026,internship,8.153436,0.4233765,-1
MEM-188-26,Congresswoman Marcy Kaptur (OH-09),Fall 2026 Intern,2026-06-15,2026,internship,6.280816,3.6580873,-1
MEM-186-26,,Legislative/Financial Services Fellow,2026-06-15,2026,internship,7.677147,10.308255,-1
MEM-183-26,,Intern,2026-06-15,2026,internship,13.139072,8.309539,4
MEM-193-26,Congresswoman Pramila Jayapal (WA-07),Law Clerk,2026-06-22,2026,internship,8.054641,11.463924,1
MEM-213-26,Congresswoman Susie Lee (NV-03),Fall 2026 Intern,2026-06-29,2026,internship,8.876836,-2.7525864,25
MEM-211-26,Representative Joseph Morelle (NY-25),Fall 2026 District Office Intern,2026-06-29,2026,internship,8.074783,5.47999,-1
MEM-206-26,,Law Clerk,2026-06-29,2026,internship,8.04943,11.477494,1
MEM-205-26,Congressman Mike Levin (CA-49),Press and Legislative Interns,2026-06-29,2026,internship,12.12169,18.334717,20
MEM-202-26,,"Full-Time Intern, Fall 2026",2026-06-29,2026,internship,11.753759,9.381159,2
MEM-201-26,Congresswoman Gwen Moore (WI-04),Fall 2026 Intern,2026-06-29,2026,internship,6.091801,3.6159532,-1
MEM-199-26,Congressman Joe Morelle (NY-25),Fall 2026 Internship,2026-06-29,2026,internship,7.7110467,3.548822,-1
MEM-198-26,Congressman Josh Harder (CA-13),Paid Intern,2026-06-29,2026,internship,8.116285,3.6048882,-1
MEM-194-26,Congresswoman Chrissy Houlahan (PA-06),Fall 2026 Legislative Intern,2026-06-29,2026,internship,16.719193,11.236191,-1
MEM-217-26,Congresswoman Julie Johnson (TX-32),Fall 2026 Intern,2026-07-06,2026,internship,7.609433,3.3866625,-1
MEM-223-26,Congresswoman Nancy Mace (SC-01),Fall Intern,2026-07-13,2026,internship,-0.0016360163,9.072696,-1
MEM-221-26,Congressman Juan Ciscomani (AZ-06),Fall 2026 Paid Intern,2026-07-13,2026,internship,7.245207,1.0357631,-1
MEM-220-26,,Aviation Intern,2026-07-13,2026,internship,8.439861,8.428946,-1
MEM-235-26,Congresswoman Analilia Mejia (NJ-11),Fall 2026 Intern,2026-07-20,2026,internship,6.0170197,5.535224,-1
MEM-233-26,Congressman Mike Levin (CA-49),Press Intern,2026-07-20,2026,internship,12.912015,19.081675,20
MEM-232-26,Congressman Jack Bergman (MI-01),Fall 2026 Paid Intern,2026-07-20,2026,internship,7.0928936,1.3373709,-1
MEM-231-26,Representative Marilyn Strickland (WA-10),Communications Intern,2026-07-20,2026,internship,13.060162,18.915169,-1
MEM-230-26,Congressman Gabe Vasquez (NM-02),Communications Fellow,2026-07-20,2026,internship,12.978727,20.000826,-1
MEM-228-26,,Fall 2026 Intern,2026-07-20,2026,internship,3.8517864,2.6246257,-1
MEM-241-26,Representative Marilyn Strickland (WA-10),Fall Legislative Intern,2026-07-27,2026,internship,8.074353,6.5761285,-1
MEM-240-26,Congressman Salud Carbajal (CA-24),Digital/Press Intern,2026-07-27,2026,internship,12.271516,19.3709,21
MEM-237-26,Congressman Shri Thanedar (MI-13),Legislative Fellow,2026-07-27,2026,internship,8.010511,10.045103,-1
MEM-252-26,,Internship for House Committee on Veterans' Affairs - Majority Staff,2026-08-03,2026,internship,5.780586,13.465918,-1
MEM-251-26,Representative Seth Magaziner (RI-02),Part-Time Paid Fall 2026 Intern,2026-08-03,2026,internship,7.7522845,3.3299906,-1
MEM-250-26,,Press Intern,2026-08-03,2026,internship,13.774454,19.330837,-1
MEM-249-26,,Video Production Intern,2026-08-03,2026,internship,11.130873,21.130077,-1
MEM-245-26,Congresswoman Doris Matsui (CA-07),Press and Digital Intern,2026-08-03,2026,internship,12.000102,18.940966,21
MEM-244-26,Congresswoman Doris Matsui (CA-07),Fall Legislative Internship,2026-08-03,2026,internship,5.9733386,3.0683658,-1
MEM-256-26,,Law Clerk,2026-08-10,2026,internship,8.043115,11.484481,1
MEM-259-26,Congressman Greg Casar (TX-35),DC Fall 2026 Internship,2026-08-17,2026,internship,7.8894973,3.4466991,-1
MEM-264-26,,Digital Fellow,2026-08-24,2026,internship,12.7064905,20.012222,-1
MEM-261-26,Congressman Salud Carbajal (CA-24),Digital/Press Intern,2026-08-24,2026,internship,12.343724,19.425798,21
MEM-442-24,Congressman Jason Crow (CO-06),Legislative Assistant,2024-10-21,2024,internship,7.956653,10.056335,-1
MEM-438-24,Congresswoman Jill Tokuda (HI-02),District Director,2024-10-21,2024,internship,7.9184613,4.7853484,-1
MEM-431-24,Congresswoman Alma Adams (NC-12),Legislative Assistant,2024-10-21,2024,internship,7.922402,10.077389,-1
MEM-425-24,Congressman Greg Landsman (OH-01),Legislative Correspondent,2024-10-14,2024,internship,6.4982595,6.512806,-1
MEM-424-24,Congressman Greg Landsman (OH-01),Legislative Aide,2024-10-14,2024,internship,7.936251,10.072789,-1
MEM-415-24,Congresswoman Maxine Waters (CA-43),Communications Director,2024-10-14,2024,internship,12.452665,18.867678,-1
MEM-411-24,Congressman John Garamendi (CA-08),Communications Director,2024-10-14,2024,internship,12.852432,18.85309,-1
MEM-410-24,,Constituent Services Representative,2024-10-14,2024,internship,7.7958493,4.621121,-1
MEM-402-24,Congresswoman Jill Tokuda (HI-02),Constituent Advocate (District Office),2024-10-07,2024,internship,7.803231,4.6434507,-1
MEM-128-25,Congresswoman Nicole Malliotakis (NY-11),Intern (Full-Time & Part-Time),2025-04-07,2025,internship,5.8099327,5.318626,-1
MEM-455-24,Congresswoman Andrea Salinas (OR-06),Fall Intern,2024-10-28,2024,internship,8.887196,3.0191567,-1
MEM-454-24,Congressman Greg Casar (TX-35),Paid Spring Intern,2024-10-28,2024,internship,7.9165173,3.3826897,-1
MEM-450-24,Congressman Kevin Mullin (CA-15),Press Intern,2024-10-28,2024,internship,13.605218,19.371292,22
MEM-449-24,Representative Kevin Mullin (CA-15),Spring Intern,2024-10-28,2024,internship,5.8503594,3.3212962,-1
MEM-448-24,,Spring 2025 Intern,2024-10-28,2024,internship,8.158118,1.6111183,-1
MEM-446-24,Congresswoman Grace Meng (NY-06),Spring 2025 Intern,2024-10-28,2024,internship,6.506155,2.2547565,-1
MEM-445-24,Congressman Troy Balderson (OH-12),Paid Spring 2025 Intern,2024-10-28,2024,internship,6.7208896,0.8951876,-1
MEM-444-24,Congressman Glenn Grothman (WI-06),Spring 2025 Congressional Intern,2024-10-28,2024,internship,7.6323133,2.6475844,-1
MEM-443-24,Congressman Glenn Grothman (WI-06),Spring 2025 Congressional Intern,2024-10-21,2024,internship,7.6314306,2.6309032,-1
MEM-441-24,Congressman Jim Costa (CA-21),Digital/Press Intern,2024-10-21,2024,internship,12.513823,19.235666,21
MEM-440-24,Congressman Josh Harder (CA-9),Legislative Intern,2024-10-21,2024,internship,3.5646427,4.5948753,-1
MEM-439-24,Congresswoman Susan Wild (PA-07),Legislative Intern,2024-10-21,2024,internship,2.1127443,3.5490813,-1
MEM-437-24,Congressman Jim Costa (CA-21),Digital/Press Intern,2024-10-21,2024,internship,12.541279,19.233368,21
MEM-436-24,Congressman Matt Cartwright (PA-08),Legislative Intern,2024-10-21,2024,internship,3.2010643,3.540743,-1
MEM-435-24,,Legislative Intern,2024-10-21,2024,internship,8.998613,8.809224,28
MEM-434-24,Congressman Emanuel Cleaver (MO-5),Spring Intern,2024-10-21,2024,internship,4.066194,1.7024809,-1
MEM-433-24,Congressman Brad Schneider (IL-10),Press Internship,2024-10-21,2024,internship,12.49116,19.144386,-1
MEM-432-24,Congressman Brad Schneider (IL-10),Legislative Intern,2024-10-21,2024,internship,6.0275254,3.235476,-1
MEM-430-24,Congressman Ed Case (HI-01),Spring 2025 Intern,2024-10-21,2024,internship,6.590877,2.0643039,-1
MEM-429-24,,Digital Media And Traditional Press Intern,2024-10-21,2024,internship,11.265045,20.997374,15
MEM-428-24,Congresswoman Doris Matsui (CA-07),Spring 2025 Intern,2024-10-21,2024,internship,6.084675,3.0659523,-1
MEM-427-24,,Legal Intern,2024-10-21,2024,internship,8.997775,10.297393,-1
MEM-426-24,Congressman Tim Kennedy (NY-26),Press Fellow,2024-10-21,2024,internship,12.973941,19.87538,-1
MEM-423-24,Representative Donald Norcross (NJ-01),Spring 2025 Intern,2024-10-14,2024,internship,7.211115,1.8064891,-1
MEM-421-24,,Legislative Intern,2024-10-14,2024,internship,13.139731,8.305983,4
MEM-420-24,Congresswoman Rosa L. DeLauro (CT-03),Fall 2024 Intern,2024-10-14,2024,internship,6.1167583,5.5694075,-1
MEM-418-24,Congressman Rob Menendez (NJ-08),Spring 2024 Intern,2024-10-14,2024,internship,7.0352583,3.7064192,-1
MEM-417-24,Congressman Troy Nehls (TX-22),Legislative and Press Intern (Spring 2025),2024-10-14,2024,internship,6.068454,-0.60901815,-1
MEM-416-24,Congresswoman Summer Lee (PA-12),Congressional Intern,2024-10-14,2024,internship,7.5192804,2.2274547,-1
MEM-414-24,Congresswoman Sydney Kamlager-Dove (CA-37),Spring 2025 Intern,2024-10-14,2024,internship,7.929372,2.9079902,-1
MEM-413-24,,Communications Intern,2024-10-14,2024,internship,12.985956,18.945755,-1
MEM-412-24,Congresswoman Marilyn Strickland (WA-10),Legislative Intern,2024-10-14,2024,internship,8.073763,6.576212,-1
MEM-409-24,Congresswoman Suzan DelBene (WA-01),Intern,2024-10-14,2024,internship,7.6935506,1.8809474,34
MEM-407-24,Congressman Shri Thanedar (MI-13),Spring DC Fellowship,2024-10-07,2024,internship,8.004786,9.979957,-1
MEM-406-24,Congressman Shri Thanedar (MI-13),Spring DC Internship,2024-10-07,2024,internship,7.344457,2.9543567,-1
MEM-404-24,,Fern Holland International Affairs Fellowship,2024-10-07,2024,internship,7.7875,9.60625,-1
MEM-401-24,Congressman Kevin Kiley (CA-03),Fall 2024 Intern,2024-10-07,2024,internship,10.329788,1.0600338,36
MEM-400-24,Representative Brad Sherman (CA-32),Spring 2025 In-Person Intern,2024-10-07,2024,internship,7.5920486,3.3728702,-1
MEM-398-24,Congressman Mike Levin (CA-49),Legislative Intern,2024-10-07,2024,internship,10.0206995,1.3467873,-1
MEM-397-24,Congressman Tim Kennedy (NY-26),Intern,2024-10-07,2024,internship,6.4337244,2.7948227,-1
MEM-396-24,Congressman Kevin Hern (OK-01),Intern,2024-10-07,2024,internship,7.497037,4.342905,-1
MEM-394-24,Congressman Joseph Morelle (NY-25),Spring 2025 District Intern,2024-09-30,2024,internship,8.076445,5.4973073,-1
MEM-393-24,Congresswoman Kim Schrier (WA-08),Spring 2025 Intern,2024-09-30,2024,internship,7.4373875,3.5154366,34
MEM-391-24,Congressman Jim Baird (IN-4),Spring 2025 Intern,2024-09-30,2024,internship,7.363069,3.0964096,-1
MEM-390-24,,Intern,2024-09-30,2024,internship,7.525069,4.361454,33
MEM-384-24,Congressman Steve Cohen (TN-09),Spring 2025 Intern,2024-09-30,2024,internship,0.34575608,7.128013,12
MEM-461-24,Congresswoman Gwen Moore (WI-04),Spring 2025 Intern,2024-11-04,2024,internship,6.139875,3.6891673,-1
MEM-460-24,Representative Pramila Jayapal (WA-07),Spring 2025 Intern,2024-11-04,2024,internship,5.7972083,3.8740182,-1
MEM-479-24,,Spring 2025 Intern,2024-11-18,2024,internship,7.368917,3.749059,-1
MEM-465-24,Congressman Joaquin Castro (TX-20),DC Legislative Intern,2024-11-18,2024,internship,5.92908,3.2681677,-1
MEM-131-14,,Intern,2014-02-10,2014,internship,9.741919,7.727259,5
MEM-130-14,,Graduate or Legal Intern or Fellow (Labor Policy),2014-02-10,2014,internship,8.636528,9.865079,9
MEM-129-14,,Defense Fellow,2014-02-10,2014,internship,8.219157,10.122221,-1
MEM-128-14,Congressman Jim Bridenstine (OK-01),Intern,2014-02-10,2014,internship,6.217286,2.7457354,-1
MEM-135-14,Congressman Frank Pallone (NJ-06),Intern,2014-02-18,2014,internship,4.862609,1.6214077,-1
MEM-134-14,Congressman Buck McKeon (CA-25),Intern,2014-02-18,2014,internship,-0.31764466,2.0693817,7
MEM-133-14,Congressman John Garamendi (CA-03),Intern,2014-02-18,2014,internship,6.963043,-3.6447928,37
MEM-132-14,Congressman Mike McIntyre (NC-07),Intern,2014-02-18,2014,internship,6.4116073,4.7008653,-1
MEM-143-14,Congresswoman Zoe Lofgren (CA-19),Spring Semester Intern,2014-02-24,2014,internship,5.9208717,2.6988554,-1
MEM-142-14,Congressman Derek Kilmer (WA-06),Intern,2014-02-24,2014,internship,0.19650726,18.088556,-1
MEM-141-14,Congresswoman Louise M. Slaughter (NY-25),Press Intern,2014-02-24,2014,internship,13.980588,19.923656,19
MEM-140-14,Congresswoman Marcy Kaptur (OH-09),Part-Time Intern,2014-02-24,2014,internship,5.0330195,2.0774543,-1
MEM-139-14,Congressman Frank Pallone (NJ-06),Part-Time Intern,2014-02-24,2014,internship,4.872362,1.6283525,-1
MEM-138-14,Congressman Jerrold Nadler (NY-10),Unpaid Full-Time Intern,2014-02-24,2014,internship,6.7578363,4.469852,-1
MEM-137-14,,Spring Internship,2014-02-24,2014,internship,4.881179,0.93602866,-1
MEM-156-14,Congresswoman Suzan DelBene (WA-01),Intern,2014-03-10,2014,internship,7.6416483,1.7870458,34
MEM-155-14,Congresswoman Susan Davis (CA-53),Intern,2014-03-10,2014,internship,5.3808722,0.03259732,-1
MEM-154-14,,Graduate and Legal Intern and Fellow,2014-03-10,2014,internship,8.572768,9.826098,9
MEM-153-14,,Legislative Intern,2014-03-10,2014,internship,3.837556,5.550371,16
MEM-152-14,Congressman Raul Labrador (ID-01),Intern,2014-03-10,2014,internship,6.308704,0.38022318,-1
MEM-151-14,,Press Intern,2014-03-10,2014,internship,13.69827,17.67103,-1
MEM-150-14,,Legislative Fellow,2014-03-10,2014,internship,8.110782,10.156301,-1
MEM-147-14,,Full-Time Intern or Fellow,2014-03-03,2014,internship,5.1278825,1.0661751,-1
MEM-146-14,Congresswoman Renee Ellmers (NC-02),Intern,2014-03-03,2014,internship,5.352664,0.06395208,-1
MEM-145-14,Congressman Benishek (MI-01),Intern,2014-03-03,2014,internship,-0.3474838,2.0790217,7
MEM-144-14,,Congressional Intern,2014-03-03,2014,internship,13.18781,11.24721,11
MEM-164-14,,Intern,2014-03-17,2014,internship,6.8297124,-3.5375986,37
MEM-163-14,Congresswoman Carolyn McCarthy (NY-04),Summer Intern,2014-03-17,2014,internship,7.748785,2.0075574,-1
MEM-162-14,Congressman McClintock (CA-04),Summer Intern,2014-03-17,2014,internship,10.181764,0.94730514,-1
MEM-161-14,Congressman Alcee L. Hastings (FL-20),Intern,2014-03-17,2014,internship,-0.3256059,2.0820327,7
MEM-160-14,Congressman Jeff Denham (CA-10),Press Intern,2014-03-17,2014,internship,13.39207,19.415665,-1
MEM-159-14,Congressman Blaine Luetkemeyer (MO-03),Summer Intern,2014-03-17,2014,internship,10.13797,0.9798473,-1
MEM-158-14,Congressman Jerry McNerney (CA-09),Intern,2014-03-17,2014,internship,10.950456,2.1370661,29
MEM-157-14,,Unpaid Legislative Interns and Fellows,2014-03-17,2014,internship,8.484748,9.749265,9
MEM-168-14,Congressman John Shimkus (IL-15),Congressional Intern,2014-03-24,2014,internship,10.463551,1.1432815,-1
MEM-167-14,"Congressman John Conyers, Jr. (MI-13)",Summer Intern,2014-03-24,2014,internship,7.086422,2.9471266,-1
MEM-166-14,,Intern,2014-03-24,2014,internship,-3.7837405,-0.46950337,30
MEM-165-14,Congressman Jerry McNerney (CA-09),Intern,2014-03-24,2014,internship,10.935356,2.1316905,29
MEM-171-14,Congressman Reid Ribble (WI-08),Summer Intern,2014-03-31,2014,internship,6.733125,5.0091577,27
MEM-170-14,,Graduate and Legal Interns and Fellows,2014-03-31,2014,internship,8.623313,9.774882,9
MEM-169-14,,Intern,2014-03-31,2014,internship,7.338257,2.4323976,-1
MEM-175-14,Congresswoman Maxine Waters (CA-43),Press and Social Media Intern,2014-04-07,2014,internship,14.361376,19.495478,-1
MEM-174-14,Congresswoman Marcy Kaptur (OH-09),Intern,2014-04-07,2014,internship,5.1102114,2.0507917,-1
MEM-173-14,Congresswoman Zoe Lofgren (CA-19),Spring Semester Intern,2014-04-07,2014,internship,5.950903,2.696322,-1
MEM-180-14,Congressman Jerry McNerney (CA-09),Intern,2014-04-28,2014,internship,10.944276,2.131341,29
MEM-179-14,Congresswoman Louise M. Slaughter (NY-25),Press Intern,2014-04-28,2014,internship,13.975623,19.918194,19
MEM-178-14,,Press and Social Media Intern,2014-04-28,2014,internship,14.28724,19.453321,-1
MEM-177-14,Congressman Steven Horsford (NV-04),Intern,2014-04-28,2014,internship,9.064356,-1.6108706,24
MEM-185-14,Congressman Derek Kilmer (WA-06),Full-Time Intern,2014-05-12,2014,internship,0.1957255,18.091276,-1
MEM-184-14,,Legislative Intern,2014-05-05,2014,internship,-3.7513661,-0.49996674,30
MEM-200-14,Congressman Benishek (MI-01),Intern,2014-06-16,2014,internship,-0.3443563,2.0866632,7
MEM-199-14,Congresswoman Maxine Waters (CA-43),Press and Social Media Intern,2014-06-16,2014,internship,14.381841,19.48613,-1
MEM-198-14,Congressman Walter B. Jones (NC-03),Fall 2014 Intern,2014-06-16,2014,internship,5.266494,2.4350173,-1
MEM-197-14,Congressman Jim Bridenstine (OK-01),Full-Time Paid Intern,2014-06-09,2014,internship,6.3014283,2.744077,-1
MEM-195-14,Congressman Jared Huffman (CA-02),Intern,2014-06-09,2014,internship,8.997133,-1.480986,-1
MEM-193-14,,Fall Press Internship,2014-06-02,2014,internship,0.47912094,-0.4283341,-1
MEM-192-14,,Fall Legislative Internship,2014-06-02,2014,internship,1.7705997,7.6389494,11
MEM-191-14,Congressman Reid Ribble (WI-08),Intern,2014-06-02,2014,internship,6.715489,5.030181,27
MEM-188-14,Congressman Brad Sherman (CA-30),Summer Intern,2014-06-02,2014,internship,9.263451,6.6515846,-1
MEM-206-14,Congressman John Garamendi (CA-03),Fall 2014 Intern,2014-06-23,2014,internship,6.934567,-3.6577504,37
MEM-205-14,,Press Intern,2014-06-23,2014,internship,13.637115,17.962234,-1
MEM-204-14,Congressman Steven Horsford (NV-04),Intern,2014-06-23,2014,internship,9.072143,-1.6290611,24
MEM-203-14,,Intern,2014-06-23,2014,internship,4.314145,2.0861661,-1
MEM-202-14,Congressman C.A. Dutch Ruppersberger (MD-02),Fall Intern,2014-06-23,2014,internship,4.2968616,2.0340552,-1
MEM-201-14,Congressman Patrick Meehan (PA-07),Fall 2014 Intern,2014-06-23,2014,internship,4.7844176,4.0472794,-1
MEM-210-14,Representative Bill Johnson (OH-06),Fall Intern,2014-06-30,2014,internship,6.7442484,0.37684038,-1
MEM-209-14,Congresswoman Carolyn McCarthy (NY-04),Fall 2014 Intern,2014-06-30,2014,internship,7.7609825,2.002002,-1
MEM-208-14,,Intern,2014-06-30,2014,internship,9.74299,7.7225494,5
MEM-241-14,,Press Intern,2014-07-14,2014,internship,13.743643,17.57923,-1
MEM-240-14,Congressman Ami Bera (CA-07),Intern,2014-07-14,2014,internship,6.7111526,5.0408354,27
MEM-239-14,Congressman Petri (WI-06),Intern,2014-07-14,2014,internship,10.936064,2.1429741,-1
MEM-238-14,,Intern,2014-07-14,2014,internship,7.336394,1.6928126,-1
MEM-237-14,Congresswoman Eleanor Holmes Norton (D-DC),Fall 2014 Intern,2014-07-14,2014,internship,10.994022,2.1292088,29
MEM-236-14,Congressman Blaine Luetkemeyer (MO-03),Fall Intern,2014-07-14,2014,internship,7.502844,1.1436731,-1
MEM-235-14,Congresswoman Eleanor Holmes Norton (DC),Press and Social Media Intern,2014-07-14,2014,internship,14.362063,19.487835,-1
MEM-234-14,Congressman Lee Terry (NE-02),Intern,2014-07-14,2014,internship,8.423067,2.030491,-1
MEM-232-14,Congressman Ted Poe (TX-2),Fall 2014 Intern,2014-07-14,2014,internship,6.0092525,-0.19057491,-1
MEM-231-14,Congressman Michael McCaul (TX-10),Summer Intern,2014-07-14,2014,internship,6.568019,4.7283206,-1
MEM-229-14,,Intern,2014-07-14,2014,internship,8.160656,1.0797807,35
MEM-228-14,Congresswoman Katherine Clark (MA-05),Fall 2014 Intern,2014-07-14,2014,internship,8.992864,3.8620496,-1
MEM-227-14,Congressman Erik Paulsen (MN-03),Congressional Intern,2014-07-14,2014,internship,6.794787,4.793155,-1
MEM-224-14,Congresswoman Yvette Clarke (NY-09),Congressional Fellow,2014-07-14,2014,internship,7.52662,4.308988,-1
MEM-223-14,Congressman Jerry McNerney (CA-09),Fall Semester Intern,2014-07-14,2014,internship,10.9288025,2.129831,29
MEM-222-14,Congressman Gregory W. Meeks (NY-05),Legislative Intern,2014-07-14,2014,internship,10.928703,2.1271865,29
MEM-221-14,Congressman Kurt Schrader (OR-05),Intern,2014-07-14,2014,internship,7.9115996,1.6623849,-1
MEM-220-14,Congressman Rick Larsen (WA-02),Intern,2014-07-14,2014,internship,9.982887,5.5526104,-1
MEM-219-14,,Fall 2014 Intern,2014-07-14,2014,internship,4.495608,2.4079375,32
MEM-218-14,Congressman Mark Amodei (NV-02),Fall Intern,2014-07-07,2014,internship,7.1733575,1.3948499,-1
MEM-217-14,Congressman Raul Labrador (ID-01),Intern,2014-07-07,2014,internship,6.3314295,0.38606766,-1
MEM-216-14,Congressman Buck McKeon (CA-25),Intern,2014-07-07,2014,internship,-0.33882517,2.0820105,7
MEM-252-14,,Constituent Service Intern,2014-07-21,2014,internship,7.8250394,4.5967226,-1
MEM-251-14,,Legislative Intern,2014-07-21,2014,internship,3.833209,5.5601726,16
MEM-250-14,Congressman Jon Runyan (NJ-03),Full-Time Intern,2014-07-21,2014,internship,5.6942005,-1.111635,-1
MEM-249-14,Congressman Keith Ellison (MN-05),Unpaid Intern,2014-07-21,2014,internship,-0.3401807,2.1127868,7
MEM-248-14,Congressman John D. Dingell (MI-12),Congressional Intern,2014-07-21,2014,internship,-1.5157477,2.6156914,-1
MEM-247-14,Congressman Hakeem Jeffries (NY-08),Legislative Intern,2014-07-21,2014,internship,-3.7490792,-0.5050255,30
MEM-246-14,Congressman Scott Rigell (VA-02),Fall Intern,2014-07-21,2014,internship,8.93284,4.8251605,-1
MEM-271-14,,Intern,2014-07-28,2014,internship,6.8389153,-3.5460699,37
MEM-270-14,Congressman Mark Sanford (SC-01),Fall Intern,2014-07-28,2014,internship,6.037743,0.8244511,-1
MEM-269-14,Congresswoman Chellie Pingree (ME-01),Fall Intern,2014-07-28,2014,internship,7.47115,3.8576667,-1
MEM-268-14,Congressman Steve Israel (NY-03),Fall Intern,2014-07-28,2014,internship,4.4455705,2.1282246,-1
MEM-267-14,,Fall 2014 Intern,2014-07-28,2014,internship,-0.2678006,2.0808694,-1
MEM-266-14,Congresswoman Louise M. Slaughter (NY-25),Press Intern,2014-07-28,2014,internship,14.16777,19.95975,19
MEM-265-14,Congressman Brad Sherman (CA-30),Intern,2014-07-28,2014,internship,9.257985,6.648572,-1
MEM-264-14,Congressman Vern Buchanan (FL-16),Intern,2014-07-28,2014,internship,6.8433914,4.6110096,-1
MEM-263-14,Congresswoman Ann McLane Kuster (NH-02),Intern,2014-07-28,2014,internship,6.732157,5.0114036,27
MEM-262-14,Congressman Brad Schneider (IL-10),Intern,2014-07-28,2014,internship,5.93922,0.5867182,-1
MEM-261-14,Congresswoman Louise Slaughter (NY-25),Intern,2014-07-28,2014,internship,6.8663073,7.2442555,-1
MEM-260-14,Representative Kevin Brady (TX-08),Fall Intern,2014-07-28,2014,internship,4.827588,2.6892564,-1
MEM-259-14,Congressman David Price (NC-04),Fall Intern,2014-07-28,2014,internship,10.781765,2.0738914,-1
MEM-258-14,Congresswoman Candice S. Miller (MI-10),Legislative Intern,2014-07-28,2014,internship,8.915539,0.39520684,-1
MEM-257-14,Congressman Robert A. Brady (PA-01),Intern,2014-07-28,2014,internship,3.7077582,2.6099017,-1
MEM-256-14,Congresswoman Elizabeth H. Esty (CT-05),Intern,2014-07-28,2014,internship,6.74076,5.0415597,27
MEM-255-14,Congresswoman Jaime Herrera Beutler (WA-03),Intern,2014-07-28,2014,internship,7.533827,1.1938487,-1
MEM-254-14,Congressman Steven Horsford (NV-04),Intern,2014-07-28,2014,internship,9.069805,-1.6345173,-1
MEM-285-14,Representative Loretta Sanchez (CA-46),Fall Intern,2014-08-11,2014,internship,7.920636,2.121346,-1
MEM-284-14,Congresswoman Suzan DelBene (WA-01),Intern,2014-08-11,2014,internship,7.6387796,1.7489009,34
MEM-283-14,Congressman John Lewis (GA-05),Fall Intern,2014-08-11,2014,internship,7.4080424,1.5886837,-1
MEM-282-14,Congressman Tim Walz (MN-01),Fall 2014 Intern,2014-08-11,2014,internship,7.165113,2.411423,-1
MEM-279-14,Congressman Keith Ellison (MN-05),Unpaid Intern,2014-08-11,2014,internship,-0.33408093,2.1193252,7
MEM-278-14,Congresswoman Terri Sewell (AL-07),Fall 2014 Intern,2014-08-11,2014,internship,7.298061,3.781802,-1
MEM-277-14,Congresswoman Susan Davis (CA-53),Intern,2014-08-11,2014,internship,5.3707333,0.03238207,-1
MEM-276-14,,Fall Intern,2014-08-11,2014,internship,5.527196,-0.02134514,-1
MEM-275-14,Congresswoman Jackie Speier (CA-14),Fall Intern,2014-08-04,2014,internship,5.8556414,2.198694,-1
MEM-274-14,Congressman Tim Bishop (NY-01),Intern,2014-08-04,2014,internship,6.2857122,0.436296,-1
MEM-294-14,Congressman Steven Horsford (NV-04),Intern,2014-08-18,2014,internship,9.072266,-1.6333157,24
MEM-293-14,Congresswoman Zoe Lofgren (CA-19),Intern,2014-08-18,2014,internship,5.8702865,2.7214544,-1
MEM-292-14,Congressman Dan Kildee (MI-05),Fall Intern,2014-08-18,2014,internship,8.319062,3.9816778,-1
MEM-291-14,Congressman Jerrold Nadler (NY-10),Fall Intern,2014-08-18,2014,internship,6.8111453,4.4592,-1
MEM-290-14,,Congressional Black Caucus Intern - Fall 2014,2014-08-18,2014,internship,10.344398,3.531534,-1
MEM-289-14,,Fall Legal Fellow,2014-08-18,2014,internship,8.3243475,10.159674,-1
MEM-288-14,Congresswoman Diana DeGette (CO-01),Fall Intern,2014-08-18,2014,internship,4.259195,2.1186242,32
MEM-287-14,Congressman Peter DeFazio (OR-04),Intern,2014-08-18,2014,internship,7.6119456,1.4766425,37
MEM-302-14,Congresswoman Eddie Bernice Johnson (TX-30),Fall 2014 Intern,2014-08-25,2014,internship,6.44197,4.7119536,-1
MEM-301-14,Congressman Albio Sires (NJ-08),Intern,2014-08-25,2014,internship,5.3239093,0.1002137,-1
MEM-300-14,,Intern,2014-08-25,2014,internship,5.5439115,0.88020647,-1
MEM-299-14,Congresswoman Candice S. Miller (MI-10),Legislative Intern,2014-08-25,2014,internship,8.9228525,0.39136648,-1
MEM-298-14,Congresswoman Eleanor Holmes Norton (DC-AL),Press and Social Media Intern,2014-08-25,2014,internship,14.384914,19.47838,-1
MEM-297-14,Congresswoman Eleanor Holmes Norton (DC-00),Intern,2014-08-25,2014,internship,10.968823,2.1408987,29
MEM-296-14,Congresswoman Louise Slaughter (NY-25),Intern,2014-08-25,2014,internship,6.8618865,7.2431006,-1
MEM-307-14,Congressman Jim Himes (CT-4),Intern,2014-09-01,2014,internship,8.056096,0.9826468,-1
MEM-306-14,Congressman John Shimkus (IL-15),Intern,2014-09-01,2014,internship,10.435357,1.1420137,-1
MEM-305-14,Congressman McClintock (CA-04),Fall Intern,2014-09-01,2014,internship,10.282726,1.0363256,-1
MEM-304-14,,Fall Intern,2014-09-01,2014,internship,7.8338666,1.8473694,-1
MEM-303-14,,Fall Press Intern,2014-09-01,2014,internship,14.34363,19.455376,-1
MEM-326-14,,Fall 2014 Intern,2014-09-15,2014,internship,10.565193,8.210869,6
MEM-324-14,"Congressman Emanuel Cleaver, II (MO-05)",Intern,2014-09-15,2014,internship,4.223941,2.0857244,-1
MEM-323-14,,Paid Intern,2014-09-15,2014,internship,5.702743,2.1648695,-1
MEM-322-14,Congressman Benishek (MI-01),Intern,2014-09-15,2014,internship,-0.3542062,2.0675879,7
MEM-317-14,Congressman Keith Ellison (MN-05),Intern,2014-09-08,2014,internship,-0.34250438,2.0919845,7
MEM-316-14,Congressman Marc Veasey (TX-33),Press Intern,2014-09-08,2014,internship,13.743848,19.104015,-1
MEM-315-14,,Paid Fall Intern,2014-09-08,2014,internship,5.731407,2.1226752,-1
MEM-314-14,,Intern,2014-09-08,2014,internship,5.3952346,0.031650357,-1
MEM-312-14,,Intern,2014-09-08,2014,internship,9.01025,3.870814,-1
MEM-311-14,,Fall 2014 Full Time Intern,2014-09-08,2014,internship,4.547095,2.4120724,32
MEM-310-14,Congressman Brad Schneider (IL-10),Intern,2014-09-08,2014,internship,5.943396,0.5972819,-1
MEM-309-14,,Press Intern,2014-09-08,2014,internship,13.7206,19.112017,-1
MEM-328-14,,Intern,2014-09-22,2014,internship,7.60246,-0.30872732,-1
MEM-327-14,,Intern,2014-09-22,2014,internship,9.064317,1.7292309,-1
MEM-308-14,,Congressional Intern,2014-09-08,2014,internship,8.275535,1.242954,35
MEM-012-22,,Legislative Intern,2022-01-03,2022,internship,-1.0111827,0.11398717,-1
MEM-010-22,,Spring 2022 Internship,2022-01-03,2022,internship,9.273021,10.876159,3
MEM-007-22,Congressman Dan Newhouse (WA-04),Spring 2022 Congressional Intern,2022-01-03,2022,internship,4.7844973,4.782419,-1
MEM-593-21,Congresswoman Kay Granger (TX-12),Spring Intern (Paid),2021-12-27,2021,internship,4.7802815,4.786453,-1
MEM-592-21,Congressman Matt Rosendale (MT-At Large),Spring 2022 Paid Intern,2021-12-27,2021,internship,6.6080585,2.0424898,42
MEM-590-21,Congressman Seth Moulton (MA-06),Intern,2021-12-27,2021,internship,7.4880676,4.347378,33
MEM-589-21,Congressman Seth Moulton (MA-06),Fern Holland International Affairs Fellowship Program,2021-12-27,2021,internship,7.783581,9.601212,-1
MEM-588-21,,Summer Intern,2021-12-27,2021,internship,9.029777,10.223787,-1
MEM-584-21,Congresswoman Lisa McClain (MI-10),Spring Intern,2021-12-20,2021,internship,6.7954726,4.329418,-1
MEM-580-21,,Intern,2021-12-20,2021,internship,7.239005,3.4889631,-1
MEM-579-21,Congressman Bill Johnson (OH-06),Spring 2022 Intern,2021-12-20,2021,internship,6.673234,0.92479825,42
MEM-568-21,,Asia Policy Fellow,2021-12-13,2021,internship,10.307621,8.939462,-1
MEM-563-21,,Legislative Intern,2021-12-06,2021,internship,-0.9977288,0.12746175,-1
MEM-511-21,Congressman John Garamendi (CA-03),Winter Congressional Intern,2021-11-08,2021,internship,6.9226756,-3.6101298,37
MEM-336-20,,"Intern, Spring 2021",2020-12-28,2020,internship,8.098256,8.285608,-1
MEM-332-20,Congressman John Garamendi (CA-03),Intern,2020-12-28,2020,internship,6.951926,-3.6449633,37
MEM-324-20,Congressman Jeff Van Drew (NJ-02),Part-Time Social Media Intern,2020-12-21,2020,internship,5.882491,-0.9178039,-1
MEM-317-20,Congresswoman Sylvia R. Garcia (TX-29),Legislative Intern,2020-12-14,2020,internship,-2.3609738,6.8262177,-1
MEM-316-20,Congresswoman Sylvia R. Garcia (TX-29),Press Intern,2020-12-14,2020,internship,13.198189,19.473476,-1
MEM-315-20,,Law Student Intern,2020-12-14,2020,internship,9.083988,10.701522,3
MEM-010-19,Congressman Charlie Crist (FL-13),Intern (Summer 2019),2019-01-07,2019,internship,9.243182,-0.70746076,24
MEM-008-19,Congressman Brendan F. Boyle (PA-13),Spring Intern,2019-01-07,2019,internship,5.4480934,1.7704282,-1
MEM-004-19,Congressman Mark Amodei (NV-02),Spring 2019 Intern,2019-01-07,2019,internship,7.8591466,-0.11330922,-1
MEM-003-19,Congressman Mark Amodei (NV-02),Congressional Intern,2019-01-07,2019,internship,8.047942,0.42731464,-1
MEM-002-19,Congressman Anthony G. Brown (MD-04),Legislative Intern,2019-01-07,2019,internship,3.7681406,5.5859933,16
MEM-001-19,Congressman Antonio Delgado (NY-19),Press Intern,2019-01-07,2019,internship,14.26243,20.053381,-1
MEM-514-18,,Communications Intern,2018-12-31,2018,internship,13.254895,18.609257,-1
MEM-503-18,Congressman Ralph Norman (SC-5),Intern,2018-12-24,2018,internship,6.4802713,-0.0007252157,37
MEM-502-18,Congressman Bill Posey (FL-08),Spring 2019 Intern,2018-12-24,2018,internship,7.902814,-0.4751913,43
MEM-501-18,Congressman Frank Lucas (OK-3),Full-Time Spring 2018 Intern,2018-12-24,2018,internship,7.3946567,-1.1960092,-1
MEM-500-18,Congresswoman Eleanor Holmes Norton (DC-00),Fall Intern,2018-12-24,2018,internship,8.273534,3.9778264,-1
MEM-497-18,,Democratic Caucus Spring Intern,2018-12-24,2018,internship,10.678102,3.8267543,-1
MEM-496-18,Congressman Jimmy Gomez (CA-34),Intern,2018-12-17,2018,internship,7.097392,-2.1633904,-1
MEM-495-18,Congressman Tom Marino (PA-10),Legislative Intern,2018-12-17,2018,internship,3.7536356,2.8365028,-1
MEM-493-18,,2019 Democratic Caucus Spring Intern,2018-12-17,2018,internship,10.697243,3.826934,-1
MEM-492-18,Congressman-Elect David Trone (MD-06),Intern,2018-12-17,2018,internship,7.9332175,4.400773,-1
MEM-486-18,Congressman Matt Gaetz (FL-01),Military/National Security Intern,2018-12-17,2018,internship,10.53052,9.909413,-1
MEM-485-18,Congressman Antonio Delgado (NY-19),Press Intern,2018-12-17,2018,internship,14.274978,20.06873,-1
MEM-467-18,Congressman Vern Buchanan (FL-16),Full Time Unpaid Intern,2018-12-10,2018,internship,7.527509,-0.37090626,-1
MEM-458-18,,Press Intern,2018-12-03,2018,internship,13.438013,19.297855,-1
MEM-455-18,,Communications Intern,2018-12-03,2018,internship,13.077155,18.506973,-1
MEM-453-18,Congressman Jeff Fortenberry (NE-01),Capitol Hill Intern,2018-12-03,2018,internship,5.175539,-0.50561994,-1
MEM-452-18,Congresswoman Rosa DeLauro (CT-03),Internship – Spring 2019,2018-12-03,2018,internship,6.4328203,1.1705877,-1
MEM-451-18,,Press Intern,2018-12-03,2018,internship,13.510313,19.24701,-1
MEM-450-18,Congressman Doug LaMalfa (CA-01),"Intern, Winter/Spring Term",2018-12-03,2018,internship,5.6443734,2.457373,-1
MEM-444-18,,Intern,2018-11-27,2018,internship,13.127831,8.317317,4
MEM-435-18,,Intern,2018-11-19,2018,internship,8.668438,1.4502625,35
MEM-433-18,,SEEC Fellow,2018-11-19,2018,internship,8.534051,10.948583,-1
MEM-427-18,Representative Sean Patrick Maloney (NY-18),Digital/Press Intern,2018-11-19,2018,internship,11.292348,20.97107,-1
MEM-426-18,Representative Sean Patrick Maloney (NY-18),Legislative Intern,2018-11-19,2018,internship,5.128625,0.8501901,-1
MEM-421-18,Congresswoman Kathy Castor (FL-14),Full-Time/Part-Time Intern,2018-11-19,2018,internship,7.6272264,-0.443219,40
MEM-420-18,Congressman Dave Loebsack (IA-02),Spring Intern,2018-11-19,2018,internship,6.8525844,2.7737994,-1
MEM-417-18,,Intern,2018-11-14,2018,internship,8.994473,3.9110184,-1
MEM-416-18,Congressman Glenn Grothman (WI-06),Spring 2019 Intern,2018-11-14,2018,internship,4.545555,0.3902565,44
MEM-414-18,Congressman John Sarbanes (MD-03),Legislative Intern,2018-11-14,2018,internship,2.0629082,7.237269,-1
MEM-413-18,Congresswoman Gwen Moore (WI-04),Press Intern,2018-11-14,2018,internship,-3.7251787,14.087335,23
MEM-412-18,Congresswoman Tulsi Gabbard (HI-02),Press Intern,2018-11-14,2018,internship,13.690817,19.382645,-1
MEM-409-18,,Congressional Internship Program (Spring 2019),2018-11-14,2018,internship,7.839591,2.91,-1
MEM-408-18,,Spring Semester Intern,2018-11-14,2018,internship,4.228944,1.0218484,-1
MEM-407-18,Congressman Vern Buchanan (FL-16),Full-Time Intern,2018-11-14,2018,internship,7.558083,-0.36702767,-1
MEM-406-18,Congressman Jim Costa (CA-16),Intern,2018-11-14,2018,internship,5.7126203,2.6982577,-1
MEM-359-18,,Spring 2019 Intern and Fellow,2018-10-09,2018,internship,8.659715,9.6662035,9
MEM-316-18,Congressman John Garamendi (CA-03),Intern,2018-08-27,2018,internship,6.966409,-3.6449893,37
MEM-014-22,Congresswoman Judy Chu (CA-27),Press Fellow,2022-01-10,2022,internship,13.257317,20.082008,-1
MEM-006-21,Congressman Alcee L. Hastings (FL-20),Intern,2021-01-11,2021,internship,3.9684455,3.6117456,-1
MEM-005-21,Congressman Kweisi Mfume (MD-07),Spring 2021 Congressional Intern,2021-01-11,2021,internship,6.7242675,2.9123812,-1
MEM-004-21,Congressman Kweisi Mfume (MD-07),Digital Press Intern,2021-01-11,2021,internship,11.287709,20.983793,-1
MEM-010-20,Congressman Joseph Morelle (NY-25),Spring 2020 Intern,2020-01-13,2020,internship,5.045661,0.8422829,44
MEM-008-20,Congressman Doug Collins (GA-09),Intern,2020-01-13,2020,internship,5.6211452,1.6364532,-1
MEM-005-20,,Spring 2020 Intern,2020-01-13,2020,internship,6.2128243,2.886955,-1
MEM-002-20,Congressman Paul Mitchell (MI-10),Full Time Paid Intern,2020-01-13,2020,internship,5.076764,2.291894,-1
MEM-001-20,Congresswoman Carolyn B. Maloney (NY-12),Full or Part Time Intern,2020-01-13,2020,internship,9.173802,-0.52877533,-1
MEM-668-19,Congressman Jim Banks (IN-03),Spring Intern,2020-01-13,2020,internship,7.287845,3.9450893,-1
MEM-667-19,,Digital Intern,2019-12-23,2019,internship,11.98655,18.952656,-1
MEM-665-19,,Spring 2020 Communications Intern,2019-12-23,2019,internship,13.077088,18.52159,-1
MEM-663-19,Congressman Steve Scalise (LA-01),Spring Intern,2019-12-23,2019,internship,5.9278316,-0.8368409,38
MEM-661-19,,Digital/Press Intern,2019-12-23,2019,internship,12.564793,19.552872,-1
MEM-660-19,Congresswoman Susie Lee (NV-03),Spring 2020 Intern,2019-12-16,2019,internship,8.720221,-2.0587933,25
MEM-488-19,,Spring 2020 Interns and Fellows,2019-10-07,2019,internship,8.629831,9.704735,9
MEM-416-19,,Health Care Intern/Fellow,2019-09-03,2019,internship,8.594811,10.287334,-1
MEM-033-19,,Spring 2019 Intern,2019-01-14,2019,internship,5.2986245,2.0722075,-1
MEM-032-19,Congresswoman Brenda L. Lawrence (MI-14),Legislative Fellow: Women's Issues,2019-01-14,2019,internship,8.230333,10.196668,-1
MEM-031-19,,Spring 2019 Intern,2019-01-14,2019,internship,21.111956,7.6899357,0
MEM-030-19,Congressman Ron Estes (KS-04),Intern,2019-01-14,2019,internship,5.6001806,3.4281166,-1
MEM-028-19,Congressman Austin Scott (GA-08),Intern,2019-01-14,2019,internship,6.836674,0.71930885,-1
MEM-026-19,Representative Sylvia R. Garcia (TX-29),Intern,2019-01-14,2019,internship,6.5238132,-0.26073295,-1
MEM-023-19,Congressman Pete Stauber (MN-08),Spring/Summer Intern,2019-01-14,2019,internship,7.1856556,2.5157707,-1
MEM-021-19,,Spring Intern,2019-01-14,2019,internship,6.277213,2.637319,41
MEM-015-21,,Digital Intern,2021-01-18,2021,internship,10.9455805,21.327518,-1
MEM-014-21,,Summer Intern,2021-01-18,2021,internship,9.026357,10.219502,-1
MEM-013-21,,"Intern, Subcommittee on Crime, Terrorism, and Homeland Security",2021-01-18,2021,internship,9.105404,10.200362,-1
MEM-045-19,Congressman John Carter (TX-31),Spring 2019 Intern,2019-01-21,2019,internship,6.3950467,-0.38502023,-1
MEM-044-19,Congressman Jim Costa (CA-16),Spring Semester Intern,2019-01-21,2019,internship,5.7057824,2.6923969,-1
MEM-041-19,Congressman Frank Lucas (OK-3),Intern,2019-01-21,2019,internship,7.4106708,-1.2030542,-1
MEM-040-19,,Intern and Law Clerk,2019-01-21,2019,internship,9.942552,8.43173,-1
MEM-034-19,,Winter/Spring 2019 Intern,2019-01-21,2019,internship,6.381215,1.8744984,-1
MEM-018-20,,Digital Intern,2020-01-21,2020,internship,10.710287,21.57982,-1
MEM-017-20,Congressman Denny Heck (WA-10),Spring 2020 Intern,2020-01-21,2020,internship,5.9641247,1.1069629,40
MEM-016-20,Congresswoman Pramila Jayapal (WA-07),Press Intern,2020-01-21,2020,internship,14.059375,19.408348,-1
MEM-014-20,,Full-Time Intern,2020-01-21,2020,internship,8.090587,8.27574,-1
MEM-020-21,,Graduate Intern/Fellow,2021-01-25,2021,internship,8.608083,10.863895,-1
MEM-019-21,Congressman Jared Huffman (CA-02),Press/Digital Fellow,2021-01-25,2021,internship,12.830856,19.996151,-1
MEM-029-20,Congressman Ro Khanna (CA-17),Press/Legislative Intern,2020-01-27,2020,internship,11.941132,18.382982,20
MEM-028-20,Congressman Dan Newhouse (WA-04),Congressional Intern,2020-01-27,2020,internship,8.953562,3.830005,-1
MEM-027-20,Congresswoman Abby Finkenauer (IA-01),Press Intern,2020-01-27,2020,internship,13.206425,19.128487,-1
MEM-026-20,Congressman Jeff Van Drew (NJ-02),Intern,2020-01-27,2020,internship,5.936035,-0.850342,38
MEM-024-20,Congressman Daniel Lipinski (IL-03),Spring Intern,2020-01-27,2020,internship,8.530621,2.4190083,-1
MEM-022-20,Congressman David Trone (MD-06),Spring 2020 District Office Intern,2020-01-27,2020,internship,8.004701,5.1801057,-1
MEM-020-20,,Intern,2020-01-27,2020,internship,8.661761,9.669046,9
MEM-053-19,,Spring 2019 Intern,2019-01-28,2019,internship,21.083353,7.6615105,0
MEM-051-19,Congresswoman Susan Wild (PA-07),Congressional Intern,2019-01-28,2019,internship,2.0899763,3.5462337,26
MEM-050-19,Congressman John Ratcliffe (TX-04),Spring Intern,2019-01-28,2019,internship,6.1218715,-0.31332818,-1
MEM-047-19,Congressman Bill Posey (FL-08),Full-Time Intern,2019-01-28,2019,internship,7.885831,-0.45555404,43
MEM-047-22,Congressman Pete Aguilar (CA-31),Summer Intern,2022-01-31,2022,internship,4.982101,3.1873937,-1
MEM-043-22,Congresswoman Barragán (CA-44),District Office Intern,2022-01-31,2022,internship,7.9939237,4.9399767,-1
MEM-034-22,Congressman Jeff Van Drew (NJ-02),Summer Intern,2022-01-31,2022,internship,5.8896155,-0.90230423,38
MEM-032-22,Congressman Raja Krishnamoorthi (IL-08),Press Intern,2022-01-31,2022,internship,13.895774,22.102863,-1
MEM-026-22,Congressman Greg Murphy (NC-03),Intern,2022-01-31,2022,internship,-0.031707183,9.09773,-1
MEM-030-21,,Full-Time Intern (Spring 2021),2021-02-01,2021,internship,-0.9884602,0.13549325,-1
MEM-028-21,Congresswoman Susie Lee (NV-03),Legislative Fellow,2021-02-01,2021,internship,8.094471,10.199705,-1
MEM-037-20,,"Full-Time Intern, Spring 2020",2020-02-03,2020,internship,8.090593,8.2764435,-1
MEM-036-20,,Legal Intern,2020-02-03,2020,internship,9.539221,11.722357,-1
MEM-033-20,Congresswoman Elaine G. Luria (VA-02),Paid Press Intern,2020-02-03,2020,internship,13.229856,19.959398,-1
MEM-063-19,Congressman John Rose (TN-6),Intern,2019-02-04,2019,internship,10.171041,1.2650172,-1
MEM-054-22,Congressman Pete Aguilar (CA-31),Summer Intern,2022-02-07,2022,internship,4.970167,3.1588144,-1
MEM-031-21,Congresswoman Lisa McClain (MI-10),Full-Time Paid Intern,2021-02-08,2021,internship,5.460577,2.7387831,-1
MEM-050-20,Congresswoman Grace Meng (NY-06),Summer 2020 Intern,2020-02-10,2020,internship,6.532658,2.6988137,-1
MEM-048-20,Congressman Pete Stauber (MN-08),Summer Intern,2020-02-10,2020,internship,8.245906,-1.8043969,25
MEM-047-20,,Legislative Intern,2020-02-10,2020,internship,11.67534,9.321259,-1
MEM-046-20,,Press Intern,2020-02-10,2020,internship,5.9422297,13.690949,8
MEM-044-20,Congresswoman Abigail Spanberger (VA-07),Press Intern,2020-02-10,2020,internship,13.446618,19.27974,-1
MEM-041-20,Congressman Charlie Crist (FL-13),Intern,2020-02-10,2020,internship,9.267147,-0.68540686,24
MEM-040-20,,Full-Time Paid Intern,2020-02-10,2020,internship,9.709674,7.803136,5
MEM-039-20,,Paid Intern,2020-02-10,2020,internship,9.725217,7.7822456,5
MEM-038-20,,Full-Time Intern (Summer 2020),2020-02-10,2020,internship,8.085301,8.275732,-1
MEM-080-19,Congresswoman Eleanor Holmes Norton (DC-AL),Congressional Intern,2019-02-11,2019,internship,7.1930146,2.1865113,-1
MEM-075-19,,Full-Time Intern,2019-02-11,2019,internship,9.6641245,7.8613667,5
MEM-074-19,Congressman Charlie Crist (FL-13),Intern,2019-02-11,2019,internship,9.271954,-0.6705488,24
MEM-073-19,,Intern,2019-02-11,2019,internship,5.6870856,2.7094626,-1
MEM-071-19,,Press Intern,2019-02-11,2019,internship,13.27748,19.198662,-1
MEM-068-19,,Spring 2019 Intern,2019-02-11,2019,internship,21.07838,7.6565704,0
MEM-067-22,,Legal Intern,2022-02-14,2022,internship,9.098266,10.668871,3
MEM-063-22,Congresswoman Kat Cammack (FL-03),Full-Time Paid Intern,2022-02-14,2022,internship,5.4090652,2.5905135,-1
MEM-062-22,Congresswoman Rosa L. DeLauro (CT-03),Summer Intern,2022-02-14,2022,internship,6.1488132,5.4667034,-1
MEM-060-22,Congresswoman Ashley Hinson (IA-01),Spring 2022 Intern,2022-02-14,2022,internship,6.165346,2.8324208,-1
MEM-059-22,Congresswoman Angie Craig (MN-02),Paid Summer Intern,2022-02-14,2022,internship,6.949375,3.3426397,-1
MEM-041-21,Congressman Mark Pocan (WI-02),Full-time Virtual Intern,2021-02-16,2021,internship,5.6160107,6.299995,14
MEM-040-21,,Law Student Intern,2021-02-16,2021,internship,9.097447,10.7079315,3
MEM-039-21,Congresswoman Susie Lee (NV-03),Summer Intern,2021-02-16,2021,internship,8.870909,-2.7527208,25
MEM-099-19,Congresswoman Veronica Escobar (TX-16),Communications Intern,2019-02-18,2019,internship,13.212297,18.635199,-1
MEM-098-19,,Spring 2019 Intern,2019-02-18,2019,internship,21.075197,7.6533337,0
MEM-096-19,,Policy Fellowship,2019-02-18,2019,internship,8.318966,10.181447,-1
MEM-094-19,,Legislative Intern,2019-02-18,2019,internship,2.0568562,7.250128,-1
MEM-093-19,,Digital Intern,2019-02-18,2019,internship,10.732061,21.558485,15
MEM-091-19,,Press Intern,2019-02-18,2019,internship,13.950681,18.467487,-1
MEM-089-19,Congresswoman Brenda L. Lawrence (MI-14),Legislative and Press Intern,2019-02-18,2019,internship,3.8497057,3.8706796,31
MEM-088-19,,Spring 2019 Intern,2019-02-18,2019,internship,21.09027,7.668386,0
MEM-087-19,,Intern,2019-02-18,2019,internship,10.696556,8.420866,6
MEM-086-19,Congressman Dwight Evans (PA-03),Summer 2019 Intern,2019-02-18,2019,internship,3.0295792,1.6209421,-1
MEM-062-20,,Intern,2020-02-18,2020,internship,6.8623514,4.6569057,-1
MEM-061-20,,Summer Legal/Grad Student Intern,2020-02-18,2020,internship,8.641727,11.025625,-1
MEM-060-20,,Summer Intern,2020-02-18,2020,internship,8.596601,11.086121,-1
MEM-042-20,Congressman Charlie Crist (FL-13),Intern,2020-02-18,2020,internship,9.25459,-0.68815863,24
MEM-046-21,Congressman Jeff Van Drew (NJ-02),Summer Intern,2021-02-22,2021,internship,5.8913274,-0.9256329,38
MEM-045-21,Congressman Bill Johnson (OH-06),Intern,2021-02-22,2021,internship,6.3154454,0.7357463,42
MEM-044-21,Congressman Joseph Morelle (NY-25),Paid Intern,2021-02-22,2021,internship,7.9018927,6.0704894,-1
MEM-043-21,Congressman Joseph Morelle (NY-25),Paid Intern,2021-02-22,2021,internship,7.9096227,6.084143,-1
MEM-078-22,Congressman Kai Kahele (HI-02),Summer Intern,2022-02-22,2022,internship,6.800102,3.4736695,-1
MEM-077-22,Congresswoman Madeleine Dean (PA-04),Summer Intern,2022-02-22,2022,internship,6.614957,6.7123866,-1
MEM-076-22,Congressman Paul Tonko (NY-20),Summer Intern,2022-02-22,2022,internship,6.8500934,7.0323706,-1
MEM-073-22,Congressman Brian Mast (FL-18),Paid Digital Intern,2022-02-22,2022,internship,11.144673,21.117146,-1
MEM-072-22,,Summer 2022 Intern,2022-02-22,2022,internship,10.417229,8.047188,6
MEM-075-20,Congresswoman Lois Frankel (FL-21),Intern,2020-02-24,2020,internship,4.618237,8.155941,18
MEM-074-20,Congressman Rob Wittman (VA-01),Paid Intern,2020-02-24,2020,internship,12.964633,0.85702544,17
MEM-071-20,Congressman Mark Pocan (WI-02),Summer Intern,2020-02-24,2020,internship,5.331036,6.365667,14
MEM-070-20,Congresswoman Linda T. Sánchez (CA-38),Legislative Intern,2020-02-24,2020,internship,3.7084606,0.29461396,-1
MEM-069-20,Congresswoman Linda Sánchez (CA-38),Summer Press Intern,2020-02-24,2020,internship,12.913005,19.132942,-1
MEM-068-20,Congresswoman Linda Sánchez (CA-38),Spring Press Intern,2020-02-24,2020,internship,12.937199,19.1225,-1
MEM-067-20,Congressman Bill Johnson (OH-06),Intern,2020-02-24,2020,internship,6.345181,0.7317647,42
MEM-065-20,Congresswoman Linda T. Sánchez (CA-38),Full-Time Paid Intern,2020-02-24,2020,internship,3.7069404,0.29484582,-1
MEM-110-19,Congresswoman Kendra Horn (OK-05),Intern,2019-02-25,2019,internship,5.81548,0.7482871,-1
MEM-107-19,Representative Mark Amodei (NV-02),Intern,2019-02-25,2019,internship,8.069516,0.36643267,-1
MEM-106-19,Congressman Mark Pocan (WI-02),Intern,2019-02-25,2019,internship,5.313044,6.402532,14
MEM-105-19,Congressman Alcee L. Hastings (FL-20),Intern,2019-02-25,2019,internship,3.5266283,5.0117846,16
MEM-101-19,,"Full-Time Intern, House Foreign Affairs Committee Majority Staff",2019-02-25,2019,internship,8.078101,8.299612,-1
MEM-096-22,Congressman Steve Cohen (TN-09),Summer 2022 Intern,2022-02-28,2022,internship,0.3526204,7.150301,12
MEM-095-22,Representative Andy Harris (MD-01),Summer Intern,2022-02-28,2022,internship,5.854898,3.9695332,-1
MEM-094-22,Congresswoman Chrissy Houlahan (PA-06),Summer Press Intern,2022-02-28,2022,internship,11.474731,19.041603,21
MEM-093-22,Congresswoman Chrissy Houlahan (PA-06),Summer Legislative Intern,2022-02-28,2022,internship,16.71803,11.236199,-1
MEM-092-22,Congressman Matt Rosendale (MT-At Large),Summer Intern,2022-02-28,2022,internship,8.435154,2.5304112,-1
MEM-090-22,,Legal Intern,2022-02-28,2022,internship,9.016019,10.481405,-1
MEM-089-22,,Press Intern,2022-02-28,2022,internship,13.81522,19.706339,10
MEM-088-22,Representative Mary Gay Scanlon (PA-05),Paid Communications Internship,2022-02-28,2022,internship,12.828822,18.903019,-1
MEM-087-22,Representative Mary Gay Scanlon (PA-05),Paid Legislative Internship,2022-02-28,2022,internship,6.657022,6.716389,-1
MEM-086-22,Congressman Jeff Van Drew (NJ-02),Intern,2022-02-28,2022,internship,5.899076,-0.889533,38
MEM-085-22,Congressman Raja Krishnamoorthi (IL-08),Press Intern,2022-02-28,2022,internship,13.891392,22.095613,-1
MEM-084-22,Congresswoman Kim Schrier (WA-08),Summer Intern,2022-02-28,2022,internship,7.4607363,3.5492146,34
MEM-083-22,Congressman Josh Gottheimer (NJ-05),Summer Internship,2022-02-28,2022,internship,5.5048146,1.3899276,-1
MEM-067-21,Congresswoman Marilyn Strickland (WA-10),Spring/Summer Intern,2021-03-01,2021,internship,7.7654634,5.3558636,-1
MEM-066-21,Congresswoman Marilyn Strickland (WA-10),Legislative Intern,2021-03-01,2021,internship,8.037809,6.531832,-1
MEM-063-21,Congressman John Sarbanes (MD-03),Legislative Intern,2021-03-01,2021,internship,1.9181918,7.4546165,-1
MEM-061-21,Congresswoman Brenda L. Lawrence (MI-14),Legislative and Press Intern,2021-03-01,2021,internship,3.720693,3.972317,-1
MEM-056-21,,Paid Intern,2021-03-01,2021,internship,9.718517,7.9393992,5
MEM-053-21,Congresswoman Gwen Moore (WI-04),Virtual Press Intern,2021-03-01,2021,internship,13.636971,19.996975,23
MEM-051-21,Congresswoman Gwen Moore (WI-04),Part-Time Virtual Intern (Summer 2021),2021-03-01,2021,internship,5.624176,6.263652,-1
MEM-092-20,Congressman Conor Lamb (PA-17),Summer 2020 Congressional Intern,2020-03-02,2020,internship,2.0875094,3.5489993,26
MEM-091-20,,Paid Intern,2020-03-02,2020,internship,12.910071,0.91802263,-1
MEM-090-20,,Labor Policy Intern / Labor Policy Fellow,2020-03-02,2020,internship,8.586704,9.906054,9
MEM-089-20,Congresswoman Elaine G. Luria (VA-02),Paid Press Intern,2020-03-02,2020,internship,13.214469,19.967558,-1
MEM-088-20,Congresswoman Elaine G. Luria (VA-02),Paid Intern,2020-03-02,2020,internship,6.3984795,-0.15246063,-1
MEM-087-20,Congresswoman Frederica Wilson (FL-24),Intern (Spring and Summer 2020),2020-03-02,2020,internship,8.260445,-1.810587,-1
MEM-085-20,Congressman Scott Peters (CA-52),Congressional Intern,2020-03-02,2020,internship,2.1580174,8.09731,11
MEM-083-20,Congresswoman Rosa L. DeLauro (CT-03),Summer 2020 Intern,2020-03-02,2020,internship,6.4105015,1.1626896,-1
MEM-081-20,,Paid Undergraduate Intern,2020-03-02,2020,internship,8.717703,9.548652,9
MEM-080-20,,Intern,2020-03-02,2020,internship,-0.9711156,0.150391,-1
MEM-078-20,,Summer Financial Services Intern,2020-03-02,2020,internship,7.61282,10.350059,-1
MEM-077-20,Congresswoman Lauren Underwood (IL-14),Summer Intern,2020-03-02,2020,internship,6.164372,2.0587492,-1
MEM-120-19,,Undergraduate Summer Intern,2019-03-04,2019,internship,8.691813,9.57176,9
MEM-118-19,,Full-Time Intern,2019-03-04,2019,internship,5.7694044,12.761305,8
MEM-117-19,Congressman Ralph Norman (SC-5),Intern,2019-03-04,2019,internship,6.480936,-0.014572899,37
MEM-115-19,Congressman Glenn Grothman (WI-06),Summer Intern,2019-03-04,2019,internship,4.508939,0.34591925,44
MEM-114-19,Congresswoman Lauren Underwood (IL-14),Summer Intern,2019-03-04,2019,internship,6.1693215,2.0999677,-1
MEM-112-22,Congressman Josh Harder (CA-10),Scheduling Fellow,2022-03-07,2022,internship,7.781713,3.5925753,-1
MEM-110-22,Congressman Josh Harder (CA-10),Paid Summer Legislative Intern,2022-03-07,2022,internship,8.958462,1.2144281,-1
MEM-107-22,Congressman Salud Carbajal (CA-24),Digital/Press Intern,2022-03-07,2022,internship,12.61952,19.565948,21
MEM-106-22,Congressman Doug LaMalfa (CA-01),Paid Intern,2022-03-07,2022,internship,5.577592,5.1960235,13
MEM-104-22,Congresswoman Suzan DelBene (WA-01),Intern,2022-03-07,2022,internship,7.2324433,3.4895272,34
MEM-103-22,Representative Rick Larsen (WA-02),Spring 2022 Intern,2022-03-07,2022,internship,6.732886,0.72388583,-1
MEM-099-22,Congresswoman Katie Porter (CA-45),Summer DC Internship,2022-03-07,2022,internship,2.486077,4.8815017,-1
MEM-072-21,Congressman Ralph Norman (SC-05),Summer 2021 Intern,2021-03-08,2021,internship,5.175978,2.723921,-1
MEM-069-21,Congresswoman Judy Chu (CA-27),Press Fellow,2021-03-08,2021,internship,13.192566,20.070326,-1
MEM-107-20,Congressman Drew Ferguson (GA-03),Intern,2020-03-09,2020,internship,6.301605,2.763571,41
MEM-104-20,Congressman Mike Johnson (LA-04),Spring 2020 Intern,2020-03-09,2020,internship,7.3719993,-1.0134746,-1
MEM-103-20,Congresswoman Madeleine Dean (PA-04),Press Intern,2020-03-09,2020,internship,13.027554,19.209003,-1
MEM-102-20,Congresswoman Madeleine Dean (PA-04),Legislative Intern,2020-03-09,2020,internship,3.959036,3.6689618,31
MEM-101-20,,Press Intern,2020-03-09,2020,internship,14.7247505,19.217632,-1
MEM-100-20,,Summer Intern,2020-03-09,2020,internship,13.120557,8.32992,4
MEM-099-20,,Legislative Intern,2020-03-09,2020,internship,5.7661552,12.761335,8
MEM-098-20,,Press Intern,2020-03-09,2020,internship,5.7674594,12.760555,8
MEM-097-20,Representative Sean Patrick Maloney (NY-18),Press Fellow,2020-03-09,2020,internship,13.143088,20.028374,-1
MEM-096-20,Congresswoman Sylvia R. Garcia (TX-29),Summer Press Intern,2020-03-09,2020,internship,13.15712,19.49212,-1
MEM-095-20,Congresswoman Sylvia R. Garcia (TX-29),Legislative Intern,2020-03-09,2020,internship,-2.3482423,6.8376427,-1
MEM-130-19,Congressman Vern Buchanan (FL-16),Full-Time Intern,2019-03-11,2019,internship,7.544182,-0.3982266,-1
MEM-125-19,,Summer Intern,2019-03-11,2019,internship,4.2524285,1.0063521,-1
MEM-124-19,Congressman Brad Sherman (CA-30),Intern,2019-03-11,2019,internship,5.6441817,0.88639545,-1
MEM-122-19,,Spring/Summer 2019 Intern,2019-03-11,2019,internship,6.3603845,1.9336671,-1
MEM-147-22,Congresswoman Susan Wild (PA-07),Intern,2022-03-14,2022,internship,2.134138,3.5921934,-1
MEM-145-22,Congresswoman Marilyn Strickland (WA-10),District Office Summer Intern,2022-03-14,2022,internship,7.795009,5.3576617,-1
MEM-144-22,Congresswoman Marilyn Strickland (WA-10),Legislative Intern (Summer),2022-03-14,2022,internship,8.033225,6.520859,-1
MEM-143-22,,Summer Intern,2022-03-14,2022,internship,8.601808,11.076937,-1
MEM-142-22,Congresswoman Jackie Speier (CA-14),Intern,2022-03-14,2022,internship,7.2226577,3.4578638,-1
MEM-141-22,Congresswoman Brenda L. Lawrence (MI-14),Legislative Intern,2022-03-14,2022,internship,3.6339374,3.759709,31
MEM-138-22,Congressman Lisa Blunt Rochester (DE-00),Summer Intern,2022-03-14,2022,internship,5.575155,1.3374919,-1
MEM-137-22,Congressman Greg Stanton (AZ-09),Summer 2022 Intern,2022-03-14,2022,internship,6.3065352,2.4598315,-1
MEM-136-22,,Digital Intern,2022-03-14,2022,internship,11.164554,21.095755,15
MEM-135-22,,Press Intern,2022-03-14,2022,internship,14.529939,18.310987,-1
MEM-130-22,Congresswoman Lori Trahan (MA-03),Summer 2022 General Internship,2022-03-14,2022,internship,5.7709403,3.0754168,-1
MEM-129-22,,Full-Time Intern and Fellow,2022-03-14,2022,internship,8.979761,1.8270732,-1
MEM-128-22,Congresswoman Nanette Barragán (CA-44),Summer 2022 Intern,2022-03-14,2022,internship,5.4992185,2.909087,-1
MEM-126-22,,Digital/Press Summer Intern,2022-03-14,2022,internship,12.485487,19.688555,-1
MEM-125-22,Congressman Charlie Crist (FL-13),Summer 2022 Intern,2022-03-14,2022,internship,8.967471,-0.8866071,-1
MEM-124-22,Congressman Dan Kildee (MI-05),Press/Digital Internship,2022-03-14,2022,internship,12.533553,19.745867,21
MEM-123-22,Congressman Joseph Morelle (NY-25),Paid Intern,2022-03-14,2022,internship,7.9108233,6.0908813,-1
MEM-122-22,Congressman Dan Kildee (MI-05),Congressional Intern,2022-03-14,2022,internship,6.8615956,3.3201852,-1
MEM-121-22,Congresswoman Ann Kirkpatrick (AZ-02),Summer 2022 Intern,2022-03-14,2022,internship,6.8379407,1.259662,-1
MEM-120-22,Representative Pramila Jayapal (WA-07),Summer 2022 Intern,2022-03-14,2022,internship,5.749112,3.839557,-1
MEM-119-22,Congressman Jerry Nadler (NY-10),Paid Summer Intern,2022-03-14,2022,internship,6.812313,5.83138,-1
MEM-117-22,Congresswoman Debbie Wasserman Schultz (FL-23),Intern,2022-03-14,2022,internship,8.919892,3.8385904,-1
MEM-116-22,Congressman Mondaire Jones (NY-17),Intern,2022-03-14,2022,internship,5.5581107,3.3922236,-1
MEM-114-22,Congressman John Garamendi (CA-03),Spring/Summer Congressional Internship,2022-03-14,2022,internship,6.930828,-3.6156728,37
MEM-080-21,Congressman Mondaire Jones (NY-17),Summer 2021 Intern,2021-03-15,2021,internship,5.585983,3.371235,-1
MEM-120-20,Congressman Donald Norcross (NJ-01),Press and Legislative Intern,2020-03-16,2020,internship,11.964191,18.394423,20
MEM-119-20,Congresswoman Val Demings (FL-10),Spring 2020 Intern,2020-03-16,2020,internship,6.37094,2.5066957,-1
MEM-118-20,,Law Student Intern,2020-03-16,2020,internship,9.086715,10.725479,3
MEM-117-20,Congressman Mike Thompson (CA-05),Intern,2020-03-16,2020,internship,7.03228,1.4438745,-1
MEM-116-20,,Spring 2020 Intern,2020-03-16,2020,internship,10.336214,7.985031,-1
MEM-115-20,Congressman Ralph Norman (SC-05),Congressional Intern,2020-03-16,2020,internship,6.5307455,0.0011715154,37
MEM-114-20,Congressman Lloyd Smucker (PA-11),Intern,2020-03-16,2020,internship,5.6397266,1.2346553,-1
MEM-111-20,Congresswoman Gwen Moore (WI-04),Press Intern,2020-03-16,2020,internship,-3.7259097,14.087502,23
MEM-110-20,Congresswoman Kendra S. Horn (OK-05),Summer 2020 Intern,2020-03-16,2020,internship,8.009512,-1.6353232,-1
MEM-108-20,Congresswoman Gwen Moore (WI-04),Summer 2020 Intern,2020-03-16,2020,internship,8.1730795,1.3692833,-1
MEM-148-19,Congresswoman Elaine Luria (VA-02),Intern,2019-03-18,2019,internship,6.437467,-0.3815475,-1
MEM-147-19,Congresswoman Gwen Moore (WI-04),Summer 2019 Intern,2019-03-18,2019,internship,8.183139,1.3643957,-1
MEM-146-19,Congresswoman Gwen Moore (WI-04),Press Intern,2019-03-18,2019,internship,-3.7261493,14.08716,23
MEM-145-19,Congressman Tom Malinowski (NJ-07),Unpaid Summer Intern,2019-03-18,2019,internship,6.2637553,1.4705831,-1
MEM-144-19,Congressman Tom Malinowski (NJ-07),Paid Internship (Summer 2019),2019-03-18,2019,internship,6.2358985,1.4222559,-1
MEM-141-19,,Full-Time Paid Intern,2019-03-18,2019,internship,5.3117914,1.7010132,-1
MEM-140-19,Congressman Donald Norcross (NJ-01),DC Intern,2019-03-18,2019,internship,6.577602,1.5686713,-1
MEM-139-19,,Legislative Intern,2019-03-18,2019,internship,9.020457,8.822564,28
MEM-138-19,Congresswoman Linda Sánchez (CA-38),Full-Time Intern,2019-03-18,2019,internship,3.7097056,0.29241043,-1
MEM-137-19,,Full-Time Intern,2019-03-18,2019,internship,9.203015,8.586993,-1
MEM-166-22,,Spring 2022 Intern,2022-03-21,2022,internship,9.2597475,10.862501,3
MEM-156-22,Congresswoman Gwen Moore (WI-04),Legislative Intern,2022-03-21,2022,internship,6.051145,3.6280472,-1
MEM-153-22,,Legislative Intern,2022-03-21,2022,internship,9.015284,8.772959,28
MEM-150-22,Congresswoman María Elvira Salazar (FL-27),Intern,2022-03-21,2022,internship,9.023968,3.8590636,-1
MEM-088-21,Congresswoman Sylvia R. Garcia (TX-29),Marisol del Carmen Rodriguez Congressional Fellowship,2021-03-22,2021,internship,-2.378891,6.818671,-1
MEM-082-21,Congressman John Garamendi (CA-03),Intern,2021-03-22,2021,internship,6.92971,-3.6130939,37
MEM-128-20,,Summer 2020 Graduate Intern,2020-03-23,2020,internship,9.27584,10.875212,3
MEM-127-20,Congressman Dan Meuser (PA-09),Intern,2020-03-23,2020,internship,3.772741,2.766641,-1
MEM-125-20,,Digital Intern,2020-03-23,2020,internship,11.089003,21.172579,15
MEM-124-20,,Press Intern,2020-03-23,2020,internship,14.530471,18.31366,-1
MEM-123-20,Congressman Brad Schneider (IL-10),Press Intern,2020-03-23,2020,internship,13.674425,19.60543,-1
MEM-158-19,Congressman Tom Suozzi (NY-03),Intern,2019-03-25,2019,internship,4.8575497,1.1952004,-1
MEM-157-19,,Intern,2019-03-25,2019,internship,10.557554,3.9551709,-1
MEM-152-19,,Press Intern,2019-03-25,2019,internship,14.469468,19.28165,-1
MEM-151-19,,Intern,2019-03-25,2019,internship,13.13798,8.3166485,4
MEM-175-22,Congressman Dan Newhouse (WA-04),Paid Congressional Intern,2022-03-28,2022,internship,4.7809124,4.7861805,-1
MEM-174-22,,Summer Intern,2022-03-28,2022,internship,6.197203,1.0286663,-1
MEM-167-22,,Summer 2022 Intern,2022-03-28,2022,internship,9.71016,7.889773,5
MEM-095-21,Congresswoman Gwen Moore (WI-04),Virtual Press Intern,2021-03-29,2021,internship,13.632811,20.005182,23
MEM-092-21,,Digital Intern,2021-03-29,2021,internship,11.089137,21.174044,15
MEM-091-21,,Press Intern,2021-03-29,2021,internship,14.536099,18.297691,-1
MEM-130-20,Congresswoman Susie Lee (NV-03),Summer Intern,2020-03-30,2020,internship,8.729399,-2.4442356,25
MEM-167-19,,Intern,2019-04-01,2019,internship,6.2094617,2.883233,-1
MEM-166-19,,Digital Intern,2019-04-01,2019,internship,10.733671,21.557192,15
MEM-164-19,,Press Intern,2019-04-01,2019,internship,6.0074224,13.767359,-1
MEM-163-19,,Intern,2019-04-01,2019,internship,5.7929096,13.491742,8
MEM-162-19,Congresswoman Sylvia R. Garcia (TX-29),Legislative Intern,2019-04-01,2019,internship,6.5668488,-0.15292686,37
MEM-161-19,Congressman Sean Patrick Maloney (NY-18),Summer 2019 Intern,2019-04-01,2019,internship,6.446078,1.9114908,-1
MEM-181-22,Congressman Scott DesJarlais (TN-04),Summer Intern,2022-04-04,2022,internship,6.608197,2.339104,41
MEM-178-22,Congresswoman Lois Frankel (FL-21),Intern,2022-04-04,2022,internship,4.683279,8.223339,18
MEM-107-21,Congressman Steve Cohen (TN-09),Summer 2021 Intern,2021-04-05,2021,internship,0.33940303,7.1354933,12
MEM-098-21,Congressman Charlie Crist (FL-13),Intern (Full Time or Part Time),2021-04-05,2021,internship,9.262052,-0.67603403,24
MEM-097-21,Congresswoman Lois Frankel (FL-21),Summer 2021 Intern,2021-04-05,2021,internship,4.7096133,8.2145,18
MEM-134-20,,Congressional Intern,2020-04-06,2020,internship,8.9874,3.862839,-1
MEM-201-22,Congressman Kweisi Mfume (MD-07),Summer Intern,2022-04-11,2022,internship,6.562726,3.3684409,-1
MEM-198-22,,"Full-Time Intern, Summer 2022",2022-04-11,2022,internship,11.714826,9.348829,2
MEM-190-22,Congressman Gregory W. Meeks (NY-5),Legislative and Press/Digital Intern,2022-04-11,2022,internship,3.5975401,4.5057425,-1
MEM-188-22,Congressman Conor Lamb (PA-17),Congressional Intern,2022-04-11,2022,internship,2.0876648,3.5467052,26
MEM-114-21,,Summer Intern,2021-04-12,2021,internship,11.710476,9.346793,2
MEM-109-21,Congresswoman Julia Brownley (CA-26),Virtual Press Intern,2021-04-12,2021,internship,13.635597,20.01021,23
MEM-138-20,,Law Student Intern,2020-04-13,2020,internship,9.08361,10.705897,3
MEM-215-22,,Communications Fellow,2022-04-18,2022,internship,12.920956,19.898054,-1
MEM-210-22,,Summer Intern,2022-04-18,2022,internship,9.029463,3.886201,-1
MEM-207-22,Congressman Matt Rosendale (MT-At Large),Summer Intern,2022-04-18,2022,internship,8.427817,2.5487392,-1
MEM-121-21,Congresswoman Katie Porter (CA-45),Press Intern,2021-04-19,2021,internship,12.370029,18.95752,-1
MEM-120-21,Congresswoman Katie Porter (CA-45),Legislative Intern,2021-04-19,2021,internship,6.2815385,5.113522,-1
MEM-141-20,,Press Intern,2020-04-20,2020,internship,14.729303,19.22031,-1
MEM-189-19,,Press Intern,2019-04-22,2019,internship,13.769555,19.767307,-1
MEM-187-19,,Operations Intern,2019-04-22,2019,internship,10.566834,3.9397163,-1
MEM-182-19,,Digital Media Fellow,2019-04-22,2019,internship,12.839282,20.074461,-1
MEM-179-19,,Spring/Summer 2019 Intern,2019-04-22,2019,internship,6.3786235,1.8775015,-1
MEM-178-19,,Communications Intern,2019-04-22,2019,internship,12.883679,18.128653,-1
MEM-177-19,Representative Sean Patrick Maloney (NY-18),Press Intern,2019-04-22,2019,internship,13.374992,19.571926,22
MEM-220-22,Congressman David Trone (MD-06),Press/Digital Fellow,2022-04-25,2022,internship,12.923861,20.077282,-1
MEM-131-21,,Digital Intern,2021-04-26,2021,internship,11.969932,18.921625,-1
MEM-130-21,,Press Intern,2021-04-26,2021,internship,14.001711,19.354454,-1
MEM-129-21,Congressman Matt Cartwright (PA-08),Communications Fellow,2021-04-26,2021,internship,12.962966,19.977013,-1
MEM-125-21,Congresswoman Grace Meng (NY-06),Intern,2021-04-26,2021,internship,6.52894,2.68716,-1
MEM-143-20,,Legislative or Press Intern,2020-04-27,2020,internship,5.7791023,13.490728,8
MEM-191-19,,Law Student Intern,2019-04-29,2019,internship,9.076844,10.713146,3
MEM-233-22,,"Legislative, Press/Digital Interns",2022-05-02,2022,internship,5.787409,13.493959,8
MEM-202-19,Congresswoman Eleanor Holmes Norton (DC-AT),Summer Intern,2019-05-06,2019,internship,7.4093447,3.6615078,-1
MEM-201-19,Congressman Brad Sherman (CA-30),Intern,2019-05-06,2019,internship,5.6501904,0.8802521,-1
MEM-250-22,Congressman Dan Kildee (MI-05),Congressional Intern,2022-05-09,2022,internship,8.501386,3.442434,-1
MEM-249-22,Congressman Dan Kildee (MI-05),Press/Digital Internship,2022-05-09,2022,internship,12.525894,19.758146,21
MEM-247-22,Congressman Salud Carbajal (CA-24),Digital/Press Intern,2022-05-09,2022,internship,12.688488,19.570202,21
MEM-235-22,Congresswoman Yvette D. Clarke (NY-09),Summer 2022 Intern,2022-05-09,2022,internship,5.838312,3.1089704,-1
MEM-150-21,,Digital Intern,2021-05-10,2021,internship,10.9443035,21.32854,-1
MEM-147-21,,Intern,2021-05-10,2021,internship,9.042947,10.224426,-1
MEM-135-21,Congressman Jamaal Bowman (NY-16),Press/Digital Fellow,2021-05-03,2021,internship,12.80025,19.957634,-1
MEM-134-21,,Press Intern,2021-05-03,2021,internship,13.69844,19.419447,-1
MEM-133-21,,Digital Intern,2021-05-03,2021,internship,11.220417,21.040678,-1
MEM-252-22,,Fall 2022 Legal Internship,2022-05-16,2022,internship,9.1830225,10.812923,3
MEM-160-21,,Financial Services Fellow,2021-05-17,2021,internship,7.6137137,10.352036,-1
MEM-157-21,,Legislative or Press Intern,2021-05-17,2021,internship,5.8019614,13.512143,8
MEM-153-21,,Fall Intern,2021-05-17,2021,internship,10.062244,8.357025,-1
MEM-152-21,,Law Clerk,2021-05-17,2021,internship,8.030143,11.503086,1
MEM-149-20,Congressman Charlie Crist (FL-13),Intern,2020-05-18,2020,internship,9.24026,-0.70329124,24
MEM-222-19,,Fall 2019 Intern,2019-05-20,2019,internship,8.619734,1.434347,35
MEM-219-19,Congressman Charlie Crist (FL-13),Intern,2019-05-20,2019,internship,9.276007,-0.6715343,24
MEM-266-22,Congresswoman Katie Porter (CA-45),Press Intern,2022-05-23,2022,internship,12.350122,18.99816,-1
MEM-264-22,Congressman Austin Scott (GA-08),Fall 2022 Intern,2022-05-23,2022,internship,7.867212,3.8452654,-1
MEM-161-21,,Financial Services Fellow,2021-05-24,2021,internship,7.6159606,10.349742,-1
MEM-150-20,Congresswoman Katie Porter (CA-45),DC Office Intern,2020-05-26,2020,internship,6.3673916,5.1771383,-1
MEM-158-20,,Intern,2020-06-01,2020,internship,9.032601,10.212586,-1
MEM-153-20,Congressman Andy Harris (MD-01),Fall 2020 Congressional Intern,2020-06-01,2020,internship,8.48351,3.7231975,-1
MEM-227-19,Congressman Dwight Evans (PA-03),Fall 2019 Intern,2019-06-03,2019,internship,3.0335019,1.6194496,-1
MEM-226-19,,Legislative and Press Intern,2019-06-03,2019,internship,5.7947726,13.4954405,8
MEM-225-19,Congressman Jason Smith (MO-08),Intern,2019-06-03,2019,internship,5.2295537,-0.45770985,35
MEM-277-22,Congressman Doug LaMalfa (CA-01),Fall 2022 Intern,2022-06-06,2022,internship,5.590607,5.172108,13
MEM-276-22,,Fall 2022 Intern,2022-06-06,2022,internship,10.414124,8.028476,6
MEM-179-21,Congressman Rob Wittman (VA-01),Paid Intern,2021-06-07,2021,internship,12.97281,0.8489909,17
MEM-176-21,Congressman Ro Khanna (CA-17),Fall 2021 Intern,2021-06-07,2021,internship,11.871363,18.338432,-1
MEM-163-20,Congressman Harris (MD-01),Fall 2020 Intern,2020-06-08,2020,internship,8.222051,3.843935,-1
MEM-161-20,,Full-Time Intern,2020-06-08,2020,internship,-0.97843224,0.14486709,-1
MEM-160-20,Congressman Ron Kind (WI-03),Paid Legislative Fellow,2020-06-08,2020,internship,8.287997,10.227185,-1
MEM-241-19,,Full-Time Paid Intern,2019-06-10,2019,internship,9.737987,7.774843,5
MEM-240-19,Congressman Frank Lucas (OK-3),Paid Intern (Fall 2019),2019-06-10,2019,internship,7.3974504,-1.206453,-1
MEM-237-19,,Communications Intern,2019-06-10,2019,internship,12.894713,18.147364,-1
MEM-236-19,Congressman Rob Wittman (VA-01),Fall 2019 Intern,2019-06-10,2019,internship,12.9657135,0.8551081,17
MEM-234-19,Congresswoman Gwen Moore (WI-04),Press Intern,2019-06-10,2019,internship,-3.7263365,14.087052,23
MEM-233-19,Congressman John Garamendi (CA-03),Intern,2019-06-10,2019,internship,6.9009137,-3.5867136,37
MEM-231-19,,Fall 2019 Intern,2019-06-10,2019,internship,8.067831,8.2558155,-1
MEM-288-22,Congressman Chris Pappas (NH-01),Fall Intern,2022-06-13,2022,internship,8.427618,4.1597977,-1
MEM-286-22,Representative Andy Harris (MD-01),Fall Intern,2022-06-13,2022,internship,5.865881,3.9795036,-1
MEM-285-22,Congressman Matt Cartwright (PA-08),Legislative Intern,2022-06-13,2022,internship,3.2051146,3.543789,-1
MEM-282-22,Representative Scott Fitzgerald (WI-05),Fall Intern,2022-06-13,2022,internship,5.8611336,3.991462,-1
MEM-280-22,,Full-Time Intern,2022-06-13,2022,internship,1.5297331,2.4026067,-1
MEM-189-21,Congresswoman Marilyn Strickland (WA-10),Fall Intern,2021-06-14,2021,internship,7.7769327,5.360053,-1
MEM-188-21,Representative Marilyn Strickland (WA-10),Legislative Intern,2021-06-14,2021,internship,8.038291,6.5325165,-1
MEM-187-21,Representative Joseph Morelle (NY-25),Paid Intern,2021-06-14,2021,internship,7.9068685,6.101545,-1
MEM-186-21,Congressman Joseph Morelle (NY-25),Intern,2021-06-14,2021,internship,4.1368933,2.2149518,-1
MEM-182-21,Congressman Jeff Van Drew (NJ-02),Fall Intern,2021-06-14,2021,internship,5.8746986,-0.93811697,38
MEM-181-21,,Legal Intern,2021-06-14,2021,internship,9.542728,11.727416,-1
MEM-180-21,,Intern,2021-06-14,2021,internship,8.103778,8.2801485,-1
MEM-170-20,Congresswoman Elaine G. Luria (VA-02),Paid Press Intern,2020-06-15,2020,internship,13.21424,19.954838,-1
MEM-169-20,Congresswoman Elaine G. Luria (VA-02),Paid Intern,2020-06-15,2020,internship,6.363312,-0.198532,-1
MEM-255-19,,Intern,2019-06-17,2019,internship,5.7592564,12.756503,8
MEM-254-19,,Legal Intern,2019-06-17,2019,internship,8.832529,10.91292,-1
MEM-253-19,,Intern,2019-06-17,2019,internship,8.607544,11.066186,-1
MEM-251-19,Congresswoman Diana DeGette (CO-01),Intern,2019-06-17,2019,internship,4.032384,2.140637,32
MEM-249-19,,Fall 2019 Intern,2019-06-17,2019,internship,10.688022,8.458754,6
MEM-248-19,Congressman Larry Bucshon (IN-08),Intern,2019-06-17,2019,internship,5.936329,5.2218595,-1
MEM-247-19,,Legislative Intern,2019-06-17,2019,internship,9.200801,8.830565,-1
MEM-246-19,Congressman Andy Levin (MI-09),Digital Media Intern,2019-06-17,2019,internship,13.735864,17.604412,-1
MEM-244-19,Congressman Charlie Crist (FL-13),Intern (Fall 2019),2019-06-17,2019,internship,9.274717,-0.6846084,24
MEM-194-21,Congresswoman Brenda L. Lawrence (MI-14),Legislative Intern,2021-06-21,2021,internship,3.612748,3.7617424,31
MEM-193-21,Congressman Mark Pocan (WI-02),Intern,2021-06-21,2021,internship,5.6356535,6.2980175,14
MEM-173-20,,Summer Research Intern,2020-06-22,2020,internship,13.1287775,8.30256,-1
MEM-172-20,,Fall 2020 Internship Program,2020-06-22,2020,internship,10.566684,8.190541,6
MEM-262-19,Congresswoman Brenda L. Lawrence (MI-14),Intern,2019-06-24,2019,internship,3.995027,3.5969887,31
MEM-261-19,,Fall 2019 Intern,2019-06-24,2019,internship,7.8451037,-0.6874126,-1
MEM-260-19,Congressman Glenn Grothman (WI-06),Full-Time Paid Intern (Fall 2019),2019-06-24,2019,internship,4.551499,0.40575972,44
MEM-259-19,Congressman Sam Graves (MO-06),Fall Intern,2019-06-24,2019,internship,8.029723,2.250682,-1
MEM-257-19,Congressman Sean Casten (IL-06),Paid Intern (Fall 2019),2019-06-24,2019,internship,7.105301,-0.8770635,-1
MEM-304-22,Congresswoman Katie Porter (CA-45),Fall Intern,2022-06-27,2022,internship,2.4870753,4.8789153,-1
MEM-302-22,Congresswoman Chrissy Houlahan (PA-06),Press Intern,2022-06-27,2022,internship,11.471517,19.039099,21
MEM-301-22,Congresswoman Chrissy Houlahan (PA-06),Legislative Intern,2022-06-27,2022,internship,16.717157,11.236194,-1
MEM-299-22,Congressman Jeff Van Drew (NJ-02),Intern,2022-06-27,2022,internship,5.8856783,-0.94040006,38
MEM-297-22,Representative Pramila Jayapal (WA-07),Fall 2022 Paid Intern,2022-06-27,2022,internship,5.724597,3.8749266,-1
MEM-296-22,Congressman Jeff Van Drew (NJ-02),Fall Intern,2022-06-27,2022,internship,5.874226,-0.9482078,38
MEM-294-22,Congresswoman Carolyn B. Maloney (NY-12),Congressional Internship,2022-06-27,2022,internship,6.79687,3.2225266,-1
MEM-215-21,Congressman Ken Buck (CO-04),Fall 2021 Intern,2021-06-28,2021,internship,6.61027,2.0837188,42
MEM-214-21,Congressman Greg Murphy (NC-03),Intern,2021-06-28,2021,internship,-0.028064305,9.095514,-1
MEM-211-21,Congresswoman Gwen Moore (WI-04),"Legislative Intern, Fall 2021",2021-06-28,2021,internship,6.0124874,3.617737,-1
MEM-209-21,,Fall Intern,2021-06-28,2021,internship,5.728335,1.8032148,-1
MEM-204-21,,Press Intern,2021-06-28,2021,internship,12.576168,19.269417,-1
MEM-203-21,,Fall 2021 Intern,2021-06-28,2021,internship,10.414314,8.04497,6
MEM-177-20,Congressman Greg Murphy (NC-03),Fall 2020 Paid Intern,2020-06-29,2020,internship,-0.022194153,9.091566,-1
MEM-176-20,Congressman Jeff Van Drew (NJ-02),Fall Intern,2020-06-29,2020,internship,5.8680315,-0.96040785,38
MEM-224-21,Congressman Conor Lamb (PA-17),Congressional Intern,2021-07-06,2021,internship,2.0849872,3.5460696,26
MEM-222-21,Congressman Josh Harder (CA-10),Paid Fall Legislative Intern,2021-07-06,2021,internship,8.958515,1.1878567,-1
MEM-221-21,,Operations Intern,2021-07-06,2021,internship,10.549539,3.9594045,-1
MEM-220-21,,Press Intern,2021-07-06,2021,internship,14.042216,19.319933,-1
MEM-219-21,,Digital Resident,2021-07-06,2021,internship,12.019085,18.957932,-1
MEM-217-21,,Full-Time Paid Intern,2021-07-06,2021,internship,5.2071776,2.35231,-1
MEM-216-21,Congresswoman Susie Lee (NV-03),Fall Intern,2021-07-06,2021,internship,8.8774395,-2.7633107,25
MEM-280-19,,Paid Intern,2019-07-01,2019,internship,12.965504,0.856449,17
MEM-278-19,Congresswoman Elaine Luria (VA-02),Intern,2019-07-01,2019,internship,6.456576,-0.4120871,-1
MEM-276-19,,Paid Intern,2019-07-01,2019,internship,10.759172,-0.46767846,-1
MEM-275-19,Congresswoman Katherine M. Clark (MA-05),Fall 2019 Intern,2019-07-01,2019,internship,6.21618,1.4065782,-1
MEM-274-19,,Intern,2019-07-01,2019,internship,4.01165,3.5797398,31
MEM-273-19,Congresswoman Gwen Moore (WI-04),Fall 2019 Intern,2019-07-01,2019,internship,8.198103,1.3607203,-1
MEM-272-19,Congresswoman Lauren Underwood (IL-14),Fall Intern,2019-07-01,2019,internship,6.168438,2.120478,-1
MEM-271-19,Congressman Mark Pocan (WI-02),Intern,2019-07-01,2019,internship,5.315485,6.406616,14
MEM-270-19,Congressman Daniel Lipinski (IL-03),Fall Intern,2019-07-01,2019,internship,8.537263,2.436121,-1
MEM-269-19,Congressman Ed Perlmutter (CO-07),Legislative Intern,2019-07-01,2019,internship,7.9792047,1.2337071,-1
MEM-268-19,Congressman Dan Newhouse (WA-04),Fall 2019 Intern,2019-07-01,2019,internship,8.9446945,3.8345299,-1
MEM-267-19,,"Full-Time Intern, Fall 2019",2019-07-01,2019,internship,6.9456234,1.678379,-1
MEM-266-19,Congressman Dean Phillips (MN-03),Fall Intern,2019-07-01,2019,internship,7.10232,3.0345962,-1
MEM-265-19,,Digital Intern,2019-07-01,2019,internship,10.97034,21.303192,-1
MEM-336-22,,Legislative Intern,2022-07-05,2022,internship,8.992247,8.779935,28
MEM-335-22,Congresswoman Dina Titus (NV-1),Fall 2022 Intern,2022-07-05,2022,internship,9.11143,-1.6608766,24
MEM-334-22,Congressman Steve Cohen (TN-09),Fall 2022 Intern,2022-07-05,2022,internship,0.340338,7.1321225,12
MEM-333-22,Representative Mary Gay Scanlon (PA-05),Paid Fall Communications Internship,2022-07-05,2022,internship,12.840746,18.887344,-1
MEM-332-22,Representative Mary Gay Scanlon (PA-05),Paid Fall Legislative Internship,2022-07-05,2022,internship,6.6542387,6.686299,-1
MEM-331-22,Congressman Seth Moulton (MA-06),Intern,2022-07-05,2022,internship,7.4665375,4.314154,33
MEM-330-22,Congressman Seth Moulton (MA-06),Fern Holland International Affairs Fellowship Program,2022-07-05,2022,internship,7.778631,9.596458,-1
MEM-328-22,,Legislative Intern,2022-07-05,2022,internship,-0.9967476,0.12831895,-1
MEM-327-22,Congressman Paul Tonko (NY-20),Fall Intern,2022-07-05,2022,internship,7.097038,4.1284623,-1
MEM-326-22,Congressman Greg Stanton (AZ-09),Fall 2022 Intern,2022-07-05,2022,internship,6.778531,1.3585812,-1
MEM-324-22,Congresswoman Nanette Barragán (CA-44),Intern,2022-07-05,2022,internship,10.975413,10.236521,-1
MEM-323-22,Representative Kat Cammack (FL-03),"Full-Time Paid Intern, Fall 2022",2022-07-05,2022,internship,6.904916,2.7507582,-1
MEM-321-22,Congressman Josh Harder (CA-10),Paid Fall Legislative Intern,2022-07-05,2022,internship,8.93598,1.1926545,-1
MEM-320-22,Congressman Pat Fallon (TX-04),Intern,2022-07-05,2022,internship,5.3634844,3.8377714,-1
MEM-317-22,Congressman Andrew Clyde (GA-09),Fall 2022 Intern,2022-07-05,2022,internship,6.6504674,2.424087,41
MEM-316-22,Congressman Ro Khanna (CA-17),Fall Intern,2022-07-05,2022,internship,11.88876,18.372,20
MEM-315-22,,"Full-Time Graduate Intern, Fall 2022",2022-07-05,2022,internship,9.292152,10.889718,3
MEM-313-22,Congresswoman Suzan DelBene (WA-01),Fall 2022 Intern,2022-07-05,2022,internship,7.232848,3.539353,34
MEM-307-22,Representative Grace Napolitano (CA-32),Fall 2022 Intern,2022-07-05,2022,internship,5.5851874,3.909643,-1
MEM-183-20,,"Full-Time Paid Virtual Intern, Fall 2020",2020-07-06,2020,internship,9.695016,7.926927,-1
MEM-182-20,,Graduate Student Intern,2020-07-06,2020,internship,9.264213,10.866612,3
MEM-180-20,,Digital Intern,2020-07-06,2020,internship,10.929088,21.344936,-1
MEM-291-19,Congresswoman Madeleine Dean (PA-04),Intern,2019-07-08,2019,internship,4.0115724,3.551839,31
MEM-288-19,,Fall 2019 Intern,2019-07-08,2019,internship,6.4383593,-0.52239263,-1
MEM-287-19,Congresswoman Madeleine Dean (PA-04),Legal Fellowship,2019-07-08,2019,internship,8.347931,10.181339,-1
MEM-286-19,Congressman Bruce Westerman (AR-04),Fall 2019 Intern,2019-07-08,2019,internship,7.4559283,0.27590594,-1
MEM-285-19,Congressman Bill Pascrell Jr. (NJ-09),Fall Intern,2019-07-08,2019,internship,4.21563,1.0189545,-1
MEM-284-19,Congressman Conor Lamb (PA-17),Congressional Intern,2019-07-08,2019,internship,2.087034,3.543389,26
MEM-283-19,Congressman Dwight Evans (PA-03),Fall 2019 Intern,2019-07-08,2019,internship,3.0303185,1.6225597,-1
MEM-282-19,Congressman Greg Gianforte (MT-AL),Full-Time Paid Intern,2019-07-08,2019,internship,7.4875693,2.9832528,-1
MEM-281-19,Congressman Hakeem Jeffries (NY-08),Legal Fellowship,2019-07-08,2019,internship,8.389356,10.153453,-1
MEM-350-22,Congressman Rodney Davis (IL-13),Fall 2022 Intern,2022-07-11,2022,internship,10.388897,7.9871984,-1
MEM-349-22,Congressman Bill Johnson (OH-06),Intern,2022-07-11,2022,internship,6.343766,0.7515814,42
MEM-348-22,Congresswoman Lois Frankel (FL-21),Intern,2022-07-11,2022,internship,4.6852474,8.24502,18
MEM-347-22,Congressman John Garamendi (CA-03),Intern,2022-07-11,2022,internship,6.95751,-3.6399438,37
MEM-346-22,Congressman Matt Rosendale (MT-At Large),Fall Intern,2022-07-11,2022,internship,8.501162,2.500565,-1
MEM-344-22,Congresswoman Haley Stevens (MI-11),Paid Communications Intern,2022-07-11,2022,internship,12.851563,18.86095,-1
MEM-343-22,,Intern,2022-07-11,2022,internship,4.928966,3.1947715,-1
MEM-342-22,,Fall 2022 Intern,2022-07-11,2022,internship,5.0482097,3.2972126,-1
MEM-341-22,Congressman Jay Obernolte (CA-08),Fall 2022 Intern,2022-07-11,2022,internship,6.0780625,2.7342026,-1
MEM-340-22,Congresswoman Kay Granger (TX-12),Fall Intern (Paid),2022-07-11,2022,internship,4.759297,4.802145,-1
MEM-338-22,Representative Kai Kahele (HI-02),Fall Intern,2022-07-11,2022,internship,6.78119,3.4863462,-1
MEM-244-21,Congresswoman Dina Titus (NV-1),Fall 2021 Intern,2021-07-12,2021,internship,9.0779705,-1.6463399,24
MEM-243-21,Congresswoman Debbie Wasserman Schultz (FL-23),Fall 2021 Intern,2021-07-12,2021,internship,9.003085,3.868791,-1
MEM-241-21,,Intern,2021-07-12,2021,internship,4.0188813,3.5746253,31
MEM-239-21,Congressman Bill Johnson (OH-06),Intern,2021-07-12,2021,internship,6.348591,0.77230954,42
MEM-238-21,Congressman Tom McClintock (CA-04),Intern,2021-07-12,2021,internship,10.481603,1.0843273,36
MEM-237-21,Congressman Ken Buck (CO-04),Fall 2021 Intern,2021-07-12,2021,internship,6.5816402,2.0979326,42
MEM-236-21,Congressman Paul Tonko (NY-20),Fall Intern,2021-07-12,2021,internship,6.6543617,3.246295,-1
MEM-234-21,,"Law Clerk, House Committee on Veterans' Affairs (Majority)",2021-07-12,2021,internship,8.054063,11.462454,1
MEM-232-21,Congresswoman Katie Porter (CA-45),DC Office Intern,2021-07-12,2021,internship,6.3115597,5.1715717,-1
MEM-230-21,,Legislative Intern,2021-07-12,2021,internship,2.0161831,7.316403,-1
MEM-229-21,Congressman Steve Cohen (TN-09),Fall 2021 Intern,2021-07-12,2021,internship,0.34013784,7.132392,12
MEM-192-20,Congresswoman Susie Lee (NV-03),Virtual Fall Intern,2020-07-13,2020,internship,8.880745,-2.766576,25
MEM-189-20,Congresswoman Gwen Moore (WI-04),Part-Time Virtual Intern,2020-07-13,2020,internship,5.6529713,6.250111,-1
MEM-188-20,Congresswoman Gwen Moore (WI-04),Virtual Press Intern,2020-07-13,2020,internship,13.642609,19.998901,23
MEM-186-20,Congressman Rob Wittman (VA-01),Paid Intern,2020-07-13,2020,internship,12.950089,0.8717068,17
MEM-184-20,,Paid Intern,2020-07-13,2020,internship,6.7369003,6.9017797,-1
MEM-314-19,Congressman Ron Estes (KS-04),Intern,2019-07-15,2019,internship,5.595413,3.4237902,-1
MEM-313-19,Congresswoman Madeleine Dean (PA-04),Legal Fellow,2019-07-15,2019,internship,8.387742,10.208126,-1
MEM-312-19,Congressman Jim Himes (CT-04),Fall 2019 Intern,2019-07-15,2019,internship,5.912237,5.02013,-1
MEM-311-19,,Intern,2019-07-15,2019,internship,6.3477216,1.8655192,-1
MEM-310-19,Congressman Tom McClintock (CA-04),Intern,2019-07-15,2019,internship,10.472896,1.0880454,36
MEM-309-19,Congressman Charlie Crist (FL-13),Intern,2019-07-15,2019,internship,9.266159,-0.66707313,24
MEM-308-19,Congresswoman Kendra Horn (OK-05),Fall Intern,2019-07-15,2019,internship,5.81628,0.77477276,-1
MEM-307-19,,Intern,2019-07-15,2019,internship,6.2131586,2.9001286,-1
MEM-305-19,Congressman Elijah E. Cummings (MD-07),Legal Intern,2019-07-15,2019,internship,8.965029,10.562708,-1
MEM-304-19,Congressman Elijah E. Cummings (MD-07),Fall Intern,2019-07-15,2019,internship,4.1995897,3.4875233,31
MEM-301-19,,Fall 2019 Intern,2019-07-15,2019,internship,6.446693,1.6299906,-1
MEM-300-19,,Legal Intern,2019-07-15,2019,internship,9.546195,11.73589,-1
MEM-298-19,Congressman Bill Johnson (OH-06),Intern,2019-07-15,2019,internship,6.305869,0.7338664,42
MEM-297-19,Congressman Alcee L. Hastings (FL-20),Fall 2019 Intern,2019-07-15,2019,internship,3.4734402,5.0360813,16
MEM-296-19,,Intern,2019-07-15,2019,internship,9.982479,8.370743,-1
MEM-295-19,,Law Clerk,2019-07-15,2019,internship,8.039734,11.491597,1
MEM-293-19,Congressman Will Hurd (TX-23),Fall 2019 Intern,2019-07-15,2019,internship,6.425932,-0.43704775,-1
MEM-371-22,Congresswoman Rosa L. DeLauro (CT-03),"Paid Intern, Fall",2022-07-18,2022,internship,6.1246624,5.4862194,-1
MEM-370-22,Congresswoman Mikie Sherrill (NJ-11),Fall 2022 Intern,2022-07-18,2022,internship,6.696092,5.6989517,-1
MEM-369-22,Congressman David Trone (MD06),District Office Intern,2022-07-18,2022,internship,7.857451,4.5532393,-1
MEM-368-22,Congressman David Trone (MD-06),DC Office Intern,2022-07-18,2022,internship,7.5784345,3.8120475,-1
MEM-367-22,,"Legislative, Press/Digital Interns",2022-07-18,2022,internship,5.7962523,13.503138,8
MEM-362-22,,Digital Intern,2022-07-18,2022,internship,11.188414,21.071672,15
MEM-361-22,,Press Intern,2022-07-18,2022,internship,14.53083,18.30866,-1
MEM-360-22,Congressman Joseph Morelle (NY-25),Fall 2022 Intern,2022-07-18,2022,internship,7.9527206,5.8289123,-1
MEM-359-22,Congressman Joseph Morelle (NY-25),"Paid Intern, Fall 2022",2022-07-18,2022,internship,7.91286,6.087583,-1
MEM-357-22,Congresswoman Lisa Blunt Rochester (DE-00),Fall Congressional Intern,2022-07-18,2022,internship,5.6601276,1.3748937,-1
MEM-356-22,Congresswoman Marilyn Strickland (WA-10),Legislative Intern,2022-07-18,2022,internship,8.03743,6.5325575,-1
MEM-354-22,Congresswoman Sylvia R. Garcia (TX-29),Legislative Intern,2022-07-18,2022,internship,-2.36166,6.826235,-1
MEM-351-22,Congresswoman Sharice Davids (KS-03),Fall Intern,2022-07-18,2022,internship,6.3970413,2.8731258,41
MEM-263-21,Congressman Paul Tonko (NY-20),Fall Intern,2021-07-19,2021,internship,6.6785703,3.2593548,-1
MEM-259-21,Congressman Doug LaMalfa (CA-01),Paid Intern,2021-07-19,2021,internship,5.576528,5.1956477,13
MEM-258-21,Congressman Ralph Norman (SC-05),Intern,2021-07-19,2021,internship,5.078651,2.6142335,-1
MEM-257-21,,Digital Intern,2021-07-19,2021,internship,11.096089,21.167038,15
MEM-256-21,,Press Intern,2021-07-19,2021,internship,14.533671,18.30876,-1
MEM-251-21,,Legislative Intern,2021-07-19,2021,internship,-0.9959324,0.12904282,-1
MEM-249-21,Congresswoman Susan Wild (PA-07),Press Intern,2021-07-19,2021,internship,13.216938,18.981998,-1
MEM-248-21,Congresswoman Susan Wild (PA-07),Legislative Intern,2021-07-19,2021,internship,2.0994556,3.5519009,26
MEM-246-21,Congressman Bill Huizenga (MI-02),Intern,2021-07-19,2021,internship,6.369531,0.83000404,42
MEM-245-21,Congresswoman Sylvia R. Garcia (TX-29),Marisol del Carmen Rodriguez Congressional Fellowship,2021-07-19,2021,internship,-2.3797507,6.8180947,-1
MEM-202-20,Representative Andy Kim (NJ-03),Paid Legislative Fellow,2020-07-20,2020,internship,8.325136,10.20662,-1
MEM-201-20,Congresswoman Grace Meng (NY-06),Fall 2020 Intern,2020-07-20,2020,internship,6.3800287,2.6276565,-1
MEM-196-20,,Digital Intern,2020-07-20,2020,internship,11.066002,21.19628,15
MEM-195-20,,Press Intern,2020-07-20,2020,internship,14.542523,18.297125,-1
MEM-394-22,Congressman Bill Huizenga (MI-02),Fall 2022 Intern,2022-07-25,2022,internship,6.670229,1.2609053,-1
MEM-392-22,Congresswoman Jackie Speier (CA-14),Intern,2022-07-25,2022,internship,7.1872783,3.4325576,-1
MEM-390-22,Congresswoman Lori Trahan (MA-03),Fall 2022 General Internship,2022-07-25,2022,internship,5.7094812,3.0617423,-1
MEM-389-22,Congressman Salud Carbajal (CA-24),Digital/Press Intern,2022-07-25,2022,internship,12.668415,19.579605,21
MEM-387-22,Congressman Gerald E. Connolly (VA-11),Fall 2022 Intern,2022-07-25,2022,internship,6.1362667,4.867667,-1
MEM-386-22,,Fall 2022 Intern,2022-07-25,2022,internship,10.410021,8.041577,-1
MEM-385-22,Congresswoman Carol Miller (WV-03),Intern,2022-07-25,2022,internship,6.1903677,0.39946917,-1
MEM-384-22,,General Internship,2022-07-25,2022,internship,8.602106,11.059385,-1
MEM-383-22,Congressman Mark Pocan (WI-02),Fall Intern,2022-07-25,2022,internship,5.628729,6.273303,14
MEM-382-22,,Fall 2022 Legal Intern,2022-07-25,2022,internship,9.135058,10.742853,3
MEM-381-22,Rep. Brad Schneider (IL-10),"Fall Intern (Full and Part-Time, Paid)",2022-07-25,2022,internship,6.3792443,2.6284885,-1
MEM-378-22,Congressman Sean Patrick Maloney (NY-18),Fall 2022 Intern,2022-07-25,2022,internship,7.383805,3.5176368,-1
MEM-377-22,Congressman Greg Murphy (NC-03),Intern,2022-07-25,2022,internship,-0.04379933,9.1068945,-1
MEM-376-22,Congresswoman Lisa McClain (MI-10),Fall Intern,2022-07-25,2022,internship,6.46059,1.9331715,-1
MEM-375-22,Representative Marilyn Strickland (WA-10),District Office Fall Internship,2022-07-25,2022,internship,7.794603,5.361865,-1
MEM-374-22,,Press Intern,2022-07-25,2022,internship,14.023112,19.313427,-1
MEM-373-22,Congresswoman Susan Wild (PA-07),Legislative and Press Intern,2022-07-25,2022,internship,2.180457,3.61149,-1
MEM-282-21,Congresswoman Grace Meng (NY-06),Fall 2021 Intern,2021-07-26,2021,internship,6.5616517,2.638307,-1
MEM-281-21,Congresswoman Grace Meng (NY-06),Communications Intern,2021-07-26,2021,internship,12.805246,18.99516,-1
MEM-279-21,Congresswoman Suzan DelBene (WA-01),Intern (Fall 2021),2021-07-26,2021,internship,7.502343,2.1994452,34
MEM-277-21,Congresswoman Lisa Blunt Rochester (DE-00),Intern,2021-07-26,2021,internship,6.1308737,2.9761224,-1
MEM-276-21,,Intern,2021-07-26,2021,internship,8.606919,11.074538,-1
MEM-275-21,Congressman Raja Krishnamoorthi (IL-08),Virtual/In-Person Press Intern,2021-07-26,2021,internship,13.889245,22.08246,-1
MEM-272-21,Congresswoman Elissa Slotkin (MI-08),Intern,2021-07-26,2021,internship,9.015565,3.8820746,-1
MEM-271-21,,Legal Internship,2021-07-26,2021,internship,9.134743,10.7351265,3
MEM-270-21,Congressman Donald Norcross (NJ-01),Legislative Intern,2021-07-26,2021,internship,5.8635554,3.2448015,-1
MEM-269-21,Congressman Donald Norcross (NJ-01),Press Intern,2021-07-26,2021,internship,13.591518,19.88571,-1
MEM-266-21,Congresswoman Katie Porter (CA-45),Part-Time Press Intern,2021-07-26,2021,internship,12.372421,18.994057,-1
MEM-264-21,Congressman John Garamendi (CA-03),Intern,2021-07-26,2021,internship,6.9595804,-3.6440454,37
MEM-211-20,,Fall 2020 Intern,2020-07-27,2020,internship,7.2230606,4.9695377,-1
MEM-209-20,,Law Student Intern,2020-07-27,2020,internship,9.106748,10.727393,3
MEM-208-20,Congressman Ken Buck (CO-04),Fall 2020 Intern,2020-07-27,2020,internship,6.5539894,2.1979733,-1
MEM-205-20,,"Full-Time Intern, Fall 2020",2020-07-27,2020,internship,5.7454834,-0.22883108,-1
MEM-358-19,,Legislative Intern,2019-07-29,2019,internship,2.0541568,7.248956,-1
MEM-356-19,Congresswoman Sylvia R. Garcia (TX-29),Marisol del Carmen Rodriguez Congressional Fellow,2019-07-29,2019,internship,-2.3801749,6.8178706,-1
MEM-355-19,Congressman Roger Williams (TX-25),Fall 2019 Congressional Intern,2019-07-29,2019,internship,6.609327,-0.11700888,37
MEM-354-19,Congressman Tom McClintock (CA-04),Fall Intern,2019-07-29,2019,internship,10.400969,1.117537,36
MEM-353-19,,Press Intern,2019-07-29,2019,internship,14.733546,19.216848,-1
MEM-352-19,,Full-Time Intern,2019-07-29,2019,internship,13.169975,8.3463,4
MEM-351-19,,Press Intern,2019-07-29,2019,internship,13.803684,19.779154,-1
MEM-350-19,,Press Fellow,2019-07-29,2019,internship,13.660528,19.725702,-1
MEM-349-19,,Digital Media Fellow,2019-07-29,2019,internship,12.84748,20.063059,-1
MEM-348-19,Congresswoman Sylvia R. Garcia (TX-29),Paid Press Intern,2019-07-29,2019,internship,13.133504,19.512484,-1
MEM-347-19,Congresswoman Sylvia R. Garcia (TX-29),Fall Intern,2019-07-29,2019,internship,-2.3598852,6.8256254,-1
MEM-346-19,Congressman Rob Wittman (VA-01),Fall 2019 Intern,2019-07-29,2019,internship,12.970242,0.85096097,17
MEM-345-19,Congresswoman Abigail Spanberger (VA-07),Fall Semester Intern,2019-07-29,2019,internship,7.968287,4.3837686,-1
MEM-343-19,Congressman Sean Patrick Maloney (NY-18),Legislative Intern,2019-07-29,2019,internship,8.929538,0.26521125,-1
MEM-342-19,Congresswoman Suzan DelBene (WA-01),Fall 2019 Paid Intern,2019-07-29,2019,internship,8.650379,3.6602254,-1
MEM-341-19,,Paid Intern,2019-07-29,2019,internship,10.762258,-0.47022954,-1
MEM-340-19,Congresswoman Susan Wild (PA-07),Press Intern,2019-07-29,2019,internship,13.187446,18.912397,-1
MEM-339-19,Congresswoman Susan Wild (PA-07),Congressional Intern,2019-07-29,2019,internship,2.092544,3.5455348,26
MEM-338-19,Congressman Scott DesJarlais (TN-04),Fall Intern,2019-07-29,2019,internship,6.631769,2.2244804,41
MEM-335-19,Congressman Dan Newhouse (WA-04),Fall 2019 Intern,2019-07-29,2019,internship,8.936962,3.8314364,-1
MEM-332-19,Congresswoman Susie Lee (NV-03),Fall 2019 Intern,2019-07-29,2019,internship,8.620468,-2.1069539,25
MEM-329-19,Congressman Andy Barr (KY-06),Fall 2019 Intern,2019-07-29,2019,internship,8.041459,8.219913,-1
MEM-328-19,Congresswoman Gwen Moore (WI-04),Press Intern,2019-07-29,2019,internship,-3.7263231,14.087064,23
MEM-327-19,,Fall 2019 Intern,2019-07-29,2019,internship,7.796831,-0.7367442,-1
MEM-326-19,Congressman David P. Joyce (OH-14),Fall 2019 Intern,2019-07-29,2019,internship,6.5504794,2.5820537,-1
MEM-325-19,Congressman Hakeem Jeffries (NY-08),Legislative Intern,2019-07-29,2019,internship,3.993917,3.6311224,-1
MEM-324-19,Congressman Ralph Norman (SC-05),Fall Intern,2019-07-29,2019,internship,6.5677166,0.004101059,37
MEM-322-19,Congressman Tom Suozzi (NY-03),Intern,2019-07-29,2019,internship,4.8720737,1.2046044,-1
MEM-321-19,Congressman Ron Kind (WI-03),Fall Intern,2019-07-29,2019,internship,6.382444,3.221018,-1
MEM-320-19,,Fall 2019 Intern,2019-07-29,2019,internship,9.88327,10.165452,-1
MEM-319-19,,Legal Intern,2019-07-29,2019,internship,9.545135,11.732756,-1
MEM-318-19,Congressman Bill Huizenga (MI-02),Paid Intern,2019-07-29,2019,internship,9.247915,-0.64475524,-1
MEM-317-19,Congresswoman Linda T. Sánchez (CA-38),Intern,2019-07-29,2019,internship,5.9991355,2.8431144,-1
MEM-316-19,Congressman Brad Sherman (CA-30),Intern,2019-07-29,2019,internship,5.639533,0.889338,-1
MEM-411-22,,Fall 2022 Intern,2022-08-01,2022,internship,10.692184,8.445218,6
MEM-408-22,Congressman Salud Carbajal (CA-24),Digital/Press Intern,2022-08-01,2022,internship,12.715154,19.529766,21
MEM-407-22,Congresswoman Lucille Roybal-Allard (CA-40),Fall 2022 Intern,2022-08-01,2022,internship,5.613614,3.9234848,-1
MEM-406-22,,Fall Intern,2022-08-01,2022,internship,9.289375,6.724241,-1
MEM-403-22,Congressman Jason Smith (MO-08),Intern,2022-08-01,2022,internship,9.915663,3.0521054,-1
MEM-401-22,Congressman Brian Mast (FL-18),Paid Digital Intern,2022-08-01,2022,internship,11.14774,21.11327,-1
MEM-400-22,,Full-Time Paid Intern,2022-08-01,2022,internship,9.683219,7.939243,5
MEM-399-22,Congresswoman Katie Porter (CA-45),Press Intern,2022-08-01,2022,internship,12.347399,18.997192,-1
MEM-397-22,Congresswoman Angie Craig (MN-02),Fall Intern,2022-08-01,2022,internship,6.855518,3.1923926,-1
MEM-396-22,,Digital Intern,2022-08-01,2022,internship,11.983904,18.95061,-1
MEM-395-22,Congressman Ralph Norman (SC-05),Intern,2022-08-01,2022,internship,6.218705,0.50177896,-1
MEM-298-21,Congressman Dan Kildee (MI-05),Press/Digital Internship,2021-08-02,2021,internship,12.553142,19.729643,21
MEM-293-21,Congresswoman Lois Frankel (FL-21),Intern,2021-08-02,2021,internship,4.7001247,8.244875,18
MEM-291-21,Congressman Mike Quigley (IL-05),Fall Intern,2021-08-02,2021,internship,8.126593,2.250862,-1
MEM-289-21,,"Full-Time Intern, Fall 2021",2021-08-02,2021,internship,11.714856,9.351719,2
MEM-288-21,,"Paid Intern, Fall 2021",2021-08-02,2021,internship,9.701788,7.9297104,5
MEM-286-21,Congressman Richard Hudson (NC-08),Fall 2021 Intern,2021-08-02,2021,internship,6.7979712,3.8588152,33
MEM-285-21,Congressman Dan Kildee (MI-05),"Paid Intern, Fall 2021",2021-08-02,2021,internship,8.461516,3.4590757,-1
MEM-284-21,Congressman Charlie Crist (FL-13),Intern (Fall 2021),2021-08-02,2021,internship,9.288681,-0.706287,24
MEM-283-21,,Congressional Intern,2021-08-02,2021,internship,8.966471,3.8493798,-1
MEM-218-20,Congressman Charlie Crist (FL-13),Intern,2020-08-03,2020,internship,9.242635,-0.64618605,24
MEM-216-20,Congressman Pete Stauber (MN-08),Fall 2020 Intern,2020-08-03,2020,internship,8.274506,-1.8270077,25
MEM-215-20,Congresswoman Lois Frankel (FL-21),Remote Intern,2020-08-03,2020,internship,4.7067,8.221613,-1
MEM-214-20,Congressman John Sarbanes (MD-03),Legislative Intern,2020-08-03,2020,internship,1.993106,7.3565245,-1
MEM-213-20,Congressman Tom McClintock (CA-04),Intern,2020-08-03,2020,internship,10.472389,1.0854596,36
MEM-372-19,Congressman Ted Yoho (FL-3),Fall 2019 Congressional Intern,2019-08-05,2019,internship,6.6197104,-0.1276131,37
MEM-371-19,Congressman Dan Meuser (PA-09),Intern,2019-08-05,2019,internship,3.7747567,2.767711,-1
MEM-369-19,Ted Budd (NC-13),Legislative Intern,2019-08-05,2019,internship,8.684996,0.7151747,-1
MEM-368-19,,"Full-Time Intern, Fall 2019",2019-08-05,2019,internship,8.082728,8.266189,-1
MEM-366-19,Congressman Tom Malinowski (NJ-07),Communications and Digital Media Fellow,2019-08-05,2019,internship,12.991585,20.014992,-1
MEM-364-19,Congressman Ted Yoho (FL-3),Fall 2019 Congressional Intern,2019-08-05,2019,internship,6.640839,-0.13765007,37
MEM-363-19,,Digital Intern,2019-08-05,2019,internship,10.720961,21.569933,15
MEM-362-19,,Press Intern,2019-08-05,2019,internship,14.071964,18.444916,-1
MEM-361-19,Congressman Ted Yoho (FL-3),Fall 2019 Congressional Intern,2019-08-05,2019,internship,6.640758,-0.14169654,37
MEM-359-19,Congressman Paul Tonko (NY-20),Communications Intern,2019-08-05,2019,internship,13.112711,18.484835,-1
MEM-428-22,,Fall 2022 Intern,2022-08-08,2022,internship,10.427991,8.029572,6
MEM-426-22,Congressman Troy Nehls (TX-22),Fall 2022 Intern,2022-08-08,2022,internship,5.3718753,3.8766146,-1
MEM-422-22,Congressman Tom McClintock (CA-04),Intern,2022-08-08,2022,internship,10.412607,1.1227392,36
MEM-420-22,Congresswoman Susie Lee (NV-03),Fall Intern,2022-08-08,2022,internship,8.876915,-2.7642453,25
MEM-419-22,,Digital Intern,2022-08-08,2022,internship,11.149314,21.110706,15
MEM-418-22,,Press Intern,2022-08-08,2022,internship,14.520303,18.34835,-1
MEM-417-22,Congresswoman Dina Titus (NV-1),Fall 2022 Paid Intern,2022-08-08,2022,internship,9.129916,-1.609579,24
MEM-415-22,Congresswoman Judy Chu (CA-27),Press Fellow,2022-08-08,2022,internship,13.206464,20.078667,-1
MEM-414-22,,"Full-Time Intern, Fall 2022",2022-08-08,2022,internship,11.713033,9.347084,2
MEM-413-22,Congressman Ron Estes (KS-04),Intern,2022-08-08,2022,internship,9.914019,3.0522249,-1
MEM-222-20,,Full-Time Intern,2020-08-10,2020,internship,-0.98104715,0.14078113,-1
MEM-220-20,Congressman Steve Cohen (TN-09),Fall 2020 Intern,2020-08-10,2020,internship,0.34498945,7.1259966,12
MEM-389-19,Congressman Anthony Brindisi (NY-22),Full-Time Paid Intern,2019-08-12,2019,internship,5.091656,1.1380951,-1
MEM-388-19,,Intern,2019-08-12,2019,internship,10.54438,3.9574075,-1
MEM-387-19,Congressman Doug Lamborn (CO-05),Paid Intern,2019-08-12,2019,internship,5.8455644,1.7461399,-1
MEM-386-19,,Intern,2019-08-12,2019,internship,3.941115,5.367875,-1
MEM-383-19,"Congressman Glenn ""GT"" Thompson (PA-15)",Fall Intern,2019-08-12,2019,internship,3.759892,2.7081857,-1
MEM-377-19,Congressman John Garamendi (CA-03),Intern,2019-08-12,2019,internship,6.968169,-3.647029,37
MEM-439-22,Congresswoman Brenda L. Lawrence (MI-14),Legislative Intern,2022-08-15,2022,internship,3.7680187,3.7037134,31
MEM-438-22,Congresswoman Brenda L. Lawrence (MI-14),Press Intern,2022-08-15,2022,internship,13.742297,19.738014,-1
MEM-436-22,Congressman Raja Krishnamoorthi (IL-08),Press Intern,2022-08-15,2022,internship,13.890492,22.090504,-1
MEM-435-22,Congresswoman Kim Schrier (WA-08),Summer Intern,2022-08-15,2022,internship,7.4592767,3.5512464,34
MEM-433-22,Congressman Scott Peters (CA-52),Congressional Intern,2022-08-15,2022,internship,2.1521778,8.087189,11
MEM-326-21,Congressman Alexander X. Mooney (WV-02),Intern,2021-08-16,2021,internship,6.2760725,0.48104936,-1
MEM-324-21,,Asia Policy Fellow,2021-08-16,2021,internship,10.31519,8.960928,-1
MEM-323-21,Congresswoman Miller-Meeks (IA-02),Fall 2021 Intern,2021-08-16,2021,internship,7.375479,2.05028,-1
MEM-321-21,Representative Bruce Westerman (AR-04),Paid Intern,2021-08-16,2021,internship,7.226416,2.1012807,-1
MEM-316-21,Congresswoman Julia Brownley (CA-26),Virtual Press Intern,2021-08-16,2021,internship,13.6513605,19.98158,23
MEM-313-21,Congresswoman Judy Chu (CA-27),Press Fellow,2021-08-09,2021,internship,13.251267,20.114996,-1
MEM-310-21,,Fall 2021 Full-Time Intern,2021-08-09,2021,internship,9.28932,10.892908,3
MEM-309-21,Congressman Sean Patrick Maloney (NY-18),Fall 2021 Intern,2021-08-09,2021,internship,6.6196823,2.5821388,-1
MEM-308-21,Congressman Jerrold Nadler (NY-10),Paid Intern,2021-08-09,2021,internship,6.8132033,5.8547215,-1
MEM-307-21,,Spring Intern,2021-08-09,2021,internship,9.010478,10.251713,-1
MEM-305-21,Congressman Barry Moore (AL-02),Intern,2021-08-09,2021,internship,6.8078623,3.8655872,33
MEM-303-21,,Fall Internship,2021-08-09,2021,internship,10.958646,8.725301,-1
MEM-302-21,Congressman Gregory W. Meeks (NY-5),Fall 2021 Intern,2021-08-09,2021,internship,7.089829,4.008765,-1
MEM-224-20,Representative Sean Patrick Maloney (NY-18),Press Fellow,2020-08-17,2020,internship,13.130915,20.000063,-1
MEM-406-19,,Fall 2019 Intern,2019-08-19,2019,internship,21.104685,7.6828756,0
MEM-405-19,,Fall Intern,2019-08-19,2019,internship,8.734085,9.394237,-1
MEM-404-19,,"Full-Time Intern, Fall 2019",2019-08-19,2019,internship,8.075282,8.266017,-1
MEM-403-19,,Financial Services Intern,2019-08-19,2019,internship,7.6141353,10.348474,-1
MEM-396-19,Congressman Charlie Crist (FL-13),Intern (Fall 2019),2019-08-19,2019,internship,9.284806,-0.67751396,24
MEM-393-19,Congressman Paul Cook (CA-08),Intern,2019-08-19,2019,internship,6.9067664,-3.5586176,37
MEM-392-19,Congressman Anthony G. Brown (MD-04),Fall Intern,2019-08-19,2019,internship,6.8916283,2.3228364,-1
MEM-391-19,,Intern,2019-08-19,2019,internship,-0.9674696,0.15346909,-1
MEM-445-22,Congressman Matt Rosendale (MT-At Large),Fall Intern,2022-08-22,2022,internship,8.499,2.5327547,-1
MEM-444-22,Rep. Eric Swalwell (CA-15),Press Fellow,2022-08-22,2022,internship,12.665552,19.660606,-1
MEM-441-22,Congresswoman Gwen Moore (WI-04),Press Intern,2022-08-22,2022,internship,13.400581,19.397833,-1
MEM-333-21,Congressman Dan Meuser (PA-09),Intern,2021-08-23,2021,internship,3.7770698,2.766993,-1
MEM-332-21,,Full-Time Fall Intern,2021-08-23,2021,internship,13.152871,8.330691,4
MEM-328-21,Congressman Bobby Rush (IL-01),Press Intern,2021-08-23,2021,internship,12.8009,19.01411,-1
MEM-327-21,,Legislative Intern,2021-08-23,2021,internship,-0.9959595,0.12948583,-1
MEM-415-19,Congresswoman Susie Lee (NV-03),Fall 2019 Intern,2019-08-26,2019,internship,8.603041,-2.0971584,25
MEM-414-19,Congressman Greg Gianforte (MT-AL),"Full-Time Paid Intern, Fall 2019",2019-08-26,2019,internship,7.438161,2.9843075,-1
MEM-413-19,,Fall 2019 Intern,2019-08-26,2019,internship,6.2480025,2.8574312,-1
MEM-411-19,Congressman Jodey Arrington (TX-19),Intern,2019-08-26,2019,internship,6.910073,-3.4484367,37
MEM-410-19,Congresswoman Eleanor Holmes Norton (DC-AL),Fall 2019 Intern,2019-08-26,2019,internship,7.3554893,3.656966,-1
MEM-409-19,Congressman Andy Levin (MI-09),Digital Media Intern,2019-08-26,2019,internship,13.746328,17.619743,-1
MEM-408-19,House Committee on Education and Labor (Republican Staff),Fall 2019 Intern,2019-08-26,2019,internship,21.125927,7.704127,0
MEM-454-22,,Fall Intern,2022-08-29,2022,internship,9.294544,6.7422886,-1
MEM-453-22,Congressman Carlos A. Gimenez (FL-26),Fall 2022 Full-Time Intern,2022-08-29,2022,internship,7.890138,-0.45446458,-1
MEM-451-22,Congresswoman Susie Lee (NV-03),District Office Intern,2022-08-29,2022,internship,7.9054766,4.57008,-1
MEM-448-22,Congressman Cliff Bentz (OR-02),Fall Intern,2022-08-29,2022,internship,7.655618,1.6426853,-1
MEM-446-22,Congressman Pat Fallon (TX-04),Intern,2022-08-29,2022,internship,5.359099,3.8694425,-1
MEM-228-20,,Press Intern,2020-08-31,2020,internship,12.567958,19.705011,-1
MEM-227-20,,Press Intern,2020-08-31,2020,internship,5.9471745,13.696659,8
MEM-347-21,Congresswoman Cori Bush (MO-01),Press/Digital Intern,2021-08-31,2021,internship,13.730142,17.596106,-1
MEM-346-21,,Intern,2021-08-31,2021,internship,6.7670903,4.7449756,-1
MEM-345-21,Congressman Sean Patrick Maloney (NY-18),Intern,2021-08-31,2021,internship,9.971381,5.536993,-1
MEM-344-21,Congressman Jeff Fortenberry (NE-01),Fall Intern,2021-08-31,2021,internship,6.658689,2.4589677,-1
MEM-339-21,Congressman Sam Graves (MO-06),Fall 2021 Intern,2021-08-31,2021,internship,7.4019923,2.02082,-1
MEM-338-21,Congressman David N. Cicilline (RI-01),Legal Intern,2021-08-31,2021,internship,9.056386,10.583853,-1
MEM-311-21,Congresswoman Lori Trahan (MA-03),General Intern,2021-08-09,2021,internship,5.637109,2.9827797,-1
MEM-299-21,,Legislative or Press Intern,2021-08-09,2021,internship,5.797654,13.511008,8
MEM-427-19,,Press Intern,2019-09-03,2019,internship,5.9379363,13.682452,-1
MEM-424-19,,Intern,2019-09-03,2019,internship,6.3593917,1.8839395,-1
MEM-420-19,,Communications Intern,2019-09-03,2019,internship,12.892852,18.140673,-1
MEM-418-19,,Undergraduate Intern,2019-09-03,2019,internship,8.727536,9.490984,9
MEM-417-19,Congressman H. Morgan Griffith (VA-09),Intern,2019-09-03,2019,internship,10.438715,1.1143992,36
MEM-233-20,Congressman Jared Huffman (CA-02),Press/Digital Fellow,2020-09-08,2020,internship,12.831338,20.037882,-1
MEM-232-20,,Communications Fellow,2020-09-08,2020,internship,14.0063925,19.341412,-1
MEM-230-20,,Spring Intern,2020-09-08,2020,internship,9.047923,10.224509,-1
MEM-434-19,Congressman Mike Quigley (IL-05),Fall Intern,2019-09-09,2019,internship,8.098933,2.2042606,-1
MEM-433-19,Congressman Pete Stauber (MN-08),Fall 2019 Intern,2019-09-09,2019,internship,8.267906,-1.8281542,25
MEM-432-19,,Press Intern,2019-09-09,2019,internship,14.724848,19.219118,-1
MEM-431-19,,Legislative Intern,2019-09-09,2019,internship,13.141502,8.307119,4
MEM-430-19,,Fall 2019 Intern,2019-09-09,2019,internship,6.3655114,1.8191197,-1
MEM-355-21,Congressman Brad Sherman (CA-30),Fall Intern,2021-09-13,2021,internship,5.601829,0.9307432,-1
MEM-353-21,Congressman Steve Cohen (TN-09),Legal Fellow,2021-09-13,2021,internship,8.405878,10.209322,-1
MEM-236-20,,Digital Intern,2020-09-14,2020,internship,10.949434,21.317625,-1
MEM-443-19,,Law Student Intern,2019-09-16,2019,internship,9.079451,10.705575,3
MEM-441-19,Congressman Dan Newhouse (WA-04),Paid Intern (Fall 2019),2019-09-16,2019,internship,8.666756,3.7059824,-1
MEM-438-19,Congressman Mike Quigley (IL-05),Press Intern,2019-09-16,2019,internship,13.058841,19.064096,-1
MEM-468-22,Congressman Andrew Clyde (GA-09),Intern,2022-09-19,2022,internship,5.7731795,1.547537,-1
MEM-463-22,Congressman Rodney Davis (IL-13),Fall 2022 Intern,2022-09-12,2022,internship,10.3885355,7.9787087,-1
MEM-460-22,,Spring 2023 Legal Intern,2022-09-06,2022,internship,9.200367,10.808755,3
MEM-459-22,Congressman David N. Cicilline (RI-01),Legal Intern,2022-09-06,2022,internship,9.009546,10.421693,-1
MEM-377-21,,Legal Intern,2021-09-20,2021,internship,9.115838,10.715094,3
MEM-357-21,"House Foreign Affairs Subcommittee on the Western Hemisphere, Civilian Security, Migration and International Economic Policy",Legislative Intern,2021-09-20,2021,internship,-0.9957657,0.12927748,-1
MEM-459-19,Congresswoman Susie Lee (NV-03),Fall 2019 Intern,2019-09-23,2019,internship,8.603523,-2.0980392,25
MEM-455-19,Congresswoman Marcy Kaptur (OH-09),Legislative Fellow,2019-09-23,2019,internship,8.0901,10.124822,-1
MEM-454-19,Congressman Steve Cohen (TN-09),Paid Intern,2019-09-23,2019,internship,7.8212395,3.5916924,-1
MEM-453-19,,Spring Intern,2019-09-23,2019,internship,9.021709,10.216051,-1
MEM-452-19,,Communications Intern,2019-09-23,2019,internship,13.078714,18.504288,-1
MEM-449-19,Congressman Ron Estes (KS-04),Full-Time Intern (Fall 2019),2019-09-23,2019,internship,5.5820107,3.418648,-1
MEM-447-19,Congressman Anthony Gonzalez (OH-16),Full-Time Paid Intern,2019-09-23,2019,internship,6.3446965,0.7204104,-1
MEM-446-19,Congresswoman Linda Sánchez (CA-38),Spring Intern,2019-09-23,2019,internship,3.7268424,0.30961448,-1
MEM-475-22,Congressman Matt Rosendale (MT-At Large),Spring Intern,2022-09-26,2022,internship,8.4835615,2.5148582,-1
MEM-474-22,Congressman Ken Buck (CO-04),Intern,2022-09-26,2022,internship,6.268554,0.8450602,42
MEM-473-22,Congressman Barry Moore (AL-02),Spring 2023 Intern,2022-09-26,2022,internship,6.7489357,3.9155967,33
MEM-382-21,Congressman Ken Buck (CO-04),Fall 2021 Intern,2021-09-27,2021,internship,6.641484,2.0421653,42
MEM-381-21,,Full-Time Internship (Graduate Student),2021-09-27,2021,internship,9.296794,10.895827,3
MEM-380-21,Congressman Jeff Van Drew (NJ-02),Spring Intern,2021-09-27,2021,internship,5.9133368,-0.88438,38
MEM-468-19,,Communications Intern,2019-09-30,2019,internship,12.874847,18.1002,-1
MEM-465-19,,Full-Time Intern,2019-09-30,2019,internship,8.096065,8.27827,-1
MEM-463-19,Congressman Mark Walker (NC-06),Full-Time Fall Intern,2019-09-30,2019,internship,6.962042,1.3397969,-1
MEM-461-19,,Intern,2019-09-30,2019,internship,5.758605,12.752023,8
MEM-634-23,Congressman Steven Horsford (NV-04),Congressional Intern,2023-12-25,2023,internship,7.857612,2.7362733,-1
MEM-625-23,Congresswoman Stephanie Bice (OK-05),Spring 2024 Paid Intern,2023-12-18,2023,internship,8.065883,3.31915,-1
MEM-620-23,Congressman Troy E. Nehls (TX-22),Spring 2024 Intern,2023-12-11,2023,internship,5.4213386,3.8966856,-1
MEM-619-23,Congressman Troy Balderson (OH-12),Spring Intern,2023-12-11,2023,internship,6.584848,1.3950998,-1
MEM-618-23,Congressman Don Davis (NC-01),Paid Intern,2023-12-04,2023,internship,5.7019978,4.8259516,-1
MEM-617-23,Congressman Cory Mills (FL-07),Spring 2024 Intern,2023-12-04,2023,internship,6.520662,0.8374046,42
MEM-616-23,Congressman Dan Newhouse (WA-04),Paid Congressional Intern,2023-12-04,2023,internship,4.778909,4.7783556,-1
MEM-615-23,,Legislative Intern,2023-12-04,2023,internship,3.6172452,4.5693893,-1
MEM-559-23,Congressman Matt Cartwright (PA-08),Legislative Intern,2023-10-30,2023,internship,3.2059374,3.5447023,-1
MEM-021-15,,Spring 2015 Intern,2015-01-12,2015,internship,10.584801,8.21642,6
MEM-019-15,Congressman Alex X. Mooney (WV-2),Intern,2015-01-12,2015,internship,6.207105,0.28552017,-1
MEM-016-15,,Unpaid Intern,2015-01-12,2015,internship,8.971733,3.845097,-1
MEM-015-15,,Social Media Intern,2015-01-12,2015,internship,13.397234,18.663984,-1
MEM-014-15,,Tax Policy Fellow,2015-01-12,2015,internship,8.474366,10.080322,-1
MEM-013-15,Congressman Sam Farr (CA-20),Press Intern,2015-01-12,2015,internship,14.380143,19.49214,-1
MEM-012-15,Congresswoman Marcia L. Fudge (OH-11),Unpaid Intern,2015-01-12,2015,internship,6.419308,0.292484,-1
MEM-011-15,Congresswoman Candice S. Miller (MI-10),Legislative Intern,2015-01-12,2015,internship,8.925042,0.39280996,-1
MEM-008-15,,Congressional Intern,2015-01-12,2015,internship,13.187783,11.247287,11
MEM-006-15,Congresswoman Debbie Dingell (MI-12),Congressional Intern,2015-01-12,2015,internship,-1.5155044,2.6153648,-1
MEM-005-15,Representative Kevin Brady (TX-08),Paid Full-Time Intern,2015-01-05,2015,internship,4.840489,2.7045038,-1
MEM-004-15,,Press Intern,2015-01-05,2015,internship,13.657039,18.232927,-1
MEM-003-15,,Spring 2015 Intern,2015-01-05,2015,internship,8.50336,1.0011331,35
MEM-002-15,,Spring 2015 Intern,2015-01-05,2015,internship,8.478853,1.0463568,35
MEM-001-15,Congressman C.A. Dutch Ruppersberger (MD-02),Spring 2015 Intern,2015-01-05,2015,internship,4.310791,2.036181,-1
MEM-412-14,,Congressional Intern,2014-12-22,2014,internship,13.187957,11.247256,11
MEM-411-14,,Spring 2015 Intern,2014-12-22,2014,internship,8.887816,9.027141,-1
MEM-410-14,,Press Intern,2014-12-22,2014,internship,13.750865,19.115808,-1
MEM-408-14,Congresswoman Zoe Lofgren (CA-19),Intern,2014-12-22,2014,internship,5.8697176,2.7446754,-1
MEM-407-14,Congressman Rick Larsen (WA-02),Full-Time Intern,2014-12-15,2014,internship,9.999067,5.5457335,-1
MEM-405-14,,Washington Intern,2014-12-15,2014,internship,6.339071,2.8100336,-1
MEM-404-14,Congressman John Garamendi (CA-03),Intern,2014-12-15,2014,internship,6.941723,-3.6240687,37
MEM-403-14,Congresswoman Chellie Pingree (ME-01),Intern,2014-12-15,2014,internship,10.920174,10.16427,-1
MEM-402-14,Congressman Rick Larsen (WA-02),Full-Time Intern,2014-12-15,2014,internship,9.988204,5.549289,-1
MEM-399-14,Congressman Gene Green (TX-29),Full-Time Intern,2014-12-15,2014,internship,4.833803,2.6695838,-1
MEM-398-14,,Press Intern,2014-12-08,2014,internship,13.439236,19.086138,22
MEM-396-14,Congressman Mark Meadows (NC-11),Spring 2015 Intern,2014-12-08,2014,internship,5.3058515,2.1822283,-1
MEM-394-14,,Intern,2014-12-08,2014,internship,7.5806155,-0.29094684,-1
MEM-392-14,Congressman Jim Renacci (OH-16),Full Time Intern,2014-12-01,2014,internship,4.6322017,2.460023,32
MEM-022-24,,Legislative Fellow,2024-01-15,2024,internship,8.03464,10.118344,-1
MEM-017-24,Congressman Jeff Van Drew (NJ-02),Spring Intern,2024-01-15,2024,internship,5.8972173,-0.8922112,38
MEM-016-24,Representative Pramila Jayapal (WA-07),Summer 2024 Full-Time Paid Intern,2024-01-15,2024,internship,5.750655,3.899456,-1
MEM-015-24,Congresswoman Eleanor Holmes Norton (DC-00),District Intern,2024-01-15,2024,internship,8.100777,5.0752807,-1
MEM-006-24,Congressman Blaine Luetkemeyer (MO-03),Spring Intern,2024-01-08,2024,internship,8.176567,2.0754278,-1
MEM-016-17,,Intern,2017-01-16,2017,internship,5.6768994,4.841666,-1
MEM-015-17,Congressman Ralph Abraham (LA-05),Intern,2017-01-16,2017,internship,5.423087,1.5266229,40
MEM-014-17,Congresswoman Dina Titus (NV-1),Spring 2017 Intern,2017-01-16,2017,internship,9.0775795,-1.6699463,24
MEM-012-16,Congresswoman Debbie Dingell (MI-12),Congressional Intern,2016-01-18,2016,internship,-1.5277547,2.6199458,-1
MEM-011-17,Congressman Rob Wittman (VA-01),Unpaid Intern,2017-01-09,2017,internship,12.953507,0.86768836,17
MEM-008-17,Congressman Bill Posey (FL-08),Spring 2017 Intern,2017-01-09,2017,internship,7.922636,-0.5229561,43
MEM-005-17,,Intern (Spring and Summer 2017),2017-01-09,2017,internship,4.8493223,4.00254,-1
MEM-004-17,Congressman Ben Ray Luján (NM-03),Press Intern,2017-01-09,2017,internship,5.3869667,-1.7773193,26
MEM-003-17,Congressman Ben Ray Luján (NM-03),Intern,2017-01-09,2017,internship,5.401144,-1.7629545,26
MEM-002-17,,Press Intern,2017-01-09,2017,internship,13.552512,18.36368,-1
MEM-001-17,,Intern,2017-01-09,2017,internship,13.13848,8.305072,4
MEM-422-16,Congresswoman Lois Frankel (FL-21),Spring Intern,2016-12-26,2016,internship,4.633477,8.186847,18
MEM-417-16,Congresswoman Debbie Dingell (MI-12),Congressional Intern,2016-12-19,2016,internship,-1.5164465,2.6157625,-1
MEM-416-16,Congressman Mark Sanford (SC-01),Spring Intern,2016-12-19,2016,internship,6.0342617,0.72371143,-1
MEM-415-16,Congressman Luis V. Gutiérrez (IL-04),Intern,2016-12-19,2016,internship,8.283881,1.2455748,35
MEM-411-16,Congressman Paul Tonko (NY-20),Spring Intern,2016-12-19,2016,internship,3.148545,7.3086166,-1
MEM-410-16,Congressman Raul Ruiz (CA-36),Scheduling Intern,2016-12-19,2016,internship,5.375282,1.7621472,-1
MEM-022-18,Congressman John Sarbanes (MD-03),Spring 2018 Intern,2018-01-16,2018,internship,5.878427,5.453729,13
MEM-021-18,Congressman Walker (NC-06),Intern,2018-01-16,2018,internship,7.5558157,0.9555651,-1
MEM-020-18,,"Law Student, Graduate Student, and Undergraduate Student Intern",2018-01-16,2018,internship,8.949903,9.283685,-1
MEM-017-18,,Press Intern,2018-01-16,2018,internship,13.563353,18.35514,-1
MEM-015-18,,Spring Intern,2018-01-16,2018,internship,9.289829,4.277548,-1
MEM-012-18,Congresswoman Martha McSally (AZ-02),Spring Intern,2018-01-08,2018,internship,8.005361,1.7196177,-1
MEM-011-18,,Spring Congressional Intern,2018-01-08,2018,internship,5.3251452,2.001898,-1
MEM-010-18,Congressman Michael E. Capuano (MA-07),Intern,2018-01-08,2018,internship,4.6571527,7.1338134,37
MEM-009-18,Congressman Chris Smith (NJ-04),Spring Intern,2018-01-08,2018,internship,6.158568,1.2328063,-1
MEM-007-18,Congressman Erik Paulsen (MN-03),Unpaid Intern,2018-01-08,2018,internship,6.7485085,4.559896,-1
MEM-006-18,Congresswoman Susan Davis (CA-53),Intern,2018-01-08,2018,internship,2.1568825,8.095785,-1
MEM-004-18,Congressman Ben Ray Luján (NM-03),Intern,2018-01-03,2018,internship,5.394564,-1.7721797,26
MEM-002-18,,Congressional Intern,2018-01-03,2018,internship,-1.5160103,2.6155524,-1
MEM-513-17,Congresswoman Eleanor Holmes Norton (DC-00),Spring Intern,2017-12-27,2017,internship,6.6423526,3.4705591,-1
MEM-510-17,Congressman Jason Smith (MO-08),Spring Intern,2017-12-27,2017,internship,5.257054,-0.41543293,35
MEM-506-17,Congressman John Garamendi (CA-03),Intern,2017-12-18,2017,internship,6.965664,-3.6502628,37
MEM-034-23,,"Press, Digital, or Operations Intern",2023-01-17,2023,internship,12.099281,19.744816,-1
MEM-027-23,Congressman Greg Murphy (NC-03),Spring 2023 Intern,2023-01-17,2023,internship,-0.01650168,9.088188,-1
MEM-025-23,Congressman Brian Mast (FL-21),Part-Time Spring 2023 Intern,2023-01-17,2023,internship,8.663936,-0.5121983,-1
MEM-023-23,Congresswoman Laurel Lee (FL-15),Spring 2023 Intern,2023-01-17,2023,internship,8.530846,-0.48749,-1
MEM-022-23,Congresswoman Valerie Foushee (NC-4),District Intern,2023-01-17,2023,internship,8.103113,5.0662313,-1
MEM-008-23,Congressman Pat Fallon (TX-04),Full-Time Intern,2023-01-09,2023,internship,5.3472157,3.8773875,-1
MEM-597-22,,Legislative Fellow,2022-12-19,2022,internship,8.004629,10.104134,-1
MEM-028-16,Congressman Don Beyer (VA-08),Part-Time Intern,2016-01-18,2016,internship,5.086973,5.3435216,-1
MEM-026-16,,Spring Semester Intern,2016-01-18,2016,internship,5.8829904,-0.0125992885,-1
MEM-025-16,Congressman Jim Renacci (OH-16),Full Time Intern,2016-01-18,2016,internship,4.5570354,2.4022892,32
MEM-024-16,Congressman Robert A. Brady (PA-01),Spring Semester Intern,2016-01-18,2016,internship,3.1235454,2.4335318,-1
MEM-023-16,Congresswoman Jackie Walorski (IN-02),Communications Intern,2016-01-18,2016,internship,-6.913254,5.621775,10
MEM-022-16,Congresswoman Jackie Walorski (IN-02),Communications Intern,2016-01-18,2016,internship,-6.913356,5.621696,10
MEM-017-16,Congressman Ben Ray Luján (NM-03),Intern,2016-01-18,2016,internship,5.399651,-1.7672036,26
MEM-014-16,Congressman Ralph Abraham (LA-05),Intern,2016-01-18,2016,internship,5.397648,1.5683824,40
MEM-013-16,,Intern,2016-01-18,2016,internship,9.967099,8.284326,-1
MEM-011-16,,Intern (Winter 2016 Semester),2016-01-18,2016,internship,8.65865,1.437207,35
MEM-010-16,Congresswoman Marcia L. Fudge (OH-11),Press Intern,2016-01-18,2016,internship,13.674169,18.245358,-1
MEM-009-16,Congresswoman Marcia L. Fudge (OH-11),Unpaid Intern,2016-01-18,2016,internship,6.443294,0.26585364,-1
MEM-008-16,,Paid Full-Time Intern,2016-01-18,2016,internship,5.6884594,4.8551598,-1
MEM-007-16,,Summer 2016 Intern,2016-01-18,2016,internship,10.728914,8.450545,6
MEM-006-16,,Part-Time Press Intern,2016-01-18,2016,internship,13.680478,19.161537,-1
MEM-005-16,,Congressional Intern,2016-01-18,2016,internship,7.939653,1.6694443,-1
MEM-004-16,,Winter/Spring Intern,2016-01-18,2016,internship,5.3733735,1.6701938,40
MEM-003-16,,Spring 2016 Intern,2016-01-18,2016,internship,8.320126,1.3365866,35
MEM-002-16,,Legislative Intern,2016-01-18,2016,internship,-3.7552018,-0.49711505,30
MEM-001-16,,Press Intern,2016-01-18,2016,internship,-10.53364,13.256139,-1
MEM-450-15,,Intern,2016-01-04,2016,internship,3.680139,14.764154,-1
MEM-447-15,Congresswoman Doris Matsui (CA-06),Spring Intern,2016-01-04,2016,internship,5.516566,1.525724,40
MEM-446-15,,Press Intern,2016-01-04,2016,internship,13.444963,19.431433,-1
MEM-442-15,,Spring 2016 Intern,2015-12-14,2015,internship,9.175591,2.307888,-1
MEM-441-15,Congressman Mark Sanford (SC-01),Intern,2015-12-14,2015,internship,6.001289,0.79567933,-1
MEM-439-15,,Press Intern,2015-12-14,2015,internship,13.353185,19.51375,-1
MEM-437-15,Congressman Stephen Fincher (TN-08),Spring 2016 Intern,2015-12-14,2015,internship,6.376767,0.25988418,-1
MEM-436-15,Congressman Ed Perlmutter (CO-07),Congressional Intern,2015-12-14,2015,internship,6.539184,2.8280973,-1
MEM-435-15,,Press Intern,2015-12-14,2015,internship,12.507931,19.466393,-1
MEM-434-15,Congressman Jim Costa (CA-16),Intern,2015-12-14,2015,internship,8.462209,2.0091875,-1
MEM-433-15,,Spring 2016 Intern,2015-12-14,2015,internship,5.4606276,-0.019872533,-1
MEM-432-15,,Legislative Intern,2015-12-07,2015,internship,-3.748632,-0.5042463,30
MEM-431-15,,Press Intern,2015-12-07,2015,internship,-10.533642,13.256141,-1
MEM-428-15,Congresswoman Tulsi Gabbard (HI-02),Press Intern,2015-12-07,2015,internship,10.979224,10.227167,-1
MEM-427-15,Congressman Jim Renacci (OH-16),Intern,2015-12-07,2015,internship,4.4179587,2.411305,32
MEM-426-15,,Intern,2015-12-07,2015,internship,3.6798415,14.764603,-1
MEM-425-15,Congresswoman Ann McLane Kuster (NH-02),Intern,2015-12-07,2015,internship,5.0599966,1.4926811,27
MEM-424-15,,Legislative Intern,2015-12-07,2015,internship,8.574183,0.8589224,35
MEM-423-15,,Communications Intern,2015-12-07,2015,internship,12.955423,18.38717,-1
MEM-416-15,Congresswoman Lois Frankel (FL-22),Spring Intern,2015-11-30,2015,internship,4.619972,8.172474,18
MEM-415-15,Congressman Sam Graves (MO-06),Spring 2016 Intern,2015-11-30,2015,internship,7.406738,0.31286958,39
MEM-414-15,Congresswoman Jackie Walorski (IN-02),Communications Intern,2015-11-30,2015,internship,12.896012,18.464853,10
MEM-413-15,Congresswoman Jackie Walorski (IN-02),Spring 2016 Intern,2015-11-30,2015,internship,4.2472587,-0.19533958,44
MEM-412-15,,Spring Intern,2015-11-30,2015,internship,9.732267,8.041592,-1
MEM-411-15,,Spring 2016 Intern,2015-11-23,2015,internship,7.2097054,2.3030767,-1
MEM-410-15,Congressman Gus Bilirakis (FL-12),Spring Intern,2015-11-23,2015,internship,7.223961,4.2501388,-1
MEM-409-15,Congressman Vern Buchanan (FL-16),Spring Intern,2015-11-23,2015,internship,6.077456,0.693353,-1
MEM-408-15,Congressman Raul Ruiz (CA-36),Spring 2016 Congressional Intern,2015-11-23,2015,internship,8.07561,2.7996333,-1
MEM-407-15,Congressman Tom McClintock (CA-04),Winter/Spring Intern,2015-11-23,2015,internship,10.334579,1.0575562,36
MEM-406-15,Congresswoman Susan W. Brooks (IN-05),Spring Intern,2015-11-23,2015,internship,6.5727067,2.2767591,-1
MEM-405-15,Congressman Steve Scalise (LA-01),Intern,2015-11-23,2015,internship,7.3742423,-1.124987,-1
MEM-404-15,Congresswoman Lucille Roybal-Allard (CA-40),Winter/Spring Intern,2015-11-23,2015,internship,5.375624,1.6738774,40
MEM-403-15,Congressman Ruben Gallego (AZ-07),Spring 2016 Intern,2015-11-23,2015,internship,7.346022,0.34545535,39
MEM-029-15,,Full-Time Intern,2015-01-19,2015,internship,4.5736194,2.407178,32
MEM-028-15,,Summer 2015 Intern,2015-01-19,2015,internship,10.723716,8.440743,6
MEM-027-15,,Intern,2015-01-19,2015,internship,9.008968,3.8584843,-1
MEM-026-15,Congresswoman Tulsi Gabbard (HI-02),Press Intern,2015-01-19,2015,internship,10.960924,10.211731,-1
MEM-024-15,Representative Stephen Fincher (TN-08),Spring Internship,2015-01-19,2015,internship,6.370178,0.23497698,-1
MEM-409-16,Congressman Don Beyer (VA-08),Intern,2016-12-19,2016,internship,6.7801595,4.936241,-1
MEM-408-16,,Temporary Paid Intern,2016-12-19,2016,internship,3.2905927,-1.2770574,-1
MEM-407-16,Congresswoman Ann McLane Kuster (NH-02),Intern,2016-12-12,2016,internship,5.040684,1.5249157,27
MEM-405-16,Congressman Castro (TX-20),Press Intern,2016-12-12,2016,internship,13.477062,18.452211,-1
MEM-404-16,Congressman Castro (TX-20),Spring 2017 Intern,2016-12-12,2016,internship,5.6832757,1.832899,-1
MEM-403-16,Congressman Denny Heck (WA-10),Spring 2017 Intern,2016-12-12,2016,internship,5.872305,1.0918162,40
MEM-401-16,,Spring 2017 Intern,2016-12-12,2016,internship,8.31715,1.3264208,35
MEM-399-16,,Spring Intern,2016-12-12,2016,internship,9.746649,7.707869,5
MEM-398-16,,Spring Semester Intern,2016-12-12,2016,internship,7.0434847,0.19438945,-1
MEM-397-16,,Press Intern,2016-12-05,2016,internship,13.738949,18.94455,-1
MEM-396-16,Congressman Ruben Gallego (AZ-07),Spring 2017 Intern,2016-12-05,2016,internship,7.2776923,0.33767927,39
MEM-394-16,,Spring 2017 Intern,2016-12-05,2016,internship,10.38633,8.854152,-1
MEM-393-16,Congressman Patrick Meehan (PA-07),Spring 2017 Intern,2016-12-05,2016,internship,4.804388,4.032406,-1
MEM-391-16,,Legislative Intern,2016-12-05,2016,internship,-3.7566087,-0.49661413,30
MEM-388-16,,Press Intern,2016-12-05,2016,internship,14.01144,19.645142,-1
MEM-387-16,Congressman Alcee L. Hastings (FL-20),Spring 2017 Intern,2016-12-05,2016,internship,3.4811125,5.043015,16
MEM-385-16,Congressman Brian Higgins (NY-26),Spring 2017 Intern,2016-12-05,2016,internship,7.639168,2.1429174,-1
MEM-384-16,,Intern,2016-12-05,2016,internship,6.857047,-3.3888843,-1
MEM-379-16,,"Intern, Winter/Spring 2017",2016-12-05,2016,internship,9.974467,8.312845,-1
MEM-345-16,Congresswoman Doris Matsui (CA-06),Spring 2017 Intern,2016-11-07,2016,internship,5.4706655,1.6356912,40
MEM-031-24,,Press Intern,2024-01-22,2024,internship,9.85541,9.236847,-1
MEM-017-17,Congresswoman Lucille Roybal-Allard (CA-40),Winter-Spring Intern,2017-01-23,2017,internship,5.390563,1.6695702,40
MEM-012-17,Congressman Ted Budd (NC-13),Spring 2017 Intern,2017-01-23,2017,internship,5.438956,1.596156,-1
MEM-0122-17,,Summer 2017 Intern,2017-01-23,2017,internship,10.757765,8.49452,6
MEM-033-18,Congresswoman Nanette Diaz Barragán (CA-44),Intern,2018-01-23,2018,internship,8.592266,2.0755029,-1
MEM-030-18,Congresswoman Kathy Castor (FL-14),Full-Time/Part-Time Intern (Spring 2018),2018-01-23,2018,internship,7.6908245,-0.4980865,40
MEM-029-18,Congressman Jimmy Gomez (CA-34),Intern,2018-01-23,2018,internship,7.095206,-2.1702847,-1
MEM-028-18,Congressman Rob Wittman (VA-01),Summer Intern,2018-01-23,2018,internship,12.953465,0.86883694,17
MEM-027-18,Congressman Charlie Crist (FL-13),Part-Time Intern,2018-01-23,2018,internship,8.958532,-0.97605896,24
MEM-026-18,,Spring 2018 Intern,2018-01-23,2018,internship,9.186471,2.2992244,-1
MEM-024-18,Congressman Diane Black (TN-06),Intern,2018-01-23,2018,internship,6.324033,0.19775684,-1
MEM-044-23,Congresswoman Sydney Kamlager-Dove (CA-37),Paid Full Time Spring Press Intern,2023-01-23,2023,internship,13.638355,19.29304,-1
MEM-039-23,Congressman Dan Goldman (NY-10),Press Intern,2023-01-23,2023,internship,13.309911,18.979992,-1
MEM-036-23,Congressman Glenn Ivey (MD-04),District Intern,2023-01-23,2023,internship,4.316634,3.3597088,-1
MEM-035-23,Congressman Glenn Ivey (MD-04),Intern,2023-01-23,2023,internship,4.243147,3.3725772,-1
MEM-036-15,Congressman Frank Pallone (NJ-06),Intern,2015-01-26,2015,internship,4.8596883,1.607001,-1
MEM-035-18,Congressman Doug LaMalfa (CA-01),Full-Time Intern,2018-01-29,2018,internship,6.759414,-3.5388873,-1
MEM-034-18,Congressman Peter DeFazio (OR-04),Spring 2018 Intern,2018-01-29,2018,internship,7.2654247,1.5643431,37
MEM-038-24,Congresswoman Lisa Blunt Rochester (DE-At Large),Summer Intern,2024-01-29,2024,internship,6.37643,3.1026669,41
MEM-037-24,Congresswoman Summer Lee (PA-12),Congressional Intern,2024-01-29,2024,internship,7.533176,2.2262886,-1
MEM-036-24,Congressman French Hill (AR-02),Intern,2024-01-29,2024,internship,8.190367,0.8235194,35
MEM-035-24,,Intern,2024-01-29,2024,internship,6.4474363,2.7809126,-1
MEM-034-24,,Summer 2024 Legal Internship,2024-01-29,2024,internship,9.235256,10.858483,3
MEM-005-18,,Temporary Paid Intern,2018-01-03,2018,internship,3.290222,-1.2771543,-1
MEM-504-17,Congressman Juan Vargas (CA-51),Intern,2017-12-18,2017,internship,3.284525,-1.2827914,-1
MEM-503-17,Congressman Ed Perlmutter (CO-07),Intern,2017-12-18,2017,internship,7.8245316,1.4755185,-1
MEM-502-17,Congressman Al Lawson (FL-05),Intern,2017-12-18,2017,internship,5.554141,1.3521097,-1
MEM-501-17,Congresswoman Nydia Velázquez (NY-07),Intern,2017-12-18,2017,internship,4.0996747,3.5054743,-1
MEM-500-17,,Paid Intern,2017-12-18,2017,internship,10.758204,-0.466104,-1
MEM-499-17,Congressman Steve Womack (AR-03),Intern,2017-12-18,2017,internship,7.5464444,0.9502007,-1
MEM-498-17,Congressman Jeb Hensarling (TX-05),Intern,2017-12-18,2017,internship,6.1605043,-0.23415321,-1
MEM-497-17,,Intern,2017-12-18,2017,internship,10.832654,2.1704392,-1
MEM-496-17,Congressman Jimmy Gomez (CA-34),Intern,2017-12-18,2017,internship,7.0953884,-2.170786,-1
MEM-493-17,,Congressional Intern,2017-12-18,2017,internship,1.7670721,7.6472764,11
MEM-492-17,Congressman Keith Rothfus (PA-12),Intern,2017-12-18,2017,internship,3.8326976,2.7007375,32
MEM-491-17,Congressman José E. Serrano (NY-15),"Intern, Winter/Spring",2017-12-18,2017,internship,5.6124053,2.4329531,-1
MEM-488-17,,Spring Intern,2017-12-11,2017,internship,5.446311,0.049937338,-1
MEM-487-17,Congressman Brad Wenstrup (OH-02),Intern,2017-12-11,2017,internship,6.811184,0.35052827,43
MEM-486-17,,Intern,2017-12-11,2017,internship,4.3945694,1.6793431,-1
MEM-484-17,Congressman Patrick McHenry (NC-10),Intern,2017-12-11,2017,internship,5.679315,4.853225,-1
MEM-482-17,Congressman Donald Norcross (NJ-01),Spring 2018 Intern,2017-12-11,2017,internship,6.997688,1.3611819,-1
MEM-480-17,,Intern,2017-12-11,2017,internship,8.650851,1.4377166,35
MEM-477-17,Congressman Joe Barton (TX-06),Spring 2018 Intern,2017-12-11,2017,internship,6.8084683,0.69205844,-1
MEM-025-17,Congresswoman Martha McSally (AZ-02),Full-Time Intern,2017-01-30,2017,internship,8.508603,2.0358922,-1
MEM-024-17,,Winter/Spring Intern,2017-01-30,2017,internship,3.2872374,-1.2812847,-1
MEM-023-17,,Press Intern,2017-01-30,2017,internship,13.543734,18.43667,-1
MEM-021-17,Congressman Dan Newhouse (WA-04),Intern,2017-01-30,2017,internship,6.4268794,2.7688866,41
MEM-059-23,Congressman Doug LaMalfa (CA-01),Paid Summer 2023 Intern,2023-01-30,2023,internship,5.5637846,5.183798,13
MEM-057-23,"Congressman Emanuel Cleaver, II (MO-05)",Paid Summer Intern,2023-01-30,2023,internship,4.0648212,1.7123173,-1
MEM-054-23,Congresswoman Kay Granger (TX-12),Summer Intern (Paid),2023-01-30,2023,internship,4.75604,4.8124475,-1
MEM-053-23,Congressman Robert Garcia (CA-42),Paid Part-Time Press Intern (Spring 2023),2023-01-30,2023,internship,13.742588,19.24008,-1
MEM-049-23,,Digital Intern,2023-01-30,2023,internship,11.165456,21.094606,15
MEM-047-23,Congressman Eric Sorensen (IL-17),Press Intern,2023-01-30,2023,internship,3.9180357,3.946807,-1
MEM-046-23,Congressman Eric Sorensen (IL-17),Paid Intern,2023-01-30,2023,internship,4.2226186,3.43384,-1
MEM-443-15,Congressman Rick Larsen (WA-02),Full-Time Intern,2016-01-04,2016,internship,9.9918165,5.5517197,-1
MEM-422-15,Congresswoman Candice S. Miller (MI-10),Legislative Intern,2015-12-07,2015,internship,8.920844,0.39681378,-1
MEM-421-15,Congressman Charles Rangel (NY-13),Spring Intern,2015-12-07,2015,internship,5.27543,1.0609187,-1
MEM-420-15,Congresswoman Doris Matsui (CA-06),Intern,2015-12-07,2015,internship,5.4560966,1.5219908,40
MEM-399-15,Congressman Scott Rigell (VA-02),Spring 2016 Intern,2015-11-16,2015,internship,8.918545,4.8164344,-1
MEM-396-15,Congressman Sam Farr (CA),Legislative Intern,2015-11-16,2015,internship,3.8414943,5.557376,-1
MEM-395-15,Congressman Lloyd Doggett (TX),Intern,2015-11-16,2015,internship,6.580091,4.675725,-1
MEM-394-15,Congressman Tom Graves (GA-14),Intern,2015-11-16,2015,internship,7.3349276,1.0807223,-1
MEM-393-15,Congressman David N. Cicilline (RI-01),Spring 2016 Intern,2015-11-16,2015,internship,7.384446,0.29730082,39
MEM-392-15,Congressman Luis V. Gutiérrez (IL-04),Spring 2016 Intern,2015-11-16,2015,internship,5.4264207,1.7276942,40
MEM-391-15,,Spring 2016 Intern,2015-11-16,2015,internship,8.962906,8.746742,-1
MEM-390-15,Congressman Michael Capuano (MA),Full-Time Intern,2015-11-16,2015,internship,8.867858,1.8342421,-1
MEM-389-15,Congressman Dan Donovan (NY-11),Spring Intern,2015-11-16,2015,internship,6.842485,1.1144006,-1
MEM-388-15,,Intern,2015-11-09,2015,internship,11.186947,8.422949,6
MEM-387-15,,Spring 2016 Intern,2015-11-09,2015,internship,7.3780627,0.3154696,39
MEM-385-15,Congressman Ted W. Lieu (CA-33),Intern,2015-11-09,2015,internship,5.263745,3.4862304,-1
MEM-384-15,Congressman Dave Loebsack (IA-02),Spring Intern,2015-11-09,2015,internship,3.9219236,1.2815336,-1
MEM-378-15,,Legislative Intern,2015-11-09,2015,internship,7.9151516,1.0623299,-1
MEM-376-15,Congresswoman Corrine Brown (FL-05),Intern,2015-11-09,2015,internship,7.2625284,3.273151,-1
MEM-374-15,Congresswoman Eleanor Holmes Norton (DC),Spring 2016 Intern,2015-11-09,2015,internship,11.036806,2.090434,29
MEM-373-15,Representative Buddy Carter (GA-01),Fall Intern,2015-11-09,2015,internship,7.1945653,1.195603,-1
MEM-371-15,,Spring 2016 Intern,2015-11-09,2015,internship,8.794215,9.433745,-1
MEM-370-15,,Congressional Intern,2015-11-09,2015,internship,8.018394,1.6716735,-1
MEM-369-15,Congresswoman Suzan DelBene (WA-01),Intern,2015-11-09,2015,internship,7.6398673,1.8255568,34
MEM-366-15,Congressman Rich Nugent (FL-11),Intern,2015-11-09,2015,internship,8.033004,-0.60709006,-1
MEM-365-15,Congressman Marlin Stutzman (IN-03),Spring 2016 Intern,2015-11-09,2015,internship,7.329663,0.3418551,-1
MEM-363-15,Congresswoman Maxine Waters (CA-43),Winter/Spring Intern,2015-11-09,2015,internship,6.961796,7.4144278,-1
MEM-362-15,,Intern,2015-11-09,2015,internship,10.207561,1.2728977,-1
MEM-360-15,Congressman Dave Reichert (WA-08),Intern,2015-11-09,2015,internship,7.5085216,1.1216855,-1
MEM-358-15,Congressman Paul Cook (CA-08),Intern,2015-11-09,2015,internship,5.4328647,-0.018912558,-1
MEM-357-15,Congresswoman Candice S. Miller (MI-10),Legislative Intern,2015-11-09,2015,internship,8.914628,0.40246502,-1
MEM-391-14,Congresswoman Frederica S. Wilson (FL-24),Spring 2015 Intern,2014-12-01,2014,internship,4.751345,8.166761,-1
MEM-388-14,,"Intern, Winter/Spring 2015",2014-11-24,2014,internship,8.869953,1.7990142,-1
MEM-387-14,,Full-Time Intern,2014-11-24,2014,internship,9.730453,8.005937,-1
MEM-386-14,Congresswoman Lucille Roybal-Allard (CA-34),Intern,2014-11-24,2014,internship,5.3853164,1.6563419,40
MEM-385-14,Congresswoman Diana DeGette (CO-01),Intern,2014-11-24,2014,internship,4.248223,2.1819754,32
MEM-384-14,Congresswoman Diana DeGette (CO-01),Intern,2014-11-24,2014,internship,4.2503977,2.1901746,32
MEM-383-14,Congressman Benishek (MI-01),Unpaid Intern,2014-11-24,2014,internship,-0.33914497,2.1143584,7
MEM-382-14,Congresswoman Eleanor Holmes Norton (D-DC),Spring 2015 Intern,2014-11-17,2014,internship,11.011269,2.1164443,29
MEM-381-14,Congressman Gregory W. Meeks (NY-05),Legislative Intern,2014-11-17,2014,internship,-3.7022681,-0.5136461,-1
MEM-380-14,Congresswoman Eleanor Holmes Norton (DC-00),Press and Social Media Intern,2014-11-17,2014,internship,14.382673,19.488905,-1
MEM-379-14,Congressman Derek Kilmer (WA-06),Intern,2014-11-17,2014,internship,0.19572894,18.091253,-1
MEM-377-14,,Spring 2015 Intern,2014-11-17,2014,internship,8.486314,1.0435601,35
MEM-376-14,Congressman Bill Johnson (OH-06),Spring Internship,2014-11-17,2014,internship,6.7901073,0.3812215,43
MEM-007-17,Congressman Albio Sires (NJ-08),Intern,2017-01-09,2017,internship,6.318146,1.8225918,-1
MEM-010-23,Speaker Emerita Nancy Pelosi (CA-11),Press Intern/Fellow,2023-01-09,2023,internship,13.234911,19.411512,-1
MEM-003-23,Congressman Ami Bera (CA-06),Spring Intern,2023-01-09,2023,internship,6.7370505,1.6574893,-1
MEM-594-22,Congressman Jeff Van Drew (NJ-02),Spring Intern,2022-12-12,2022,internship,5.884471,-0.92303157,38
MEM-593-22,Congressman Bill Johnson (OH-06),Spring 2023 Intern,2022-12-12,2022,internship,6.7196965,0.9316815,42
MEM-592-22,Congresswoman Susie Lee (NV-03),Spring Press Intern,2022-12-12,2022,internship,13.5256815,19.30366,22
MEM-351-18,Congresswoman Linda Sánchez (CA-38),"Full-Time Intern, Spring 2019",2018-10-01,2018,internship,3.709781,0.28915602,-1
MEM-350-18,Congresswoman Yvette D. Clarke (NY-09),Press Intern,2018-10-01,2018,internship,13.486226,19.36408,-1
MEM-349-18,Congressman Rob Wittman (VA-01),Spring 2019 Intern,2018-10-01,2018,internship,12.965209,0.85561883,17
MEM-348-18,Congressman Paul Cook (CA-08),Intern,2018-10-01,2018,internship,9.960642,3.0380094,-1
MEM-347-18,,"Full-Time Intern, Spring 2019",2018-10-01,2018,internship,9.676327,7.904672,-1
MEM-346-18,Congressman Jeff Fortenberry (NE-01),Capitol Hill Intern,2018-10-01,2018,internship,5.1692653,-0.52021736,-1
MEM-344-18,Congressman Michael Cloud (TX-27),Intern,2018-09-24,2018,internship,6.5616775,-0.06268916,37
MEM-343-18,Congressman Devin Nunes (CA-22),Paid Intern,2018-09-24,2018,internship,6.9438796,-3.107472,-1
MEM-342-18,,Social Media Fellow,2018-09-24,2018,internship,11.95851,18.442026,-1
MEM-341-18,,Press Intern,2018-09-24,2018,internship,13.889256,19.192493,-1
MEM-338-18,,Intern,2018-09-24,2018,internship,1.5472353,2.3877263,-1
MEM-334-18,Congressman Denny Heck (WA-10),Fall 2018 Intern,2018-09-17,2018,internship,5.9151583,1.161548,40
MEM-332-18,Congressman Steve Womack (AR-03),Intern,2018-09-11,2018,internship,7.497288,0.92615795,-1
MEM-331-18,,Intern,2018-09-11,2018,internship,5.159898,2.0937455,-1
MEM-329-18,Congressman Jared Huffman (CA-02),Communications/Digital Media Fellow,2018-09-11,2018,internship,13.084331,19.995695,-1
MEM-327-18,Congressman Glenn Grothman (WI-06),Fall 2018 Intern,2018-09-11,2018,internship,4.513463,0.35420755,44
MEM-326-18,Congressman Juan Vargas (CA-51),Intern,2018-09-11,2018,internship,3.2846236,-1.2829633,-1
MEM-325-18,Congressman John Sarbanes (MD-03),Legislative Intern,2018-09-11,2018,internship,2.0534928,7.25136,-1
MEM-324-18,Congressman Charlie Crist (FL-13),Intern,2018-09-04,2018,internship,9.194422,-0.81773806,24
MEM-323-18,,Press and Digital Media Fellow,2018-09-04,2018,internship,12.993244,20.030134,-1
MEM-322-18,Congressman Michael Cloud (TX-27),Press Intern,2018-09-04,2018,internship,13.192016,19.670021,-1
MEM-321-18,Congressman Dave Reichert (WA-08),Intern,2018-09-04,2018,internship,8.898865,2.1950219,-1
MEM-320-18,,Fall Intern,2018-09-04,2018,internship,5.420854,0.038024534,-1
MEM-318-18,Congressman Jerrold Nadler (NY-10),Fall Intern,2018-09-04,2018,internship,6.7880545,4.4780436,-1
MEM-317-18,Congressman Joe Wilson (SC-02),Fall 2018 Intern,2018-09-04,2018,internship,5.737577,1.4383348,40
MEM-315-18,Congressman Ron Estes (KS-04),Fall Intern,2018-08-27,2018,internship,6.3565836,2.8150544,41
MEM-314-18,,Congressional Intern (Fall 2018),2018-08-27,2018,internship,7.8686104,2.8708804,-1
MEM-312-18,Congressman Bill Posey (FL-08),Intern,2018-08-27,2018,internship,7.8953485,-0.47309676,43
MEM-298-18,,Fall 2018 Intern,2018-08-27,2018,internship,21.123362,7.701403,0
MEM-294-18,Congressman Keith Rothfus (PA-12),Intern,2018-08-27,2018,internship,5.2355304,-0.44293126,35
MEM-291-18,Congressman Jimmy Gomez (CA-34),Intern,2018-08-21,2018,internship,7.096533,-2.1662235,-1
MEM-290-18,Congressman Matt Gaetz (FL-01),Spring Intern,2018-08-21,2018,internship,6.2789273,2.6245787,41
MEM-289-18,,Intern,2018-08-21,2018,internship,3.2843518,-1.2837582,-1
MEM-287-18,,Fall Semester Intern,2018-08-21,2018,internship,7.178713,1.0334305,-1
MEM-283-18,Congressman Mark DeSaulnier (CA-11),Press/Digital Intern,2018-08-21,2018,internship,12.599148,19.642529,-1
MEM-280-18,Congressman Michael Cloud (TX-27),Intern,2018-08-21,2018,internship,6.581774,-0.13237017,37
MEM-279-18,,Intern And Fellow,2018-08-21,2018,internship,8.985875,1.8160264,-1
MEM-278-18,Congressman John K. Delaney (MD-06),Congressional Intern,2018-08-21,2018,internship,1.7603074,7.6467586,11
MEM-277-18,Congresswoman Terri A. Sewell (AL-07),Digital And Press Intern,2018-08-21,2018,internship,12.374623,19.405397,-1
MEM-276-18,Congressman Erik Paulsen (MN-03),Unpaid Intern,2018-08-21,2018,internship,6.7499957,4.5631795,-1
MEM-274-18,Congressman Bill Huizenga (MI-02),Fall 2018 Intern,2018-08-13,2018,internship,6.566148,1.3101009,-1
MEM-272-18,Congresswoman Debbie Dingell (MI-12),Congressional Intern,2018-08-13,2018,internship,-1.5161614,2.6158576,-1
MEM-269-18,Congresswoman Suzan DelBene (WA-01),Fall Intern,2018-08-13,2018,internship,7.5548825,1.790053,34
MEM-268-18,Congressman Rod Blum (IA-01),Fall 2018 Intern,2018-08-13,2018,internship,7.023838,1.6556442,-1
MEM-267-18,Congressman Eliot L. Engel (NY-16),Intern,2018-08-13,2018,internship,7.2204056,3.4962142,-1
MEM-266-18,Congresswoman Doris Matsui (CA-06),Fall 2018 Intern,2018-08-13,2018,internship,5.693235,1.4617056,40
MEM-265-18,Congressman Ralph Norman (SC-5),Intern,2018-08-13,2018,internship,6.525528,0.0066676512,37
MEM-262-18,Congressman Glenn Grothman (WI-06),Fall 2018 Intern,2018-08-06,2018,internship,4.5081563,0.35873696,44
MEM-261-18,Congressman Charlie Crist (FL-13),Intern,2018-08-06,2018,internship,9.087489,-0.93167543,24
MEM-259-18,,Legislative Intern,2018-08-06,2018,internship,9.005556,8.806591,28
MEM-258-18,Congressman Dave Reichert (WA-08),Intern,2018-08-06,2018,internship,8.879365,2.2323976,-1
MEM-256-18,Congressman Chris Smith (NJ-04),Fall 2018 Intern,2018-08-06,2018,internship,5.9665318,1.3078924,-1
MEM-255-18,Congressman Dave Loebsack (IA-02),Fall Intern,2018-08-06,2018,internship,6.869952,2.738517,-1
MEM-254-18,,Intern,2018-08-06,2018,internship,6.364513,1.9056598,-1
MEM-253-18,Congressman Robert A. Brady (PA-01),Fall 2018 Intern,2018-08-06,2018,internship,3.1269083,2.4367628,-1
MEM-252-18,Congressman Sander Levin (MI-09),Fall Intern,2018-08-06,2018,internship,6.5820284,0.46220025,-1
MEM-251-18,Congressman Ralph Abraham (LA-05),Intern,2018-08-06,2018,internship,5.4074492,1.5395515,40
MEM-175-18,Congressman Mike Bishop (MI-08),Fall Intern,2018-06-25,2018,internship,5.834809,5.327193,-1
MEM-481-22,Representative Pramila Jayapal (WA-07),"Paid Intern, Spring 2023",2022-10-03,2022,internship,5.762419,3.9183562,-1
MEM-479-22,Congresswoman Suzan DelBene (WA-01),Intern,2022-10-03,2022,internship,7.264302,3.4818237,34
MEM-478-22,Congressman Roger Williams (TX-25),Fall Internship,2022-10-03,2022,internship,7.2160544,4.9539304,-1
MEM-477-22,Congressman Austin Scott (GA-08),Spring 2023 Intern,2022-10-03,2022,internship,7.9513745,3.8474429,-1
MEM-398-21,House Select Subcommittee on the Coronavirus Crisis Majority Staff,Digital/Press Intern,2021-10-04,2021,internship,11.34178,20.92142,-1
MEM-391-21,Representative Rick Larsen (WA-02),Fall 2021 Intern,2021-10-04,2021,internship,6.292698,0.21788365,-1
MEM-486-19,Congresswoman Brenda L. Lawrence (MI-14),Intern,2019-10-07,2019,internship,4.0164924,3.582956,31
MEM-485-19,Congresswoman Lauren Underwood (IL-14),Spring Intern,2019-10-07,2019,internship,6.180043,2.0922873,-1
MEM-484-19,Congressman Rob Wittman (VA-01),Spring 2020 Intern,2019-10-07,2019,internship,12.9578495,0.8648138,17
MEM-481-19,Congressman Steve Cohen (TN-09),Spring 2020 Intern,2019-10-07,2019,internship,6.839518,4.3130198,-1
MEM-478-19,Congressman Daniel Lipinski (IL-03),Fall Intern,2019-10-07,2019,internship,8.543691,2.432736,-1
MEM-476-19,,Legal Intern,2019-10-07,2019,internship,8.937579,10.290605,-1
MEM-475-19,,Legislative Intern,2019-10-07,2019,internship,11.67371,9.330366,-1
MEM-472-19,Congressman Doug Lamborn (CO-05),"Paid Intern, Fall 2019",2019-10-07,2019,internship,5.8599977,1.7891748,-1
MEM-363-18,,January 2019 Intern,2018-10-09,2018,internship,21.107079,7.6853504,0
MEM-362-18,,Spring 2019 Intern,2018-10-09,2018,internship,21.078032,7.6561437,0
MEM-358-18,,Communications Intern,2018-10-09,2018,internship,13.223894,18.623562,-1
MEM-357-18,Congressman Walter B. Jones (NC-03),Spring 2019 Intern,2018-10-09,2018,internship,5.7179685,5.0513372,13
MEM-355-18,,Full-Time Legislative Intern,2018-10-09,2018,internship,9.076745,8.831589,-1
MEM-353-18,Congressman Dwight Evans (PA-02),Spring 2019 Intern,2018-10-09,2018,internship,3.0252068,1.6162832,-1
MEM-308-16,Congresswoman Jackie Walorski (IN-02),Communications Intern,2016-10-10,2016,internship,12.889156,18.465958,10
MEM-307-16,Congresswoman Jackie Walorski (IN-02),Legislative Intern,2016-10-10,2016,internship,4.2436275,-0.19836964,44
MEM-306-16,Congressman Glenn Grothman (WI-06),Spring 2017 Intern,2016-10-10,2016,internship,4.5265455,0.37684608,44
MEM-305-16,,Paid Full-Time Intern,2016-10-10,2016,internship,5.107426,2.2751286,-1
MEM-304-16,Congressman Rob Wittman (VA-01),Spring Semester Intern,2016-10-10,2016,internship,12.964091,0.85858625,17
MEM-303-16,,Winter/Spring Intern,2016-10-10,2016,internship,3.147263,2.4397101,-1
MEM-302-16,Congressman Ralph Abraham (LA-05),Intern,2016-10-10,2016,internship,5.415941,1.5492646,40
MEM-298-16,,Spring 2016 Intern,2016-10-03,2016,internship,10.71286,8.405141,6
MEM-297-16,"Congressman John Conyers, Jr. (MI-13)",Intern/Fellow,2016-10-03,2016,internship,7.1717606,2.922581,-1
MEM-296-16,,Full-Time Unpaid Intern,2016-10-03,2016,internship,1.5351688,2.4000888,-1
MEM-292-16,,Intern,2016-09-19,2016,internship,3.2839997,-1.2834795,-1
MEM-291-16,,Spring 2017 Intern,2016-09-19,2016,internship,7.237971,-12.269916,-1
MEM-290-16,Congresswoman Diana DeGette (CO-01),Intern,2016-09-19,2016,internship,4.0600505,2.166372,32
MEM-287-16,Congressman Bill Johnson (OH-06),Intern,2016-09-19,2016,internship,6.788359,0.36154774,43
MEM-285-16,Congressman Mark Pocan (WI-02),Legislative Intern,2016-09-12,2016,internship,5.2499223,6.3388247,14
MEM-363-17,Congressman Denny Heck (WA-10),Spring 2018 Intern,2017-10-10,2017,internship,5.8863006,1.1792567,40
MEM-362-17,Congressman Alcee L. Hastings (FL-20),Intern,2017-10-10,2017,internship,3.4886203,5.028699,16
MEM-361-17,,Congressional Intern,2017-10-10,2017,internship,1.866384,7.730193,-1
MEM-360-17,"House Committee on Foreign Affairs, Subcommittee on Asia and the Pacific",Intern,2017-10-10,2017,internship,10.358198,8.887856,-1
MEM-359-17,Congressman Tom MacArthur (NJ-03),Spring Intern,2017-10-10,2017,internship,6.288805,1.4421004,-1
MEM-357-17,Congressman Ralph Abraham (LA-05),Spring Intern,2017-10-10,2017,internship,5.4560018,1.526233,40
MEM-356-17,Congressman Peter DeFazio (OR-04),Intern,2017-10-10,2017,internship,7.4228234,1.4233885,37
MEM-351-17,,Press Intern,2017-10-02,2017,internship,-10.533643,13.256141,-1
MEM-350-17,Congresswoman Doris Matsui (CA-06),Intern,2017-10-02,2017,internship,5.458967,1.4964267,40
MEM-348-17,Congresswoman Diana DeGette (CO-01),Intern,2017-10-02,2017,internship,4.05199,2.1633337,32
MEM-347-17,Congressman Tom O'Halleran (AZ-01),Spring 2018 Intern,2017-10-02,2017,internship,6.2595415,1.9801418,-1
MEM-345-17,Congressman Robert Pittenger (NC),Legislative Intern,2017-09-25,2017,internship,3.9234033,5.386005,16
MEM-344-17,,Congressional Intern,2017-09-25,2017,internship,1.7643028,7.6494293,11
MEM-342-17,Congressman Rob Wittman (VA-01),Spring 2018 Intern,2017-09-25,2017,internship,12.97101,0.8511671,17
MEM-341-17,Congressman Walter B. Jones (NC-03),Spring 2017 Intern,2017-09-25,2017,internship,5.693021,5.07918,13
MEM-340-17,,Intern,2017-09-25,2017,internship,8.952271,9.27161,-1
MEM-338-17,,Digital Intern,2017-09-25,2017,internship,10.706834,21.584593,15
MEM-337-17,Representative Jason Lewis (MN-02),Full-Time/Part-Time Intern,2017-09-25,2017,internship,8.131344,4.987256,-1
MEM-336-17,Congressman Tom McClintock (CA-04),Intern,2017-09-25,2017,internship,10.43716,1.1155918,36
MEM-325-17,,Spring Intern,2017-09-25,2017,internship,6.879873,4.584334,-1
MEM-321-17,Congressman Tom Suozzi (NY-03),Press and Digital Intern,2017-09-25,2017,internship,12.606975,19.649324,-1
MEM-320-17,Congressman Doug LaMalfa (CA-01),Intern,2017-09-25,2017,internship,6.7885027,-3.5533612,-1
MEM-268-17,"Congressman John Conyers, Jr. (MI-13)",Intern/Fellow,2017-08-07,2017,internship,7.829232,9.632236,-1
MEM-486-22,Congressman Greg Stanton (AZ-09),Spring 2023 Intern,2022-10-11,2022,internship,6.8137727,1.232598,-1
MEM-484-22,Congresswoman Mary Gay Scanlon (PA-05),Paid Spring Legislative Internship,2022-10-11,2022,internship,6.6495576,6.701909,-1
MEM-483-22,,Digital Intern,2022-10-11,2022,internship,11.176563,21.082962,15
MEM-482-22,,Press Intern,2022-10-11,2022,internship,14.537258,18.307243,-1
MEM-315-15,,Intern,2015-10-12,2015,internship,9.027193,3.8861575,-1
MEM-314-15,Congressman Mike Bost (IL-12),Congressional Intern,2015-10-12,2015,internship,10.456112,1.1335285,-1
MEM-313-15,,Intern,2015-10-12,2015,internship,7.5934443,-0.30156797,39
MEM-312-15,Congressman Mark Sanford (SC-01),Fall Intern,2015-10-12,2015,internship,6.055583,0.7390018,-1
MEM-311-15,Congressman Patrick Meehan (PA-07),Spring 2015 Intern,2015-10-12,2015,internship,4.794446,4.036016,-1
MEM-310-15,Congressman Derek Kilmer (WA-06),Intern,2015-10-12,2015,internship,0.19569969,18.091337,-1
MEM-309-15,Congressman Juan Vargas (CA-51),Intern,2015-10-12,2015,internship,6.4407635,0.15713389,-1
MEM-308-15,,Legal Fellow,2015-10-05,2015,internship,8.309096,10.154869,-1
MEM-307-15,Congressman Peter DeFazio (OR-04),Intern,2015-09-28,2015,internship,7.4910007,1.4049042,37
MEM-306-15,Congressman Mike Honda (CA-17),Fall Intern,2015-09-28,2015,internship,6.7983747,4.4651594,-1
MEM-305-15,,Fall 2015 Intern,2015-09-28,2015,internship,6.4933286,2.1803916,-1
MEM-304-15,Congressman Benishek (MI-01),Unpaid Intern,2015-09-28,2015,internship,-0.33933818,2.1141953,7
MEM-301-15,,Intern,2015-09-28,2015,internship,7.926743,0.8142986,35
MEM-300-15,Congressman Bruce Westerman (AR-04),Intern,2015-10-05,2015,internship,7.4478674,0.23517466,39
MEM-298-15,,Press Intern,2015-10-05,2015,internship,13.281105,19.184341,-1
MEM-296-15,Congressman French Hill (AR-02),Congressional Communications Internship,2015-10-05,2015,internship,8.289759,0.8013242,-1
MEM-295-15,,Fall 2015 Intern,2015-10-05,2015,internship,11.19161,8.400656,6
MEM-294-15,Congressman Garret Graves (LA-06),Intern,2015-10-05,2015,internship,6.496058,0.2612876,-1
MEM-291-15,,Press Intern,2015-09-28,2015,internship,13.444452,19.094639,22
MEM-290-15,Congressman Jim Himes (CT-04),Intern,2015-09-28,2015,internship,6.077668,4.6528735,-1
MEM-289-15,,Press Intern,2015-09-28,2015,internship,-10.533645,13.256143,-1
MEM-288-15,,Fall 2015 Intern,2015-09-28,2015,internship,7.0964255,0.5590658,-1
MEM-287-15,Congressman Tim Walz (MN-01),Intern,2015-09-28,2015,internship,7.225857,2.4407265,-1
MEM-286-15,,Intern,2015-09-28,2015,internship,5.9394674,0.56488675,-1
MEM-282-15,Congresswoman Betty McCollum (MN-04),Intern,2015-09-28,2015,internship,7.1919236,2.716118,-1
MEM-281-15,,Fall 2015 Intern,2015-09-28,2015,internship,8.65506,1.4306518,35
MEM-279-15,Congressman French Hill (AR-02),Intern,2015-09-08,2015,internship,8.197899,0.83214754,35
MEM-278-15,Congresswoman Mimi Walters (CA-45),Part-Time Intern,2015-09-08,2015,internship,2.1753945,8.068415,-1
MEM-277-15,Congressman Jim Renacci (OH-16),Intern,2015-09-08,2015,internship,4.411076,2.4021242,32
MEM-275-15,,Full-Time Intern,2015-09-08,2015,internship,3.7134173,3.6503541,-1
MEM-274-15,,"Undergraduate Intern, Fall 2015",2015-09-08,2015,internship,8.782644,9.404036,9
MEM-272-15,Congressman Jeff Fortenberry (NE-01),Fall Intern,2015-08-31,2015,internship,4.100885,5.2832174,16
MEM-271-15,Congressman Paul D. Tonko (NY-20),Intern,2015-08-31,2015,internship,3.9920204,1.2803301,-1
MEM-270-15,,Press Intern,2015-08-31,2015,internship,-10.533648,13.256144,-1
MEM-269-15,,Legislative Intern,2015-08-31,2015,internship,-3.7355268,-0.5158281,30
MEM-268-15,,Fall Semester Intern,2015-08-31,2015,internship,5.891389,-0.030031882,-1
MEM-267-15,Congresswoman Jackie Walorski (IN-02),Communications Intern,2015-08-31,2015,internship,-6.9133725,5.6216927,10
MEM-266-15,Congresswoman Jackie Walorski (IN-02),Full-Time Intern,2015-08-31,2015,internship,4.2558975,-0.1657533,44
MEM-259-15,Congressman Rod Blum (IA-01),District Office Intern,2015-08-24,2015,internship,7.972949,4.422382,-1
MEM-258-15,Congresswoman Ann McLane Kuster (NH-02),Intern,2015-08-24,2015,internship,5.0705323,1.4503475,27
MEM-257-15,Congressman Curt Clawson (FL-19),Fall 2015 Intern,2015-08-24,2015,internship,7.385624,0.32847768,39
MEM-256-15,,Intern,2015-08-24,2015,internship,6.388029,2.7757914,-1
MEM-252-15,Congressman Tom Graves (GA-14),Fall 2015 Intern,2015-08-24,2015,internship,7.3409333,1.0454897,-1
MEM-250-15,Congressman Mike Honda (CA-17),Fall Intern,2015-08-24,2015,internship,6.8134694,4.4399657,-1
MEM-247-15,Congresswoman Diana DeGette (CO-01),Intern,2015-08-17,2015,internship,4.051752,2.1619473,32
MEM-243-15,,Intern,2015-08-17,2015,internship,6.037554,0.25592217,-1
MEM-242-15,Congresswoman Suzan DelBene (WA-01),Fall Intern,2015-08-17,2015,internship,7.5378137,1.863867,34
MEM-241-15,Congresswoman Marcia L. Fudge (OH-11),Press Intern,2015-08-17,2015,internship,13.66647,18.25015,-1
MEM-239-15,,Press And Social Media Intern,2015-08-17,2015,internship,14.349383,19.481379,-1
MEM-238-15,,Congressional Intern,2015-08-17,2015,internship,13.187978,11.247243,11
MEM-236-15,Congressman Dave Loebsack (IA-02),Intern,2015-08-17,2015,internship,7.081995,4.250399,-1
MEM-233-15,Congressman Mike Coffman (CO-06),Legislative Intern,2015-08-17,2015,internship,7.924936,1.0679395,-1
MEM-232-15,,Legislative Intern,2015-08-17,2015,internship,-3.7605004,-0.49247786,30
MEM-415-21,Congressman Mark Pocan (WI-02),Full-Time In-Person Intern,2021-10-12,2021,internship,5.6110973,6.3097258,14
MEM-414-21,Congressman Mark Pocan (WI-02),Full-Time In-Person Intern,2021-10-12,2021,internship,5.609721,6.3127413,14
MEM-413-21,,"Intern, Spring 2022",2021-10-12,2021,internship,8.0978365,8.281331,-1
MEM-412-21,Representative Kai Kahele (HI-02),Spring Intern,2021-10-12,2021,internship,6.8079586,3.4729037,-1
MEM-409-21,Representative Matt Cartwright (PA-08),Full-time/Part-Time Intern,2021-10-12,2021,internship,3.743871,2.67726,-1
MEM-407-21,Congresswoman Ann Kirkpatrick (AZ-02),Spring 2022 Intern,2021-10-12,2021,internship,6.7946243,1.3551939,-1
MEM-406-21,Congresswoman Lisa Blunt Rochester (DE-AL),Spring 2022 Intern,2021-10-12,2021,internship,6.2259502,2.8824892,-1
MEM-405-21,Congressman Barry Moore (AL-02),Spring 2022 Intern,2021-10-12,2021,internship,6.708647,3.9029038,33
MEM-404-21,,Digital Resident,2021-10-12,2021,internship,11.990206,18.952074,-1
MEM-403-21,Congressman Steve Cohen (TN-09),Intern (Winter 2021),2021-10-12,2021,internship,0.33834338,7.1291265,12
MEM-402-21,Representative Raja Krishnamoorthi (IL-08),Part-Time Intern,2021-10-12,2021,internship,5.9843965,-0.69174033,-1
MEM-367-18,Congresswoman Brenda L. Lawrence (MI-14),Intern,2018-10-15,2018,internship,4.0370684,3.567223,31
MEM-366-18,Congressman Steve Russell (OK-5),"Full-Time Intern, Spring 2019",2018-10-15,2018,internship,7.396097,-1.2026476,-1
MEM-365-18,,Spring 2019 Intern,2018-10-15,2018,internship,4.478041,1.1267923,-1
MEM-514-19,,Press Intern,2019-10-15,2019,internship,14.740091,19.21256,-1
MEM-513-19,,Legislative Intern,2019-10-15,2019,internship,13.140692,8.309796,4
MEM-511-19,Congressman Pete Stauber (MN-08),Intern,2019-10-15,2019,internship,8.268171,-1.8271655,25
MEM-510-19,Congresswoman Susie Lee (NV-03),Fall 2019 Intern,2019-10-15,2019,internship,8.585491,-2.1114585,25
MEM-509-19,,Intern,2019-10-15,2019,internship,9.971634,8.34948,-1
MEM-508-19,,Law Clerk,2019-10-15,2019,internship,8.0409155,11.491909,1
MEM-507-19,,Legislative and Press Intern,2019-10-15,2019,internship,5.7841954,13.481373,8
MEM-505-19,Congressman Greg Murphy (NC-03),Spring 2020 Paid Intern,2019-10-15,2019,internship,-0.021538831,9.09174,-1
MEM-504-19,Congressman Denny Heck (WA-10),Fall 2019 Intern,2019-10-15,2019,internship,5.9022784,1.0821289,40
MEM-503-19,Congressman Charlie Crist (FL-13),Intern (Full Time or Part Time) - Spring 2020,2019-10-15,2019,internship,9.266546,-0.6878738,24
MEM-502-19,Congressman Ro Khanna (CA-17),Press/Legislative Intern,2019-10-15,2019,internship,11.912293,18.381996,20
MEM-501-19,Congressman Dwight Evans (PA-03),"Intern, Winter/Spring 2020",2019-10-15,2019,internship,3.02014,1.6366931,-1
MEM-500-19,Congresswoman Gwen Moore (WI-04),Press Intern,2019-10-15,2019,internship,-3.7292063,14.085111,23
MEM-499-19,Congresswoman Rosa L. DeLauro (CT-03),Spring 2020 Intern,2019-10-15,2019,internship,6.4365573,1.0939851,-1
MEM-497-19,Congressman Bill Johnson (OH-06),Spring 2020 Intern,2019-10-15,2019,internship,6.710119,0.9826538,42
MEM-496-19,,Paid Intern,2019-10-15,2019,internship,12.958695,0.86368454,17
MEM-494-19,Congressman Jodey Arrington (TX-19),Intern,2019-10-15,2019,internship,6.9238353,-3.485204,37
MEM-493-19,,Intern,2019-10-15,2019,internship,9.026198,3.8850777,-1
MEM-492-19,,Full-Time Paid Intern,2019-10-15,2019,internship,9.717109,8.011496,-1
MEM-491-19,Congresswoman Gwen Moore (WI-04),Spring 2020 Intern,2019-10-15,2019,internship,8.203713,1.3512298,-1
MEM-490-19,Congressman Jason Smith (MO-08),Spring 2020 Intern,2019-10-15,2019,internship,6.6565356,1.043839,-1
MEM-489-19,Congressman Ralph Norman (SC-05),Intern,2019-10-15,2019,internship,6.5552163,-0.06092656,37
MEM-373-17,Congressman Ruben Kihuen (NV-04),Intern,2017-10-16,2017,internship,4.2723536,2.1759603,-1
MEM-372-17,,Intern,2017-10-16,2017,internship,4.0788374,5.2804966,16
MEM-371-17,Congressman Bill Shuster (PA-09),Spring Intern,2017-10-16,2017,internship,3.7809474,2.711292,-1
MEM-369-17,Congressman Doug LaMalfa (CA-01),Intern,2017-10-16,2017,internship,6.7941113,-3.5558808,-1
MEM-366-17,Congressman Jeff Fortenberry (NE-01),Capitol Hill Intern,2017-10-16,2017,internship,5.171274,-0.5180445,-1
MEM-525-23,,Spring 2024 Intern,2023-10-16,2023,internship,10.382842,8.06219,6
MEM-524-23,Congressman Dan Goldman (NY-10),Spring Press Internship,2023-10-16,2023,internship,13.063246,19.115007,-1
MEM-523-23,Congressman Dan Goldman (NY-10),Legislative Internship/Clerkship,2023-10-16,2023,internship,3.8430512,5.5265365,-1
MEM-522-23,,Legislative Intern,2023-10-16,2023,internship,8.990075,8.769338,28
MEM-521-23,Congressman Seth Moulton (MA-06),Fern Holland International Affairs Fellowship,2023-10-16,2023,internship,7.785531,9.6050205,-1
MEM-520-23,Congressman Seth Moulton (MA-06),Digital Production Intern,2023-10-16,2023,internship,12.449539,19.24045,-1
MEM-519-23,Congressman Seth Moulton (MA-06),Spring Internship,2023-10-16,2023,internship,7.4789615,4.272209,33
MEM-518-23,Congressman Barry Moore (AL-02),Spring 2024 Intern,2023-10-16,2023,internship,6.777477,3.8585832,33
MEM-516-23,Congresswoman Kay Granger (TX-12),Spring Intern (Paid),2023-10-16,2023,internship,4.7771406,4.7964487,-1
MEM-515-23,Congresswoman Abigail Spanberger (VA-07),Spring 2024 Internship,2023-10-16,2023,internship,7.9628167,4.392621,-1
MEM-514-23,Congressman Ken Buck (CO-04),Legal Fellow,2023-10-16,2023,internship,8.364756,10.1932535,-1
MEM-513-23,Congressman Ken Buck (CO-04),Congressional Internship (Spring 2024),2023-10-16,2023,internship,6.6335797,2.1019263,42
MEM-511-23,,"Full-Time Intern, Spring 2024",2023-10-16,2023,internship,11.754436,9.380707,2
MEM-509-23,Congressman Adam B. Schiff (CA-30),"Washington, D.C., Office Intern",2023-10-16,2023,internship,7.3589873,3.8005388,-1
MEM-504-23,Congresswoman Pramila Jayapal (WA-07),"Full-Time Paid Intern, Spring 2024",2023-10-16,2023,internship,5.770296,3.9236934,-1
MEM-503-23,,Legal Intern,2023-10-16,2023,internship,9.0491905,10.651977,-1
MEM-502-23,Congresswoman Lisa Blunt Rochester (DE-At Large),Spring Intern,2023-10-16,2023,internship,6.4204288,2.9502702,41
MEM-501-23,Congressman Greg Murphy (NC-03),Spring 2024 Intern,2023-10-16,2023,internship,0.014970802,9.065732,-1
MEM-492-23,Congressman Anthony D'Esposito (NY-04),Spring Intern,2023-09-25,2023,internship,6.383898,1.6406168,-1
MEM-486-23,Congressman Jeff Van Drew (NJ-02),Spring Intern,2023-09-25,2023,internship,5.9317527,-0.8502819,38
MEM-484-23,,Press And Digital Intern,2023-09-25,2023,internship,11.209307,21.052164,15
MEM-480-23,Congressman Steve Cohen (TN-09),Spring Intern,2023-09-25,2023,internship,0.33479506,7.1291027,12
MEM-479-23,,Spring 2024 Legal Internship,2023-09-25,2023,internship,9.227263,10.847678,3
MEM-476-23,Congresswoman Suzan DelBene (WA-01),Intern,2023-09-18,2023,internship,7.2524023,3.4805284,34
MEM-475-23,Congressman Chris Pappas (NH-01),Paid Intern,2023-09-18,2023,internship,6.428816,-0.5225842,-1
MEM-465-23,Congresswoman Sheila Cherfilus-McCormick (FL-20),Fall 2023 Legal Fellow,2023-09-11,2023,internship,8.3411045,10.14028,-1
MEM-335-14,,Congressional Intern,2014-10-17,2014,internship,13.188023,11.247389,11
MEM-334-14,Representative Stephen Fincher (TN-08),Conservative Fall & Spring Internship,2014-10-17,2014,internship,6.3617144,0.2532831,-1
MEM-333-14,Congressman John Garamendi (CA-03),Intern,2014-10-17,2014,internship,6.893932,-3.565238,37
MEM-330-14,Congressman Derek Kilmer (WA-06),Intern,2014-10-17,2014,internship,0.19576773,18.091206,-1
MEM-329-14,Congressman Mike Rogers (MI-08),Intern,2014-10-17,2014,internship,6.470219,1.2008436,-1
MEM-314-16,,Press Intern,2016-10-17,2016,internship,13.776839,18.918785,-1
MEM-313-16,,Spring 2017 Intern,2016-10-17,2016,internship,8.966943,8.711314,-1
MEM-312-16,,Congressional Intern,2016-10-17,2016,internship,2.1688604,8.089329,11
MEM-311-16,Congressman Dave Loebsack (IA-02),Intern,2016-10-17,2016,internship,3.9246771,1.2837732,-1
MEM-310-16,Congressman Michael E. Capuano (MA-07),Spring Intern,2016-10-17,2016,internship,4.6587057,7.1294065,37
MEM-309-16,Congressman Tom Reed (NY-23),Spring 2017 Intern,2016-10-17,2016,internship,5.153436,0.7641078,44
MEM-493-22,Congressman Steve Cohen (TN-09),Spring 2023 Intern,2022-10-17,2022,internship,0.3446101,7.1278706,12
MEM-491-22,Congressman Lisa Blunt Rochester (DE-00),Spring Intern,2022-10-17,2022,internship,5.5528975,1.3339022,-1
MEM-490-22,Congresswoman Chrissy Houlahan (PA-06),Press Intern (Spring 2023),2022-10-17,2022,internship,11.480177,19.03907,21
MEM-489-22,Congresswoman Chrissy Houlahan (PA-06),Legislative Intern,2022-10-17,2022,internship,16.717247,11.236212,-1
MEM-488-22,Congresswoman Rosa L. DeLauro (CT-03),Spring 2023 Intern,2022-10-17,2022,internship,6.114241,5.5610447,-1
MEM-487-22,Congressman Jason Smith (MO-08),Intern,2022-10-17,2022,internship,9.916878,3.051576,-1
MEM-420-21,Representative Andy Harris (MD-01),Spring 2022 Intern,2021-10-18,2021,internship,5.814968,3.9428658,-1
MEM-419-21,,Spring 2022 Intern,2021-10-18,2021,internship,10.413674,8.028493,6
MEM-418-21,,"Paid Intern, Spring 2022",2021-10-18,2021,internship,9.7193775,7.8917036,5
MEM-417-21,Congressman Paul Tonko (NY-20),Spring Intern,2021-10-18,2021,internship,6.626955,3.2472835,-1
MEM-327-15,Congressman Luis V. Gutiérrez (IL-04),Intern,2015-10-19,2015,internship,5.3758836,1.6664306,40
MEM-326-15,,Congressional Intern,2015-10-19,2015,internship,2.159575,8.097354,11
MEM-325-15,,Intern,2015-10-19,2015,internship,5.815281,1.441808,-1
MEM-324-15,Congressman John Garamendi (CA-03),Intern,2015-10-19,2015,internship,6.9683137,-3.6514318,37
MEM-323-15,Congressman Ben Ray Luján (NM-03),Intern,2015-10-19,2015,internship,5.3982778,-1.7675002,26
MEM-322-15,Congressman Joe Wilson (SC-02),Intern,2015-10-19,2015,internship,6.487419,0.31563008,-1
MEM-321-15,,Communications Intern,2015-10-19,2015,internship,0.47927177,-0.42802468,-1
MEM-320-15,Congressman Jared Huffman (CA-02),Intern,2015-10-19,2015,internship,9.000908,-1.4905539,-1
MEM-319-15,,Legislative Intern,2015-10-19,2015,internship,8.572736,0.8634122,35
MEM-318-15,,Communications Intern,2015-10-19,2015,internship,12.968582,18.39778,-1
MEM-317-15,Congressman Adam Kinzinger (IL-16),Intern,2015-10-19,2015,internship,7.099531,-0.97749776,-1
MEM-254-20,Congressman Mark Pocan (WI-02),Full-time Virtual Intern,2020-10-19,2020,internship,5.6138597,6.3098807,14
MEM-252-20,Congresswoman Gwen Moore (WI-04),Virtual Press Intern,2020-10-19,2020,internship,13.665641,20.009857,23
MEM-250-20,Congressman Ken Buck (CO-04),Spring 2021 Intern,2020-10-19,2020,internship,6.5955873,2.0874434,42
MEM-315-17,,Fall 2017 Intern,2017-09-11,2017,internship,10.685987,3.8212962,-1
MEM-313-17,,Press Intern,2017-09-11,2017,internship,13.567538,18.355583,-1
MEM-491-23,Congressman Gregory W. Meeks (NY-05),Press/Digital Intern,2023-09-25,2023,internship,11.957543,20.345524,-1
MEM-488-23,Congressman Dan Kildee (MI-08),Congressional Intern,2023-09-25,2023,internship,8.481912,3.648633,-1
MEM-487-23,Congressman Dan Kildee (MI-08),Congressional Intern,2023-09-25,2023,internship,8.497939,3.462731,-1
MEM-485-23,,Intern,2023-09-25,2023,internship,9.053117,10.253072,-1
MEM-482-23,Congresswoman Lois Frankel (FL-22),Spring 2024 Intern,2023-09-25,2023,internship,4.6914773,8.220208,18
MEM-471-23,Congresswoman Becca Balint (VT-AL),"Paid Intern, Spring 2024",2023-09-18,2023,internship,5.793043,3.924824,-1
MEM-469-23,Congresswoman Abigail Spanberger (VA-07),Foreign Affairs Fellow,2023-09-18,2023,internship,7.8193393,9.638258,-1
MEM-338-14,Representative Kevin Brady (TX-08),Paid Full-Time Intern,2014-10-20,2014,internship,4.8107724,2.677485,-1
MEM-337-14,Congressman Blaine Luetkemeyer (MO-3),Intern,2014-10-20,2014,internship,5.939311,0.55448705,-1
MEM-336-14,,Fall 2014 Intern,2014-10-20,2014,internship,11.184522,8.401396,6
MEM-529-19,,Spring 2020 Intern,2019-10-21,2019,internship,10.685809,8.394396,6
MEM-528-19,,Spring 2020 Intern,2019-10-21,2019,internship,6.2260747,2.9095266,-1
MEM-527-19,Congresswoman Susie Lee (NV-03),Spring 2020 Intern,2019-10-21,2019,internship,8.699354,-2.092682,25
MEM-526-19,Congressman Anthony Brindisi (NY-22),"Full-Time Paid Intern, Spring 2020",2019-10-21,2019,internship,5.267168,1.0561466,-1
MEM-525-19,Congressman Alcee L. Hastings (FL-20),Intern,2019-10-21,2019,internship,3.5001917,5.022673,16
MEM-524-19,Congressman Larry Bucshon (IN-08),Spring 2020 Intern,2019-10-21,2019,internship,5.8639235,5.154099,13
MEM-523-19,Congressman Ken Buck (CO-04),Spring 2020 Intern,2019-10-21,2019,internship,6.6148844,2.036451,42
MEM-522-19,,Legal Intern,2019-10-21,2019,internship,8.711208,11.008789,-1
MEM-521-19,,Intern,2019-10-21,2019,internship,8.603932,11.092624,-1
MEM-520-19,Congressman Doug Collins (GA-09),Intern,2019-10-21,2019,internship,5.660836,1.5918874,-1
MEM-518-19,Congressman Mark Pocan (WI-02),Intern,2019-10-21,2019,internship,5.337156,6.4062076,14
MEM-517-19,Congressman Will Hurd (TX-23),Spring 2019 Intern,2019-10-21,2019,internship,6.4289384,-0.4414844,-1
MEM-516-19,Congressman Jim Himes (CT-04),Spring/Winter 2020 Intern,2019-10-21,2019,internship,5.8792925,5.030948,-1
MEM-515-19,Congressman Jim Himes (CT-04),Fall 2019 Intern,2019-10-21,2019,internship,5.898781,5.0537868,-1
MEM-385-18,Congressman Daniel Lipinski (IL-03),Spring Intern,2018-10-22,2018,internship,8.512063,2.4367154,-1
MEM-384-18,,Paid Intern,2018-10-22,2018,internship,10.760584,-0.4780819,-1
MEM-383-18,Congressman Paul Tonko (NY-20),Legislative Intern,2018-10-22,2018,internship,3.1492565,7.310299,-1
MEM-382-18,,Spring 2019 Intern,2018-10-22,2018,internship,21.091665,7.6697483,0
MEM-381-18,,January 2019 Intern,2018-10-22,2018,internship,10.468632,8.063871,-1
MEM-378-18,,Intern,2018-10-22,2018,internship,21.062649,7.640948,0
MEM-377-18,Congresswoman Kathy Castor (FL-14),Full-Time/Part-Time Intern (Fall 2018),2018-10-22,2018,internship,7.692577,-0.50325257,40
MEM-376-18,Congressman David Price (NC-04),Spring Intern,2018-10-22,2018,internship,6.9440856,1.5857474,-1
MEM-374-18,Congressman Kurt Schrader (OR-05),Winter and Spring 2019 Internship,2018-10-22,2018,internship,7.8439093,1.6533291,-1
MEM-373-18,Congressman Mark Pocan (WI-02),Legislative Intern,2018-10-22,2018,internship,5.30144,6.3826356,14
MEM-372-18,Congressman Ben Ray Luján (NM-03),Winter/Spring/Summer 2019 Internship,2018-10-22,2018,internship,5.411261,-1.7355568,26
MEM-370-18,,Spring 2019 Intern,2018-10-22,2018,internship,21.074892,7.6529136,0
MEM-369-18,,Intern,2018-10-22,2018,internship,21.057701,7.635881,0
MEM-393-17,Congresswoman Yvette D. Clarke (NY-09),Health Fellow,2017-10-23,2017,internship,8.400471,10.267014,-1
MEM-392-17,Congresswoman Yvette D. Clarke (NY-09),Press and Digital Intern,2017-10-23,2017,internship,12.582959,19.649284,-1
MEM-391-17,Congresswoman Jackie Walorski (IN-02),Full-Time Spring Intern,2017-10-23,2017,internship,6.3162427,2.0587754,-1
MEM-390-17,,Spring Intern,2017-10-23,2017,internship,9.735493,7.7256436,5
MEM-389-17,Congressman Paul Cook (CA-08),Military Affairs Intern,2017-10-23,2017,internship,9.9577875,3.044032,-1
MEM-388-17,Congressman Paul Cook (CA-08),Foreign Affairs Intern,2017-10-23,2017,internship,9.955698,3.0430603,-1
MEM-386-17,Congressman Bill Pascrell Jr. (NJ-09),Spring Intern,2017-10-23,2017,internship,4.248456,1.0435942,-1
MEM-385-17,Congressman David Price (NC-04),Spring Intern,2017-10-23,2017,internship,6.937801,1.587709,-1
MEM-384-17,,Intern,2017-10-23,2017,internship,9.88331,10.161492,-1
MEM-383-17,Congressman McKinley (WV-01),Intern,2017-10-23,2017,internship,4.4534774,2.355249,-1
MEM-381-17,Congressman Paul Tonko (NY-20),Legislative Intern,2017-10-23,2017,internship,3.150083,7.3086567,-1
MEM-380-17,Congressman Paul Tonko (NY-20),Press Intern,2017-10-23,2017,internship,13.709911,17.624153,-1
MEM-379-17,,Full-Time Unpaid Intern,2017-10-23,2017,internship,1.5325325,2.4018342,-1
MEM-378-17,,Spring 2018 Intern,2017-10-23,2017,internship,21.113892,7.6919503,0
MEM-377-17,Congressman Chuck Fleischmann (TN-03),Spring 2017 Intern,2017-10-23,2017,internship,7.370224,1.4474303,-1
MEM-375-17,Congressman John Garamendi (CA-03),Intern,2017-10-23,2017,internship,6.9727135,-3.657248,37
MEM-374-17,Congresswoman Kathy Castor (FL-14),Full-Time/Part-Time Intern (Spring 2018),2017-10-23,2017,internship,7.712218,-0.5172384,40
MEM-537-23,Congressman Kevin Mullin (CA-15),Press Intern,2023-10-23,2023,internship,13.553707,19.37966,22
MEM-536-23,Congressman Kevin Mullin (CA-15),Legislative Intern,2023-10-23,2023,internship,5.80656,3.545331,-1
MEM-535-23,,Congressional Internship,2023-10-23,2023,internship,6.7749176,3.2566948,-1
MEM-534-23,Congresswoman Hillary Scholten (MI-03),"Spring 2024 Intern - Washington, D.C. Office",2023-10-23,2023,internship,7.5238395,3.5614314,-1
MEM-533-23,Congresswoman Mary Gay Scanlon (PA-05),Paid Spring Legislative Internship,2023-10-23,2023,internship,6.655904,6.6944146,-1
MEM-531-23,Congresswoman Rosa L. DeLauro (CT-03),Spring 2024 Intern,2023-10-23,2023,internship,6.0735416,5.5774736,-1
MEM-528-23,Congresswoman Susan Wild (PA-07),Paid Intern,2023-10-23,2023,internship,2.1240118,3.5828362,-1
MEM-321-16,,Spring Intern,2016-10-24,2016,internship,9.348342,8.418299,-1
MEM-320-16,,Intern,2016-10-24,2016,internship,9.7364025,7.727146,5
MEM-319-16,Congressman Bruce Poliquin (ME-02),Spring 2017 Intern,2016-10-24,2016,internship,7.2073216,2.8970706,-1
MEM-318-16,Congressman Denny Heck (WA-10),Spring 2017 Intern,2016-10-24,2016,internship,5.885439,1.0531487,40
MEM-317-16,Congressman Mark Meadows (NC-11),Intern,2016-10-24,2016,internship,7.0948744,0.62144613,-1
MEM-316-16,Congressman Greg Walden (OR-02),Paid Intern,2016-10-24,2016,internship,7.647794,1.5848463,-1
MEM-508-22,,Spring 2023 Intern,2022-10-24,2022,internship,9.029034,10.22331,-1
MEM-507-22,Congressman Jeff Van Drew (NJ-02),Spring Intern,2022-10-24,2022,internship,5.9262676,-0.859985,38
MEM-506-22,Representative Joseph Morelle (NY-25),Spring 2023 Hybrid Paid Intern,2022-10-24,2022,internship,7.9073524,6.1191816,-1
MEM-505-22,Congressman Ted W. Lieu (CA-33),Paid Spring 2023 Internship,2022-10-24,2022,internship,6.057711,2.2702966,-1
MEM-503-22,Congresswoman Nanette Barragán (CA-44),Intern,2022-10-24,2022,internship,10.978833,10.243466,-1
MEM-502-22,Congresswoman Julia Brownley (CA-26),Spring Intern,2022-10-24,2022,internship,6.2744117,2.4786837,41
MEM-501-22,Congressman Dan Kildee (MI-05),Congressional Legislative Internship,2022-10-24,2022,internship,8.483332,3.469544,-1
MEM-500-22,Congressman Dan Kildee (MI-05),Press/Digital Internship,2022-10-24,2022,internship,12.547249,19.734062,21
MEM-499-22,Congressman Raul Ruiz (CA-36),Spring 2023 Intern,2022-10-24,2022,internship,7.648364,4.3767304,-1
MEM-498-22,Congresswoman Dina Titus (NV-1),Spring 2023 Intern,2022-10-24,2022,internship,9.094782,-1.6838088,24
MEM-497-22,,Spring 2022 Intern,2022-10-24,2022,internship,6.9921055,4.6604276,-1
MEM-496-22,Congressman Jay Obernolte (CA-08),Spring 2023 Intern,2022-10-24,2022,internship,6.062531,2.7918572,-1
MEM-495-22,Congresswoman Lois Frankel (FL-21),Spring 2023 Intern,2022-10-24,2022,internship,4.6753793,8.236525,18
MEM-339-15,Congressman David Scott (GA-13),Spring Intern,2015-10-26,2015,internship,7.0812497,1.1394941,-1
MEM-338-15,Congresswoman Loretta Sanchez (CA-46),Unpaid Intern,2015-10-26,2015,internship,7.7480373,2.105317,-1
MEM-337-15,Congressman Pete Aguilar (CA-31),Intern,2015-10-26,2015,internship,4.9066424,3.1896951,-1
MEM-336-15,,Unpaid Communications Intern,2015-10-26,2015,internship,13.012595,18.528723,-1
MEM-335-15,,Spring 2016 Intern,2015-10-26,2015,internship,7.458446,-0.09158673,-1
MEM-333-15,,Full-Time Intern,2015-10-26,2015,internship,5.6741986,4.852823,-1
MEM-332-15,Congresswoman Debbie Wasserman Schultz (FL),Intern,2015-10-26,2015,internship,9.062337,1.7662932,-1
MEM-329-15,,Intern,2015-10-26,2015,internship,8.737724,9.558592,9
MEM-328-15,Congressman Reid Ribble (WI-08),Intern,2015-10-26,2015,internship,6.7140994,5.026857,27
MEM-260-20,Congresswoman Lori Trahan (MA-03),Spring 2021 Remote Intern - Washington D.C. Congressional,2020-10-26,2020,internship,6.782003,3.0784817,-1
MEM-259-20,Congresswoman Brenda L. Lawrence (MI-14),Intern,2020-10-26,2020,internship,3.7471712,3.8090992,-1
MEM-257-20,Congressman Steve Cohen (TN-09),Spring 2021 Intern,2020-10-26,2020,internship,0.34559834,7.1281633,12
MEM-349-14,Congressman Reid Ribble (WI-08),Intern,2014-10-27,2014,internship,6.701818,5.0562387,27
MEM-344-14,,Full Time Intern,2014-10-27,2014,internship,4.5745325,2.420286,32
MEM-343-14,Congressman Patrick Meehan (PA-07),Spring 2015 Intern,2014-10-27,2014,internship,4.7954392,4.0375,-1
MEM-342-14,Congressman Keith Ellison (MN-05),Unpaid Intern,2014-10-27,2014,internship,-0.33624834,2.1278737,7
MEM-341-14,Congressman Tim Bishop (NY-01),Intern,2014-10-27,2014,internship,6.2783113,0.439331,-1
MEM-339-14,Congressman Jerry McNerney (CA-09),Fall/Winter Intern,2014-10-27,2014,internship,10.917058,2.1547275,29
MEM-547-19,Congressman Conor Lamb (PA-17),Congressional Intern,2019-10-28,2019,internship,2.0950367,3.5507824,26
MEM-546-19,Congressman Jared Huffman (CA-02),Communications/Digital Fellow,2019-10-28,2019,internship,12.904231,20.033768,-1
MEM-545-19,,Full-Time Intern,2019-10-28,2019,internship,8.0854,8.272526,-1
MEM-544-19,Congressman Tom Malinowski (NJ-07),Spring 2020 Intern,2019-10-28,2019,internship,6.262671,1.4176056,-1
MEM-543-19,Congressman Tom Malinowski (NJ-07),Unpaid Spring Internship,2019-10-28,2019,internship,6.241959,1.4291205,-1
MEM-542-19,Congressman Matt Cartwright (PA-08),Paid Intern,2019-10-28,2019,internship,3.76758,2.7908185,-1
MEM-540-19,Congressman Harley Rouda (CA-48),Press/Digital Intern,2019-10-28,2019,internship,12.68548,19.570135,21
MEM-538-19,,Congressional Intern,2019-10-28,2019,internship,2.1568193,8.091613,11
MEM-537-19,Congressman Andy Levin (MI-09),Digital Media Intern,2019-10-28,2019,internship,13.72424,17.619682,-1
MEM-536-19,,Legal Intern,2019-10-28,2019,internship,9.544613,11.731831,-1
MEM-535-19,Congresswoman Katherine M. Clark (MA-05),Spring 2020 Intern,2019-10-28,2019,internship,6.204847,1.316626,-1
MEM-534-19,Congressman John Garamendi (CA-03),Intern,2019-10-28,2019,internship,6.8625984,-3.5671046,37
MEM-530-19,Congresswoman Sylvia R. Garcia (TX-29),Marisol del Carmen Rodriguez Congressional Fellow,2019-10-28,2019,internship,-2.395284,6.8028646,-1
MEM-393-18,Congressman Jason Smith (MO-08),Intern,2018-10-29,2018,internship,5.239099,-0.45020753,35
MEM-392-18,Congressman Tom McClintock (CA-04),Intern,2018-10-29,2018,internship,10.417894,1.1104836,36
MEM-391-18,Congressman Roger Williams (TX-25),Spring 2019 Congressional Intern,2018-10-29,2018,internship,6.6037087,-0.14110002,37
MEM-390-18,Congressman Scott DesJarlais (TN-04),Spring Intern,2018-10-29,2018,internship,6.2894473,2.1327262,-1
MEM-389-18,,Full-Time Intern,2018-10-29,2018,internship,1.5285205,2.4004688,-1
MEM-387-18,Congressman Jared Huffman (CA-02),Spring Semester Intern,2018-10-29,2018,internship,8.981935,-1.4702547,-1
MEM-386-18,,Legislative Intern,2018-10-29,2018,internship,9.010716,8.823797,28
MEM-294-16,Congressman Robert A. Brady (PA-01),Fall 2016 Intern,2016-09-26,2016,internship,3.1345105,2.4431915,-1
MEM-293-16,,Temporary Paid Intern,2016-09-26,2016,internship,3.2966025,-1.2742896,-1
MEM-282-16,Congressman John Carney (DE-At Large),Intern,2016-09-12,2016,internship,5.5976696,1.1913842,-1
MEM-281-16,,Fall 2016 Intern,2016-09-12,2016,internship,10.706709,8.451063,6
MEM-280-16,Congresswoman Dina Titus (NV-1),Intern,2016-09-12,2016,internship,9.08321,-1.6385912,24
MEM-279-16,Congressman Peter DeFazio (OR-04),Intern,2016-09-12,2016,internship,7.497074,1.3835896,37
MEM-278-16,,Intern,2016-09-05,2016,internship,4.3170867,4.5426445,-1
MEM-277-16,Congressman Jim Renacci (OH-16),"Full Time Intern, Fall 2016",2016-09-05,2016,internship,4.5809503,2.4206069,32
MEM-411-17,Congressman Michael E. Capuano (MA-07),Spring 2018 Intern,2017-10-30,2017,internship,4.649611,7.134053,37
MEM-410-17,Congressman Jamie Raskin (MD-08),Congressional Intern,2017-10-30,2017,internship,6.6025453,2.8559506,-1
MEM-408-17,,Winter 2018 Intern,2017-10-30,2017,internship,10.7261915,8.443436,6
MEM-407-17,,Intern,2017-10-30,2017,internship,13.152312,8.290848,4
MEM-406-17,,Spring 2018 Policy Intern,2017-10-30,2017,internship,21.099169,7.6773486,0
MEM-404-17,Congressman Adam Kinzinger (IL-16),Full-Time Intern,2017-10-30,2017,internship,7.1170187,-0.9899745,-1
MEM-403-17,Congressman John R. Carter (TX-31),Spring Semester Intern,2017-10-30,2017,internship,6.4076576,-0.37574157,-1
MEM-402-17,Congresswoman Martha McSally (AZ-02),Spring Intern,2017-10-30,2017,internship,8.005888,1.7385844,-1
MEM-401-17,Congressman Jack Bergman (MI-01),Intern,2017-10-30,2017,internship,-1.4628397,2.584243,-1
MEM-400-17,Congresswoman Jackie Walorski (IN-02),Full-Time Spring 2018 Intern,2017-10-30,2017,internship,6.2956195,1.9252104,-1
MEM-399-17,,Intern,2017-10-30,2017,internship,9.171006,2.2868128,-1
MEM-398-17,Representative Claudia Tenney (NY-22),Spring Intern,2017-10-30,2017,internship,4.464539,1.135457,-1
MEM-396-17,Congresswoman Judy Chu (CA-27),Intern,2017-10-30,2017,internship,10.951952,2.141586,29
MEM-394-17,Congressman Joe Barton (TX-06),Spring 2018 Full-Time Intern,2017-10-30,2017,internship,6.802547,0.695883,-1
MEM-558-23,Congresswoman Summer Lee (PA-12),Congressional Intern,2023-10-30,2023,internship,7.5368624,2.2441804,-1
MEM-557-23,Congressman Eric Sorensen (IL-17),Spring 2024 Intern,2023-10-30,2023,internship,7.2398467,3.4739199,34
MEM-555-23,,Spring Legal Intern,2023-10-30,2023,internship,8.78462,10.449748,-1
MEM-554-23,,Spring Press Intern,2023-10-30,2023,internship,13.538005,19.179783,-1
MEM-553-23,,Spring Intern,2023-10-30,2023,internship,4.984979,4.5369406,-1
MEM-550-23,Congresswoman Sylvia R. Garcia (TX-29),Legislative Intern,2023-10-30,2023,internship,-2.361683,6.8261695,-1
MEM-549-23,Congresswoman Lori Trahan (MA-03),Press Intern,2023-10-30,2023,internship,13.221066,19.004833,-1
MEM-548-23,Congressman Salud Carbajal (CA-24),Digital/Press Intern,2023-10-30,2023,internship,12.467683,19.428263,21
MEM-547-23,Congresswoman Sheila Cherfilus-McCormick (FL-20),Spring 2024 Legislative Intern,2023-10-30,2023,internship,8.909644,8.732248,-1
MEM-545-23,Congresswoman Lori Trahan (MA-03),Spring 2024 Intern,2023-10-30,2023,internship,6.625371,1.1484182,-1
MEM-542-23,Congressman French Hill (AR-02),Spring 2024 Intern,2023-10-30,2023,internship,8.638143,0.5278693,-1
MEM-541-23,Congresswoman Andrea Salinas (OR-06),Spring Intern,2023-10-30,2023,internship,8.9187765,3.00714,-1
MEM-540-23,Congresswoman Gwen Moore (WI-04),Spring 2024 Intern,2023-10-30,2023,internship,6.1355844,3.7099886,-1
MEM-337-16,"Congressman Raul Ruiz, M.D. (CA-36)",Press Intern,2016-10-31,2016,internship,13.449077,19.387611,22
MEM-336-16,Congressman Pete Aguilar (CA-31),Intern,2016-10-31,2016,internship,4.8984194,3.1785016,-1
MEM-335-16,Congressman Earl Blumenauer (OR-03),Intern (Winter 2017),2016-10-31,2016,internship,7.678136,1.645847,-1
MEM-334-16,Congresswoman Norton (DC-00),Intern,2016-10-31,2016,internship,8.956201,1.8452725,-1
MEM-332-16,,Legislative Intern,2016-10-31,2016,internship,10.499067,9.884707,-1
MEM-331-16,,Intern,2016-10-31,2016,internship,6.3630443,1.9219043,-1
MEM-330-16,,Intern,2016-10-31,2016,internship,7.2346873,4.980121,-1
MEM-329-16,,Winter-Spring 2017 Intern,2016-10-31,2016,internship,11.186035,8.401354,6
MEM-328-16,,Press Intern,2016-10-31,2016,internship,0.47909483,-0.42823133,-1
MEM-327-16,,Congressional Intern,2016-10-31,2016,internship,1.7623322,7.644582,11
MEM-326-16,,Intern,2016-10-31,2016,internship,5.590358,-1.5509589,-1
MEM-325-16,Congressman Bruce Westerman (AR-04),Spring and Summer 2016 Intern,2016-10-31,2016,internship,7.4258027,0.27286428,39
MEM-324-16,Congressman Dan Donovan (NY-11),Spring Intern,2016-10-31,2016,internship,6.773726,0.9693228,-1
MEM-517-22,Congresswoman Norma Torres (CA-35),Spring 2023 Intern,2022-10-31,2022,internship,6.078692,3.0142553,-1
MEM-516-22,Congressman Ro Khanna (CA-17),Spring Intern,2022-10-31,2022,internship,11.892306,18.370047,20
MEM-515-22,Congressman Chris Pappas (NH-01),Intern,2022-10-31,2022,internship,6.4245377,-0.53256506,-1
MEM-512-22,Congressman Jerry Nadler (NY-10),Spring 2023 Undergraduate Intern,2022-10-31,2022,internship,6.80982,5.815896,-1
MEM-511-22,Congresswoman Susie Lee (NV-03),Spring Intern,2022-10-31,2022,internship,8.872481,-2.753875,25
MEM-509-22,Congressman Troy Nehls (TX-22),Full-Time Intern,2022-10-31,2022,internship,5.3356795,3.859846,-1
MEM-260-15,Congresswoman Tulsi Gabbard (HI-02),National Security Intern,2015-08-24,2015,internship,10.5092945,9.912419,-1
MEM-231-15,,Intern,2015-08-17,2015,internship,6.3418283,2.7521892,-1
MEM-230-15,Congressman Luis V. Gutiérrez (IL-04),Fall 2015 Intern,2015-08-17,2015,internship,5.503649,1.6812009,40
MEM-229-15,Congressman Vern Buchanan (FL-16),Intern,2015-08-17,2015,internship,5.996691,0.6041646,-1
MEM-228-15,,Intern,2015-08-17,2015,internship,4.3117313,4.536196,-1
MEM-226-15,Congresswoman Chellie Pingree (ME-01),Fall Intern,2015-08-10,2015,internship,7.497575,3.8446574,-1
MEM-225-15,Congresswoman Zoe Lofgren (CA-19),Fall 2015 Intern,2015-08-10,2015,internship,5.8760295,2.6857932,-1
MEM-224-15,Congressman John Ratcliffe (TX-04),Intern,2015-08-10,2015,internship,6.459729,0.22379403,-1
MEM-223-15,,Congressional Intern,2015-08-10,2015,internship,7.9200816,-0.12835202,-1
MEM-222-15,,Fall 2015 Intern,2015-08-10,2015,internship,8.487298,1.0472317,35
MEM-484-21,,Press Internship,2021-11-01,2021,internship,14.006481,19.32581,-1
MEM-483-21,,Operations Internship,2021-11-01,2021,internship,10.55073,3.9622538,-1
MEM-482-21,Congresswoman Dina Titus (NV-1),Spring 2022 Intern,2021-11-01,2021,internship,9.077433,-1.6644973,24
MEM-481-21,Congressman Mondaire Jones (NY-17),Spring 2022 Intern,2021-11-01,2021,internship,5.6194577,3.4290154,-1
MEM-479-21,Congressman John Sarbanes (MD),Legislative Intern,2021-11-01,2021,internship,2.0372872,7.295932,-1
MEM-477-21,Congresswoman Katie Porter (CA-45),Spring Intern,2021-11-01,2021,internship,2.4828079,4.8823056,-1
MEM-473-21,Congressman Ken Buck (CO-04),Legal Intern,2021-11-01,2021,internship,9.012597,10.60785,-1
MEM-472-21,Congressman Ken Buck (CO-04),Spring 2022 Intern,2021-11-01,2021,internship,6.596868,2.086546,42
MEM-471-21,,Spring 2022 Intern,2021-11-01,2021,internship,5.857662,1.8188311,-1
MEM-468-21,Congressman Ted W. Lieu (CA-33),Spring 2022 Legislative Intern,2021-11-01,2021,internship,6.12668,2.5072882,-1
MEM-467-21,Congressman David N. Cicilline (RI-01),Part-Time Remote Legal Intern,2021-11-01,2021,internship,9.038931,10.44782,-1
MEM-466-21,Congressman Josh Harder (CA-10),Paid Spring Legislative Intern,2021-11-01,2021,internship,8.946221,1.2282609,-1
MEM-465-21,Congresswoman Kat Cammack (FL-03),Press Intern,2021-11-01,2021,internship,12.596926,19.31525,-1
MEM-464-21,Congresswoman Kat Cammack (FL-03),Spring 2022 Intern,2021-11-01,2021,internship,7.8928943,-0.5446025,-1
MEM-463-21,Congressman Tom Reed (NY-23),Internship,2021-11-01,2021,internship,5.088213,0.70077014,-1
MEM-462-21,,Paid Intern,2021-11-01,2021,internship,5.4735384,2.406748,-1
MEM-461-21,Congresswoman Suzan DelBene (WA-01),Intern,2021-11-01,2021,internship,7.229404,3.5081072,34
MEM-460-21,Congressman Pete Aguilar (CA-31),Intern,2021-11-01,2021,internship,5.034187,3.1770923,-1
MEM-457-21,Congresswoman Cindy Axne (IA-03),Press/Digital Fellow,2021-11-01,2021,internship,12.851786,20.071463,-1
MEM-456-21,Congresswoman Cindy Axne (IA-03),Spring 2022 Intern,2021-11-01,2021,internship,7.446419,2.3349645,-1
MEM-454-21,Congressman Anthony G. Brown (MD-04),Intern,2021-11-01,2021,internship,5.3028054,3.5614412,-1
MEM-453-21,Congresswoman Lori Trahan (MA-03),General Internship,2021-11-01,2021,internship,5.661887,2.9893053,-1
MEM-447-21,Congresswoman Brenda L. Lawrence (MI-14),Legislative Intern,2021-11-01,2021,internship,3.6608987,3.736751,31
MEM-446-21,"Congressman Ami Bera, M.D. (CA-07)",Winter/Spring 2021 Congressional Intern,2021-11-01,2021,internship,6.9828496,2.867337,-1
MEM-444-21,Congressman Lloyd Doggett (TX-35),Spring Intern,2021-11-01,2021,internship,6.935346,4.6997566,-1
MEM-442-21,Congresswoman Madeleine Dean (PA-04),Legislative Intern,2021-11-01,2021,internship,3.5438817,5.0038013,16
MEM-441-21,Congresswoman Madeleine Dean (PA-04),Press Internship,2021-11-01,2021,internship,13.636261,19.953257,23
MEM-437-21,Congresswoman Lois Frankel (FL-21),Spring 2022 Intern,2021-11-01,2021,internship,4.689994,8.221603,18
MEM-435-21,Congresswoman Susan Wild (PA-07),Legislative and Press Intern,2021-11-01,2021,internship,2.1458368,3.5992131,-1
MEM-434-21,Congressman Ken Buck (CO-04),Legal Intern,2021-11-01,2021,internship,8.970628,10.562007,-1
MEM-433-21,Congressman Conor Lamb (PA-17),Congressional Intern,2021-11-01,2021,internship,2.0902712,3.5502877,26
MEM-432-21,Representative Pramila Jayapal (WA-07),Paid Intern (Spring 2022),2021-11-01,2021,internship,5.7657323,3.934202,-1
MEM-431-21,Congresswoman Marilyn Strickland (WA-10),District Office Spring Intern,2021-11-01,2021,internship,7.7449045,5.4070396,-1
MEM-430-21,Congresswoman Marilyn Strickland (WA-10),DC Office Spring Internships,2021-11-01,2021,internship,8.011944,6.5144773,-1
MEM-429-21,Congressman Bruce Westerman (AR-04),Paid Intern (Spring 2022),2021-11-01,2021,internship,7.2568355,2.1511545,-1
MEM-428-21,Congressman Joseph Morelle (NY-25),Spring 2022 Intern,2021-11-01,2021,internship,7.8842225,6.014977,-1
MEM-427-21,Congressman Joseph Morelle (NY-25),Paid Intern,2021-11-01,2021,internship,7.911674,6.09785,-1
MEM-426-21,Congresswoman Susie Lee (NV-03),Spring Intern,2021-11-01,2021,internship,8.864511,-2.751585,25
MEM-265-20,,Spring Intern,2020-11-02,2020,internship,7.0531807,4.6493096,-1
MEM-262-20,Congresswoman Gwen Moore (WI-04),Part-Time Virtual Intern (Spring 2021),2020-11-02,2020,internship,5.6109996,6.267871,-1
MEM-579-19,Congressman Donald Norcross (NJ-01),Press and Legislative Intern,2019-11-04,2019,internship,11.968231,18.384491,20
MEM-578-19,Congressman Greg Steube (FL-17),Spring Intern,2019-11-04,2019,internship,6.3075085,2.5549135,-1
MEM-577-19,Congresswoman Susan Wild (PA-07),Press Intern,2019-11-04,2019,internship,13.201672,18.971079,-1
MEM-576-19,Congresswoman Susan Wild (PA-07),Congressional Intern,2019-11-04,2019,internship,2.0902174,3.5512526,26
MEM-575-19,,Full-Time Intern,2019-11-04,2019,internship,8.071529,8.258535,-1
MEM-574-19,Congressman Dan Newhouse (WA-04),Spring 2019 Paid Intern,2019-11-04,2019,internship,8.835301,3.770524,-1
MEM-573-19,Congressman Eric Swalwell (CA-15),Press Intern,2019-11-04,2019,internship,13.582325,19.402048,-1
MEM-572-19,Congressman Daniel Lipinski (IL-03),Spring Intern,2019-11-04,2019,internship,8.521281,2.436892,-1
MEM-571-19,Congressman Sean Casten (IL-06),Paid Intern (Spring 2020),2019-11-04,2019,internship,7.1599326,-0.93571216,-1
MEM-570-19,Congressman John Sarbanes (MD-03),Legislative Intern,2019-11-04,2019,internship,2.0545988,7.248508,-1
MEM-569-19,Congressman Steven Palazzo (MS-04),Fall and Spring Intern,2019-11-04,2019,internship,6.8617015,4.579114,-1
MEM-565-19,Congressman Brad Schneider (IL-10),Legislative Intern,2019-11-04,2019,internship,5.974597,3.2768643,-1
MEM-564-19,Congressman Brad Schneider (IL-10),Press Intern,2019-11-04,2019,internship,13.670226,19.608923,-1
MEM-563-19,,Fall 2019 Internship,2019-11-04,2019,internship,11.194539,8.400958,6
MEM-562-19,Congressman Mike Johnson (LA-04),Full-Time and Part-Time Intern,2019-11-04,2019,internship,7.3950853,-1.1115903,-1
MEM-561-19,Congressman Paul Mitchell (MI-10),Full Time Paid Intern,2019-11-04,2019,internship,5.018275,2.2770662,-1
MEM-560-19,Congressman Paul Cook (CA-08),Intern,2019-11-04,2019,internship,6.9397306,-3.516821,37
MEM-559-19,,Spring Intern,2019-11-04,2019,internship,7.026023,4.6409063,-1
MEM-558-19,,Financial Services Intern,2019-11-04,2019,internship,7.6121182,10.351452,-1
MEM-557-19,,Intern,2019-11-04,2019,internship,7.8633146,-0.67462236,-1
MEM-556-19,Congressman John Ratcliffe (TX-04),Spring Internship,2019-11-04,2019,internship,6.092231,-0.3285896,-1
MEM-554-19,,Spring Internship,2019-11-04,2019,internship,6.308038,1.4073738,41
MEM-553-19,,Spring 2020 Intern,2019-11-04,2019,internship,9.848711,10.179719,-1
MEM-552-19,Congressman Dan Meuser (PA-09),Spring 2020 Intern,2019-11-04,2019,internship,3.8053834,2.7586684,-1
MEM-551-19,Congressman Paul Tonko (NY-20),Legislative Intern,2019-11-04,2019,internship,3.1489146,7.310192,-1
MEM-550-19,Congressman Paul Tonko (NY-20),Press Intern,2019-11-04,2019,internship,13.6109705,17.79636,-1
MEM-549-19,Congresswoman Sylvia R. Garcia (TX-29),Legislative Intern,2019-11-04,2019,internship,-2.3609161,6.8264203,-1
MEM-548-19,Congresswoman Sylvia R. Garcia (TX-29),Press Intern,2019-11-04,2019,internship,13.21645,19.481028,-1
MEM-401-18,,Full/Part-Time Intern,2018-11-05,2018,internship,6.352578,1.8735113,-1
MEM-400-18,Congressman Glenn Grothman (WI-06),Full-Time Intern (Spring 2019),2018-11-05,2018,internship,4.542732,0.4008222,44
MEM-399-18,Congressman Elijah E. Cummings (MD-07),Intern,2018-11-05,2018,internship,4.0497594,3.5206828,31
MEM-398-18,Congressman Elijah E. Cummings (MD-07),Law Fellow,2018-11-05,2018,internship,8.341185,10.194477,-1
MEM-397-18,Congressman Mike Quigley (IL-05),Spring Intern,2018-11-05,2018,internship,8.123516,2.237815,-1
MEM-396-18,"Congressman Emanuel Cleaver, II (MO-05)",Congressional Intern (Spring 2019),2018-11-05,2018,internship,7.9535875,2.5586317,-1
MEM-395-18,Congressman Tom Suozzi (NY-03),Intern,2018-11-05,2018,internship,4.8698964,1.1950846,-1
MEM-575-23,Congressman Rob Wittman (VA-01),Congressional Intern,2023-11-06,2023,internship,7.786547,2.6907597,-1
MEM-572-23,Congresswoman Dina Titus (NV-01),Spring 2024 Intern,2023-11-06,2023,internship,8.115668,0.35081673,-1
MEM-571-23,,Law Clerk,2023-11-06,2023,internship,8.051278,11.483304,1
MEM-569-23,,Spring Intern,2023-11-06,2023,internship,7.340283,3.778666,-1
MEM-568-23,Congressman Jerry Nadler (NY-12),Paid Spring 2024 Intern,2023-11-06,2023,internship,6.8036747,5.839373,-1
MEM-567-23,Congresswoman Shontel Brown (OH-11),Spring Intern,2023-11-06,2023,internship,6.7557664,0.86513954,-1
MEM-566-23,Representative Tony Gonzales (TX-23),Full-Time Spring 2024 Intern,2023-11-06,2023,internship,7.198275,3.9052393,-1
MEM-563-23,Representative Rick Larsen (WA-02),Spring 2024 Intern,2023-11-06,2023,internship,6.7637415,0.76337457,42
MEM-562-23,Congressman Bruce Westerman (AR-04),Legislative Intern,2023-11-06,2023,internship,8.683003,0.5010868,-1
MEM-561-23,Congressman Glenn Grothman (WI-06),Spring Congressional Internship,2023-11-06,2023,internship,7.609161,2.6554182,-1
MEM-560-23,Congresswoman Mikie Sherrill (NJ-11),Spring 2024 Intern,2023-11-06,2023,internship,6.6737065,5.6832976,-1
MEM-526-22,Congressman Doug LaMalfa (CA-01),Spring 2023 Intern,2022-11-07,2022,internship,5.636218,5.2136064,13
MEM-525-22,Congressman Bill Johnson (OH-06),Spring 2023 Intern,2022-11-07,2022,internship,6.7009673,0.9307741,42
MEM-524-22,Congressman Greg Murphy (NC-03),Spring 2023 Intern,2022-11-07,2022,internship,-0.015883943,9.088155,-1
MEM-523-22,Congresswoman Grace F. Napolitano (CA-31),Congressional Internship,2022-11-07,2022,internship,6.835063,3.219173,-1
MEM-521-22,Congresswoman Abigail Spanberger (VA-07),Spring 2023 Internship,2022-11-07,2022,internship,7.958985,4.387019,-1
MEM-520-22,Congressman Mark Pocan (WI-02),Fall Intern,2022-11-07,2022,internship,5.618696,6.2929196,14
MEM-517-21,Congressman John Garamendi (CA-03),Fall Congressional Internship,2021-11-08,2021,internship,6.9252553,-3.612333,37
MEM-514-21,,"Legislative, Press/Digital Interns",2021-11-08,2021,internship,5.819727,13.539382,8
MEM-513-21,Congressman Sean Patrick Maloney (NY-18),Congressional Intern (Spring 2022),2021-11-08,2021,internship,6.5722594,2.675155,-1
MEM-510-21,,Spring 2022 Intern,2021-11-08,2021,internship,11.718327,9.351402,2
MEM-504-21,Congressman Ronny Jackson (TX-13),Intern,2021-11-08,2021,internship,6.4130797,2.8260796,-1
MEM-502-21,,Intern,2021-11-08,2021,internship,8.585257,11.088771,-1
MEM-500-21,Congressman Adam B. Schiff (CA-28),Legislative Intern,2021-11-08,2021,internship,7.298602,3.782456,-1
MEM-499-21,,Law Student Intern,2021-11-08,2021,internship,9.043801,10.718428,3
MEM-498-21,Congressman Gerald E. Connolly (VA-11),Spring 2022 Intern,2021-11-08,2021,internship,6.135887,4.8328695,-1
MEM-496-21,Congressman Chris Pappas (NH-01),Spring Intern,2021-11-08,2021,internship,8.394299,4.146017,-1
MEM-495-21,Congresswoman Gwen Moore (WI-04),Legislative Intern,2021-11-08,2021,internship,5.954612,3.592152,-1
MEM-494-21,Congressman Peter DeFazio (OR-04),Spring 2022 Intern,2021-11-08,2021,internship,7.2634554,1.7111558,-1
MEM-493-21,Congressman Jim Costa (CA-16),Spring 2022 Intern,2021-11-08,2021,internship,5.4997153,1.7039105,-1
MEM-492-21,Congressman Mike Levin (CA-49),Spring 2022 Intern,2021-11-08,2021,internship,5.6458554,3.459993,-1
MEM-488-21,Congresswoman Angie Craig (MN-02),Spring Intern,2021-11-08,2021,internship,6.7981405,3.189976,-1
MEM-485-21,Congressman Earl Blumenauer (OR-03),Spring Intern,2021-11-08,2021,internship,8.92198,2.9828696,-1
MEM-275-20,,Spring 2020 Intern,2020-11-09,2020,internship,10.577129,8.203708,6
MEM-274-20,,"Full-Time Paid Intern, Winter 2021",2020-11-09,2020,internship,9.671192,7.9237933,-1
MEM-273-20,,Legislative or Press Intern,2020-11-09,2020,internship,5.813041,13.520505,8
MEM-271-20,Congressman Jeff Van Drew (NJ-02),Spring Intern,2020-11-09,2020,internship,5.8869853,-0.9191456,38
MEM-270-20,Congressman Greg Murphy (NC-03),Intern,2020-11-09,2020,internship,-0.04736381,9.113259,-1
MEM-267-20,,Spring 2021 Full-Time Intern,2020-11-09,2020,internship,5.6579013,-0.27937692,-1
MEM-266-20,,"Full-Time Graduate Intern, Spring 2021",2020-11-09,2020,internship,9.278851,10.887239,3
MEM-367-14,Congressman Michael Capuano (MA-7),Full-Time Intern,2014-11-10,2014,internship,8.91156,1.8630657,-1
MEM-365-14,Congressman Vern Buchanan (FL-16),Spring Intern,2014-11-10,2014,internship,7.139573,4.460488,-1
MEM-363-14,Congresswoman Louise M. Slaughter (NY-25),Press Intern,2014-11-10,2014,internship,14.21403,20.026346,19
MEM-362-14,Congresswoman Louise Slaughter (NY-25),Intern,2014-11-10,2014,internship,6.8654833,7.2449856,-1
MEM-361-14,,Spring 2015 Intern,2014-11-10,2014,internship,6.578868,4.6372857,-1
MEM-360-14,Congresswoman Eddie Bernice Johnson (TX-30),Spring 2015 Intern,2014-11-10,2014,internship,6.436294,4.7167735,-1
MEM-359-14,,Unpaid Press Intern,2014-11-10,2014,internship,-10.533649,13.256145,-1
MEM-358-14,,Legislative Intern,2014-11-10,2014,internship,-3.7366726,-0.5135627,30
MEM-356-14,Congressman Blaine Luetkemeyer (MO-3),Spring 2015 Intern,2014-11-03,2014,internship,5.9476347,0.601373,-1
MEM-355-14,Congressman Albio Sires (NJ-08),Intern,2014-11-03,2014,internship,5.3218813,0.10652715,-1
MEM-354-14,,Press Intern,2014-11-03,2014,internship,13.647825,18.24872,-1
MEM-353-14,Congressman John K. Delaney (MD-06),District Office Intern,2014-11-03,2014,internship,8.0672455,5.079279,-1
MEM-352-14,,Congressional Intern,2014-11-03,2014,internship,8.305018,1.3589165,35
MEM-351-14,,Intern,2014-11-03,2014,internship,3.6797898,14.7646475,-1
MEM-350-14,,Congressional Intern,2014-11-03,2014,internship,2.0794995,7.927024,-1
MEM-595-19,Congressman Glenn Grothman (WI-06),Full-Time Paid Intern,2019-11-12,2019,internship,4.50815,0.34093392,44
MEM-594-19,Congressman Doug LaMalfa (CA-01),Spring 2020 Intern,2019-11-12,2019,internship,5.7028246,5.122131,13
MEM-593-19,,Spring Intern,2019-11-12,2019,internship,4.222436,1.0129781,-1
MEM-591-19,Congressman Sean Patrick Maloney (NY-18),Full Time Paid Legislative Intern,2019-11-12,2019,internship,5.0401845,0.85841966,-1
MEM-590-19,Congresswoman Madeleine Dean (PA-04),Press Intern,2019-11-12,2019,internship,13.083053,19.25031,-1
MEM-589-19,Congresswoman Madeleine Dean (PA-04),Legislative Intern,2019-11-12,2019,internship,3.9340613,3.676888,31
MEM-588-19,Congressman Frank Lucas (OK-3),"Paid Intern, Spring 2020",2019-11-12,2019,internship,7.4225316,-1.1743826,-1
MEM-586-19,Congressman Lloyd Smucker (PA-11),Intern,2019-11-12,2019,internship,5.6318207,1.2317926,-1
MEM-585-19,Congressman Alcee L. Hastings (FL-20),Press Intern,2019-11-12,2019,internship,13.732432,17.646025,-1
MEM-584-19,Congressman John Garamendi (CA-03),Intern,2019-11-12,2019,internship,6.917094,-3.600135,37
MEM-583-19,Congressman Brendan F. Boyle (PA-02),Congressional Intern,2019-11-12,2019,internship,3.8156714,2.7425685,-1
MEM-582-19,,Law Student Intern,2019-11-12,2019,internship,9.087778,10.718332,3
MEM-581-19,,Spring 2020 Operations Intern,2019-11-12,2019,internship,10.554425,3.955822,-1
MEM-580-19,Congressman Jerrold Nadler (NY-10),Intern,2019-11-12,2019,internship,6.78109,4.506853,-1
MEM-453-17,Congressman Robert A. Brady (PA-01),Summer Intern,2017-11-13,2017,internship,3.1296523,2.437305,-1
MEM-452-17,Congressman Michael E. Capuano (MA-07),Intern,2017-11-13,2017,internship,4.8057404,7.082262,-1
MEM-451-17,,Communications Intern,2017-11-13,2017,internship,14.0350485,19.536018,10
MEM-450-17,Congressman Dave Reichert (WA-08),Intern,2017-11-13,2017,internship,8.874289,2.2262323,-1
MEM-449-17,Congresswoman Dina Titus (NV-1),Spring 2018 Intern,2017-11-13,2017,internship,9.067493,-1.6812615,24
MEM-446-17,Congressman Mario Diaz-Balart (FL-25),Spring Intern,2017-11-13,2017,internship,6.9493847,1.5429506,-1
MEM-445-17,Congresswoman Diana DeGette (CO-01),Intern,2017-11-13,2017,internship,4.053093,2.1577647,32
MEM-444-17,Congressman Matt Cartwright (PA-17),Spring 2018 Intern,2017-11-13,2017,internship,3.8500488,2.7955725,-1
MEM-443-17,,Intern,2017-11-13,2017,internship,5.7657967,12.7590885,8
MEM-442-17,Congressman Kurt Schrader (OR-05),Winter/Spring Intern,2017-11-13,2017,internship,5.4471703,-0.022578215,-1
MEM-441-17,,"Graduate And Undergraduate Intern, Winter/Spring 2018",2017-11-13,2017,internship,9.007494,8.827536,28
MEM-440-17,Congressman John Sarbanes (MD-03),Spring 2018 Intern,2017-11-13,2017,internship,5.8505535,5.45427,13
MEM-439-17,Congressman Jeff Fortenberry (NE-01),Capitol Hill Intern,2017-11-13,2017,internship,5.1703687,-0.50891334,-1
MEM-438-17,Congressman Pete Aguilar (CA-31),Intern,2017-11-13,2017,internship,4.9101114,3.1883173,-1
MEM-437-17,,Spring Intern,2017-11-13,2017,internship,7.053166,4.6025896,-1
MEM-436-17,Congressman Bill Johnson (OH-06),Intern,2017-11-13,2017,internship,6.80567,0.32246393,43
MEM-434-17,,Legislative Intern,2017-11-06,2017,internship,3.9215398,5.380589,16
MEM-433-17,,Spring Intern,2017-11-06,2017,internship,6.2473035,2.602107,41
MEM-432-17,Congressman Dan Kildee (MI-05),Spring Intern,2017-11-06,2017,internship,8.34981,4.0079055,-1
MEM-431-17,Congressman Charlie Crist (FL-13),Intern,2017-11-06,2017,internship,8.991721,-0.957679,24
MEM-430-17,,Spring Intern,2017-11-06,2017,internship,10.68713,3.8199587,-1
MEM-429-17,Congressman Paul Gosar (AZ-04),Intern,2017-11-06,2017,internship,8.555928,2.0514321,-1
MEM-427-17,Congresswoman Brenda L. Lawrence (MI-14),Spring 2018 Intern,2017-11-06,2017,internship,6.1262465,1.3398619,-1
MEM-425-17,Congressman Steve Scalise (LA-01),Spring 2018 Intern,2017-11-06,2017,internship,5.9133224,-0.8663987,38
MEM-424-17,Congressman Mark Pocan (WI-02),Intern,2017-11-06,2017,internship,5.3104734,6.4046474,14
MEM-423-17,Congresswoman Linda Sánchez (CA-38),Full-Time Intern,2017-11-06,2017,internship,3.7073245,0.29388255,-1
MEM-422-17,,Congressional Intern,2017-11-06,2017,internship,1.7666,7.6474166,11
MEM-421-17,Congresswoman Norton (DC-00),Congressional Intern,2017-11-06,2017,internship,7.8976703,2.677139,-1
MEM-420-17,Congressman Don Beyer (VA-08),Spring Intern,2017-11-06,2017,internship,6.322865,-0.17160505,-1
MEM-418-17,Congresswoman Louise Slaughter (NY-25),Press Intern,2017-11-06,2017,internship,14.276604,20.077633,19
MEM-417-17,Congresswoman Louise M. Slaughter (NY-25),Spring 2018 Intern,2017-11-06,2017,internship,6.9777937,7.4482107,-1
MEM-416-17,,Press Intern,2017-11-06,2017,internship,14.233217,19.6328,-1
MEM-415-17,Congressman Jason Smith (MO-08),Spring Intern,2017-11-06,2017,internship,5.2496314,-0.42982614,35
MEM-414-17,Congressman Eliot Engel (NY-16),Intern,2017-11-06,2017,internship,6.8445096,3.6397157,-1
MEM-413-17,Congressman Bruce Poliquin (ME-02),Intern,2017-11-06,2017,internship,7.196596,2.9010565,-1
MEM-412-17,Congressman Al Lawson (FL-05),Intern,2017-11-06,2017,internship,5.546411,1.3566053,-1
MEM-587-23,Congresswoman Kat Cammack (FL-03),"Spring 2024 Intern - Washington, D.C.",2023-11-13,2023,internship,6.953155,2.8754318,-1
MEM-585-23,"Congressman Emanuel Cleaver, II (MO-05)",Paid Spring Intern,2023-11-13,2023,internship,4.0652213,1.6852335,-1
MEM-584-23,Congressman Brian Mast (FL-21),Spring 2024 Intern,2023-11-13,2023,internship,8.305137,-0.45720246,-1
MEM-583-23,Congressman Gregory W. Meeks (NY-05),Press/Digital Internship,2023-11-13,2023,internship,11.980819,20.330809,-1
MEM-582-23,Congressman Gregory W. Meeks (NY-05),Legislative Internship,2023-11-13,2023,internship,3.5682828,4.603531,-1
MEM-581-23,Congresswoman Sara Jacobs (CA-51),Spring 2024 Intern,2023-11-13,2023,internship,7.1939163,3.8915067,-1
MEM-576-23,,Press Intern,2023-11-13,2023,internship,13.579729,19.263657,-1
MEM-357-16,Congresswoman Louise Slaughter (NY-25),Press Intern,2016-11-14,2016,internship,14.251838,20.063318,19
MEM-356-16,Congresswoman Louise M. Slaughter (NY-25),Spring Intern,2016-11-14,2016,internship,7.0002985,7.4479375,-1
MEM-355-16,,Winter/Spring Intern,2016-11-14,2016,internship,3.2879887,-1.2810838,-1
MEM-354-16,,Intern,2016-11-14,2016,internship,8.6601715,1.4418681,35
MEM-353-16,Congressman Bill Johnson (OH-06),Spring Intern,2016-11-14,2016,internship,6.779334,0.36374205,43
MEM-349-16,Congressman Mark Pocan (WI-02),Legislative Intern,2016-11-14,2016,internship,5.266134,6.3588457,14
MEM-348-16,Congresswoman Julia Brownley (CA-26),Press Intern,2016-11-07,2016,internship,13.347757,19.159473,-1
MEM-346-16,,Intern,2016-11-07,2016,internship,4.3992825,2.3825898,32
MEM-344-16,Congressman Patrick Meehan (PA-07),Spring 2017 Intern,2016-11-07,2016,internship,4.794358,4.041034,-1
MEM-343-16,Congressman Dan Kildee (MI-05),Intern,2016-11-07,2016,internship,8.356756,4.0333734,-1
MEM-342-16,Congressman Gerald Connolly (VA-11),Spring 2017 Intern,2016-11-07,2016,internship,5.167705,1.8263237,-1
MEM-341-16,Congresswoman Brenda L. Lawrence (MI-14),Intern,2016-11-07,2016,internship,4.0168004,3.5993917,31
MEM-340-16,Congressman Marc Veasey (TX-33),Spring 2017 Intern,2016-11-07,2016,internship,4.878092,3.1858933,-1
MEM-339-16,,Spring 2017 Intern,2016-11-07,2016,internship,7.459818,-0.08880626,-1
MEM-338-16,Congressman Brad Wenstrup (OH-02),Spring 2017 Intern,2016-11-07,2016,internship,7.209519,4.954208,-1
MEM-551-22,Congresswoman Gwen Moore (WI-04),Spring 2023 Intern,2022-11-14,2022,internship,6.1331906,3.7046962,-1
MEM-549-22,Congresswoman Sylvia R. Garcia (TX-29),Legislative Intern,2022-11-14,2022,internship,-2.361981,6.826266,-1
MEM-545-22,Congresswoman Rosa L. DeLauro (CT-03),Spring 2023 Intern,2022-11-14,2022,internship,6.1260285,5.5444655,-1
MEM-542-22,Congresswoman Mikie Sherrill (NJ-11),Spring 2023 Intern,2022-11-14,2022,internship,6.6983457,5.7131777,-1
MEM-538-22,Congressman Raja Krishnamoorthi (IL-08),Press Intern,2022-11-14,2022,internship,13.891919,22.097065,-1
MEM-537-22,Congressman Matt Cartwright (PA-08),Legislative Intern,2022-11-14,2022,internship,3.2036312,3.5445285,-1
MEM-536-22,Congresswoman Eleanor Holmes Norton (DC-00),Spring 2023 Internship Position,2022-11-14,2022,internship,8.104606,5.0775504,-1
MEM-534-22,Congressman Dan Newhouse (WA-04),Spring 2023 Congressional Intern,2022-11-14,2022,internship,4.7817883,4.7771792,-1
MEM-532-22,Congressman David Scott (GA-13),Spring 2023 Intern,2022-11-14,2022,internship,7.175583,3.9105644,-1
MEM-529-22,Congressman Pat Fallon (TX-04),Paid Intern,2022-11-14,2022,internship,5.3528414,3.8859458,-1
MEM-528-22,Congressman Scott Peters (CA-52),Congressional Intern,2022-11-14,2022,internship,2.157603,8.0931015,11
MEM-527-22,Congressman Salud Carbajal (CA-24),Digital/Press Intern,2022-11-14,2022,internship,12.653987,19.539953,21
MEM-524-21,Congressman Ro Khanna (CA-17),Press/Legislative Intern,2021-11-15,2021,internship,11.876094,18.336468,-1
MEM-522-21,Congresswoman Kay Granger (TX-12),Spring 2022 Intern,2021-11-15,2021,internship,6.716382,3.9591172,-1
MEM-521-21,,Intern,2021-11-15,2021,internship,10.280298,1.2309996,36
MEM-519-21,Congresswoman Kay Granger (TX-12),Spring Intern (Paid),2021-11-15,2021,internship,4.772633,4.786352,-1
MEM-518-21,Congressman Jay Obernolte (CA-08),Spring 2022 Intern,2021-11-15,2021,internship,6.161305,2.714864,-1
MEM-398-15,Congressman Jim Langevin (RI-02),Spring 2016 Intern,2015-11-16,2015,internship,5.1816773,6.0474963,14
MEM-397-15,Congressman Brad Ashford (NE-02),Intern,2015-11-16,2015,internship,6.3444214,0.427336,-1
MEM-386-15,Congressman Rob Wittman (VA-01),Spring Intern,2015-11-09,2015,internship,12.966701,0.85622925,17
MEM-381-15,,Press Intern,2015-11-09,2015,internship,0.47903654,-0.42846102,-1
MEM-380-15,,Congressional Intern,2015-11-09,2015,internship,1.775892,7.6612,11
MEM-375-15,,Legislative Intern,2015-11-09,2015,internship,3.83096,5.5579543,16
MEM-372-15,,"Full-Time Intern, Spring 2016",2015-11-09,2015,internship,9.285669,8.425469,-1
MEM-367-15,Congresswoman Louise Slaughter (NY-25),Press Intern,2015-11-09,2015,internship,14.276624,20.079336,19
MEM-364-15,Congresswoman Louise M. Slaughter (NY-25),Spring Intern,2015-11-09,2015,internship,6.98135,7.4481316,-1
MEM-361-15,Congresswoman Mimi Walters (CA-45),Intern,2015-11-09,2015,internship,4.4204774,2.3935494,32
MEM-359-15,,Spring 2016 Intern,2015-11-09,2015,internship,9.123382,2.3406968,-1
MEM-355-15,Congresswoman Jackie Speier (CA-14),Spring Semester Intern,2015-11-02,2015,internship,5.87901,2.255714,-1
MEM-353-15,,Intern,2015-11-02,2015,internship,9.171139,2.2967322,-1
MEM-352-15,,Congressional Intern,2015-11-02,2015,internship,1.9454032,7.8168287,-1
MEM-348-15,Congressman Ted Lieu (CA-33),Spring 2016 Intern,2015-11-02,2015,internship,9.104206,2.354099,-1
MEM-344-15,,Intern,2015-11-02,2015,internship,4.316499,4.5401073,-1
MEM-343-15,,Intern,2015-11-02,2015,internship,4.6164207,7.159976,37
MEM-342-15,,Intern,2015-11-02,2015,internship,5.69817,4.857902,-1
MEM-341-15,Congressman Blaine Luetkemeyer (MO-3),Intern,2015-11-02,2015,internship,5.9542103,0.54955405,-1
MEM-340-15,Congressman French Hill (AR-02),Intern,2015-11-02,2015,internship,8.220517,0.7940675,35
MEM-286-20,,Legislative Intern,2020-11-16,2020,internship,2.0202413,7.315331,-1
MEM-285-20,Congressman Charlie Crist (FL-13),Spring 2021 Intern,2020-11-16,2020,internship,9.273104,-0.6909729,24
MEM-284-20,,Digital Intern,2020-11-16,2020,internship,11.065798,21.198826,15
MEM-283-20,,Press Intern,2020-11-16,2020,internship,14.522467,18.316362,-1
MEM-282-20,Congresswoman Susie Lee (NV-03),Virtual Winter Intern,2020-11-16,2020,internship,8.909068,-2.798947,25
MEM-281-20,Congressman Pete Stauber (MN-08),Spring 2020 Intern,2020-11-16,2020,internship,8.247163,-1.8065573,25
MEM-277-20,,DC Office Intern,2020-11-16,2020,internship,6.3714747,5.155615,-1
MEM-276-20,Congressman Tom McClintock (CA-04),Intern,2020-11-16,2020,internship,10.47051,1.0882207,36
MEM-375-14,Congresswoman Annie Kuster (NH-2),Winter and Spring Intern,2014-11-17,2014,internship,6.749308,1.2239193,-1
MEM-374-14,Congressman Robert A. Brady (PA-01),Intern,2014-11-17,2014,internship,3.670297,2.587294,-1
MEM-373-14,,Constituent Service Intern,2014-11-17,2014,internship,7.809924,4.5928674,-1
MEM-372-14,,Legislative Intern,2014-11-17,2014,internship,3.8108997,5.5733447,16
MEM-371-14,Congressman Mark Amodei (NV-02),Congressional Intern,2014-11-17,2014,internship,7.6487646,1.9478233,-1
MEM-370-14,Congresswoman Jackie Speier (CA-14),Winter Quarter Intern,2014-11-17,2014,internship,5.843525,2.295629,-1
MEM-364-14,Congresswoman Louise Slaughter (NY-25),Intern,2014-11-17,2014,internship,6.881558,7.262778,-1
MEM-434-18,Congresswoman Gwen Moore (WI-04),Press Intern,2018-11-19,2018,internship,-3.7264853,14.086973,23
MEM-432-18,Congresswoman Tulsi Gabbard (HI-02),Intern,2018-11-19,2018,internship,8.134017,3.9396641,-1
MEM-431-18,Congresswoman Gwen Moore (WI-04),Press Intern,2018-11-19,2018,internship,-3.7265158,14.0869665,23
MEM-425-18,Congressman Dwight Evans (PA-03),Spring Intern,2018-11-19,2018,internship,3.0302305,1.6195065,-1
MEM-424-18,Congresswoman Linda Sánchez (CA-38),Spring 2019 Full-Time Intern,2018-11-19,2018,internship,3.7200103,0.29984212,-1
MEM-423-18,Congresswoman Ann Wagner (MO-02),Spring Intern,2018-11-19,2018,internship,8.158273,2.0922742,-1
MEM-380-18,Congresswoman Diana DeGette (CO-01),Intern,2018-11-19,2018,internship,4.0622106,2.1464133,32
MEM-605-19,Congresswoman Mary Gay Scanlon (PA-05),Intern,2019-11-19,2019,internship,6.763676,6.9241943,-1
MEM-604-19,Congresswoman Susie Lee (NV-03),Spring 2020 Intern,2019-11-19,2019,internship,8.722445,-2.0590565,25
MEM-603-19,Congresswoman Eleanor Holmes Norton (DC-00),Spring 2020 Intern,2019-11-19,2019,internship,7.3180404,3.611265,-1
MEM-602-19,,Intern,2019-11-19,2019,internship,-0.9692507,0.15227179,-1
MEM-601-19,Congressman Thomas Suozzi (NY-03),Intern,2019-11-19,2019,internship,4.875314,1.2133079,-1
MEM-600-19,Congressman Thomas Suozzi (NY-03),Press Intern,2019-11-19,2019,internship,13.585836,19.385836,-1
MEM-598-19,,Spring 2020 Intern,2019-11-19,2019,internship,10.38445,8.028054,-1
MEM-597-19,Congresswoman Gwen Moore (WI-04),Press Intern,2019-11-19,2019,internship,-3.72515,14.088027,23
MEM-596-19,Congresswoman Grace Meng (NY-06),Spring 2020 Intern,2019-11-19,2019,internship,6.3614283,2.506206,-1
MEM-356-15,Congresswoman Frederica S. Wilson (FL-24),Press Intern,2015-11-02,2015,internship,14.293596,19.51476,-1
MEM-346-15,Congressman Himes (CT-04),Intern (Winter/Spring Term),2015-11-02,2015,internship,6.1642585,4.5876675,-1
MEM-345-15,,Administrative/Outreach Intern,2015-11-02,2015,internship,7.8115396,4.5559807,-1
MEM-463-17,Congresswoman Elizabeth H. Esty (CT-05),Spring 2018 Intern,2017-11-20,2017,internship,5.794024,5.30739,13
MEM-462-17,Congressman Ro Khanna (CA-17),Intern,2017-11-20,2017,internship,5.878221,2.7442145,-1
MEM-461-17,Congressman Ron Estes (KS-04),Spring Intern,2017-11-20,2017,internship,6.883254,1.3495516,-1
MEM-460-17,Congressman Ben Ray Luján (NM-03),Intern,2017-11-20,2017,internship,5.3985415,-1.7673191,26
MEM-459-17,Congressman Sean P. Duffy (WI-07),Winter/Spring Intern,2017-11-20,2017,internship,7.552202,1.4379776,-1
MEM-457-17,Congressman Tim Walz (MN-01),Spring 2018 Intern,2017-11-20,2017,internship,5.8388286,1.297147,40
MEM-456-17,Congressman Doug LaMalfa (CA-01),Intern,2017-11-20,2017,internship,5.6287165,2.4281526,-1
MEM-455-17,,Intern,2017-11-20,2017,internship,6.0258017,-0.6871853,-1
MEM-454-17,Congresswoman Tulsi Gabbard (HI-02),Press Intern,2017-11-20,2017,internship,10.983383,10.227609,-1
MEM-602-23,Congressman Rob Menendez (NJ-08),Spring 2024 Intern,2023-11-20,2023,internship,7.0346603,3.7451947,-1
MEM-601-23,Congressman Greg Casar (TX-35),Paid Spring 2024 Intern,2023-11-20,2023,internship,7.947634,3.400379,-1
MEM-600-23,Congressman Gabe Amo (RI-01),Spring 2024 Intern,2023-11-20,2023,internship,5.322994,5.748142,-1
MEM-599-23,Congresswoman Katie Porter (CA-47),Spring Intern,2023-11-20,2023,internship,2.4853027,4.8793297,-1
MEM-598-23,,Max Kampelman Fellow,2023-11-20,2023,internship,7.8200197,9.623118,-1
MEM-597-23,,Press/Digital Intern,2023-11-20,2023,internship,6.0352526,13.802632,8
MEM-596-23,,Legislative Intern,2023-11-20,2023,internship,5.8042674,13.49783,8
MEM-595-23,Congresswoman Susie Lee (NV-03),Spring Intern,2023-11-20,2023,internship,8.85085,-2.7366345,25
MEM-594-23,Representative Rick Larsen (WA-02),Spring 2024 Intern,2023-11-20,2023,internship,6.812505,0.8485597,-1
MEM-593-23,Congressman Gabe Amo (RI-01),Spring 2024 Intern,2023-11-20,2023,internship,5.3108377,5.743445,-1
MEM-592-23,Congresswoman Angie Craig (MN-02),Winter Intern,2023-11-20,2023,internship,9.118427,5.024127,-1
MEM-591-23,,Intern,2023-11-20,2023,internship,10.436989,1.1160002,36
MEM-590-23,Congressman Pat Ryan (NY-18),Spring 2024 Intern,2023-11-20,2023,internship,7.2893033,3.5457613,-1
MEM-586-23,"Congressman Emanuel Cleaver, II (MO-05)",Spring Intern,2023-11-20,2023,internship,4.0497775,1.709587,-1
MEM-371-16,Congressman John Garamendi (CA-03),Intern,2016-11-21,2016,internship,6.9572806,-3.640336,37
MEM-370-16,,Spring Intern,2016-11-21,2016,internship,10.678908,3.8170424,-1
MEM-369-16,Congresswoman Diana DeGette (CO-01),Intern,2016-11-21,2016,internship,4.0462713,2.1580129,32
MEM-368-16,Congressman Sanford D. Bishop (GA-02),Press Intern,2016-11-21,2016,internship,14.008216,19.941141,19
MEM-366-16,Congressman Patrick Meehan (PA-07),Spring 2017 Intern,2016-11-21,2016,internship,4.777515,4.03644,-1
MEM-364-16,Congresswoman Tulsi Gabbard (HI-02),Press Intern,2016-11-21,2016,internship,10.981434,10.229435,-1
MEM-363-16,Congressman Derek Kilmer (WA-06),Intern,2016-11-21,2016,internship,0.19584027,18.090925,-1
MEM-362-16,Congressman Jim Sensenbrenner (WI-05),Spring 2016 Intern,2016-11-21,2016,internship,8.255492,1.3240068,-1
MEM-360-16,Congressman Jim Langevin (RI-02),Spring 2017 Intern,2016-11-21,2016,internship,5.184839,6.0257144,14
MEM-359-16,Congressman Bill Posey (FL-08),Spring Intern,2016-11-21,2016,internship,7.9289284,-0.5192199,43
MEM-569-22,Congresswoman Abigail Spanberger (VA-07),Spring 2023 Intern,2022-11-21,2022,internship,7.9746237,4.386285,-1
MEM-568-22,Congresswoman Abigail Spanberger (VA-07),Press Fellow,2022-11-21,2022,internship,13.184487,19.998745,-1
MEM-564-22,Representative Rick Larsen (WA-02),Spring 2023 Intern,2022-11-21,2022,internship,6.7850676,0.76739013,42
MEM-562-22,Congresswoman Susan Wild (PA-07),Legislative and Press Intern,2022-11-21,2022,internship,2.124906,3.5814247,-1
MEM-561-22,Congresswoman Kim Schrier (WA-08),Spring Intern,2022-11-21,2022,internship,7.50267,3.5886302,34
MEM-559-22,,Legislative Intern,2022-11-21,2022,internship,8.994162,8.771807,28
MEM-558-22,Congressman Seth Moulton (MA-06),Spring 2023 Intern,2022-11-21,2022,internship,7.476676,4.300388,33
MEM-557-22,Congressman Seth Moulton (MA-06),Fern Holland International Affairs Fellow,2022-11-21,2022,internship,7.782816,9.601768,-1
MEM-553-22,Congresswoman Kat Cammack (FL-03),"Full-Time Paid Intern, Spring 2023",2022-11-21,2022,internship,6.9387755,2.7815363,-1
MEM-552-22,Congressman Scott Fitzgerald (WI-05),Spring Intern,2022-11-21,2022,internship,6.3163843,2.2899103,-1
MEM-535-21,Congressman Steve Cohen (TN-09),Spring 2022 Intern,2021-11-22,2021,internship,0.3440986,7.129015,12
MEM-534-21,,Law Intern,2021-11-22,2021,internship,8.693695,10.409573,-1
MEM-533-21,,Press Intern,2021-11-22,2021,internship,13.8515415,19.653404,-1
MEM-532-21,,Full-Time Committee Intern,2021-11-22,2021,internship,9.174346,8.505438,-1
MEM-531-21,Congressman Dan Kildee (MI-05),Press/Digital Intern,2021-11-22,2021,internship,12.54512,19.737709,21
MEM-530-21,Congressman Dan Kildee (MI-05),Congressional Intern,2021-11-22,2021,internship,8.490393,3.4327059,-1
MEM-529-21,Representative Pramila Jayapal (WA-07),Paid Intern (Winter 2022),2021-11-22,2021,internship,5.7571316,3.8888822,-1
MEM-527-21,Congresswoman Val Demings (FL-10),Spring Term Intern,2021-11-22,2021,internship,6.140283,2.8266525,-1
MEM-402-15,Congressman Don Beyer (VA-08),Intern,2015-11-23,2015,internship,5.0832386,5.345125,-1
MEM-400-15,Congressman Brad Sherman (CA-30),Spring 2016 Intern,2015-11-23,2015,internship,9.260788,6.6510224,-1
MEM-295-20,Congressman Adam Kinzinger (IL-16),Spring 2021 Intern,2020-11-23,2020,internship,7.126074,-0.96836066,-1
MEM-291-20,Congresswoman Gwen Moore (WI-04),Virtual Press Intern,2020-11-23,2020,internship,13.6508875,20.02175,23
MEM-289-20,,"Full-Time Intern, Spring 2021",2020-11-23,2020,internship,9.283305,10.88608,3
MEM-288-20,Congresswoman Val Demings (FL-10),Spring Term Intern,2020-11-23,2020,internship,6.24603,2.760254,-1
MEM-287-20,Congressman Doug LaMalfa (CA-01),Paid Intern,2020-11-23,2020,internship,5.5858674,5.200749,13
MEM-623-19,,Intern,2019-11-25,2019,internship,7.9024305,-0.60841215,-1
MEM-620-19,,Intern,2019-11-25,2019,internship,8.657043,1.4380238,35
MEM-619-19,,Digital Intern,2019-11-25,2019,internship,10.719158,21.572409,15
MEM-618-19,,Press Intern,2019-11-25,2019,internship,14.016437,18.461363,-1
MEM-617-19,Congressman Mike Thompson (CA-05),Spring Intern,2019-11-25,2019,internship,6.84017,1.3296729,-1
MEM-615-19,Congressman Tom McClintock (CA-04),Spring Intern,2019-11-25,2019,internship,10.460957,1.0886083,36
MEM-614-19,Congressman Steven Palazzo (MS-04),Spring Intern,2019-11-25,2019,internship,7.1899915,4.3962035,-1
MEM-612-19,Congressman Bruce Westerman (AR-04),Spring Congressional Internship,2019-11-25,2019,internship,7.471302,0.263064,-1
MEM-610-19,,Spring 2020 Intern,2019-11-25,2019,internship,6.3894534,1.8880395,-1
MEM-609-19,,Winter 2020 Intern,2019-11-25,2019,internship,21.091934,7.670119,0
MEM-608-19,,Spring 2020 Intern,2019-11-25,2019,internship,21.08245,7.6605787,0
MEM-607-19,Congressman Joseph Morelle (NY-25),"Full-Time Paid Intern, Spring 2019",2019-11-25,2019,internship,5.0641756,0.8608708,-1
MEM-465-17,,Full Time Intern,2017-11-27,2017,internship,9.287502,4.2665663,-1
MEM-464-17,Congressman Brendan F. Boyle (PA-13),Spring Intern,2017-11-27,2017,internship,5.453558,1.7600797,-1
MEM-449-18,,Spring 2019 Intern,2018-11-27,2018,internship,9.878862,10.165202,-1
MEM-447-18,,Spring Press Intern,2018-11-27,2018,internship,13.680191,17.737883,-1
MEM-446-18,Congressman Dan Newhouse (WA-04),Congressional Intern,2018-11-27,2018,internship,8.917673,3.811542,-1
MEM-445-18,Congresswoman Gwen Moore (WI-04),Spring 2019 Intern,2018-11-27,2018,internship,8.225435,1.3587172,-1
MEM-606-23,Congresswoman Katie Porter (CA-47),Spring Press Intern,2023-11-27,2023,internship,12.835953,19.483267,21
MEM-605-23,Congresswoman Laurel Lee (FL-15),Spring 2024 Intern,2023-11-27,2023,internship,8.473499,-0.48062423,-1
MEM-377-16,,Intern,2016-11-28,2016,internship,6.873841,-3.4363241,-1
MEM-376-16,,Intern,2016-11-28,2016,internship,9.964005,8.308284,-1
MEM-375-16,Congressman Robert A. Brady (PA-01),Spring 2017 Intern,2016-11-28,2016,internship,3.1314929,2.4403143,-1
MEM-570-22,,DC Intern,2022-11-28,2022,internship,2.4838371,4.8806224,-1
MEM-547-21,Congresswoman Eleanor Holmes Norton (DC),Spring 2022 Intern,2021-11-29,2021,internship,6.23522,2.7238853,41
MEM-541-21,Congresswoman Yvette D. Clarke (NY-09),Spring Intern,2021-11-29,2021,internship,5.7917657,3.0185778,-1
MEM-540-21,Congressman Greg Stanton (AZ-09),Spring 2022 Intern,2021-11-29,2021,internship,6.1818156,2.466903,-1
MEM-417-15,Congressman Pete Aguilar (CA-31),Intern,2015-11-30,2015,internship,4.9067564,3.1876488,-1
MEM-299-20,Congresswoman Lois Frankel (FL-21),Spring 2021 Remote Intern,2020-11-30,2020,internship,4.7075295,8.217353,-1
MEM-297-20,Congressman Joseph Morelle (NY-25),Paid Remote Intern,2020-11-30,2020,internship,7.9129605,6.093032,-1
MEM-435-17,Congressman Robert A. Brady (PA-01),Summer 2017 Intern,2017-11-06,2017,internship,3.1191695,2.4328465,-1
MEM-419-17,,Intern,2017-11-06,2017,internship,21.048,7.626156,0
MEM-377-15,,Intern,2015-11-09,2015,internship,7.2379713,-12.269923,-1
MEM-461-18,Congressman Jim Langevin (RI-02),Spring 2019 Intern,2018-12-03,2018,internship,5.208546,5.9966536,14
MEM-580-22,Congressman Tom McClintock (CA-04),Intern,2022-12-05,2022,internship,10.400055,1.1589718,36
MEM-579-22,Congresswoman Barbara Lee (CA-13),District Intern,2022-12-05,2022,internship,8.1171055,5.0646,-1
MEM-578-22,,Spring 2023 Intern,2022-12-05,2022,internship,10.731341,8.422804,6
MEM-577-22,,Spring 2023 Intern,2022-12-05,2022,internship,11.72227,9.355031,2
MEM-576-22,Congressman David N. Cicilline (RI-01),Legal Intern (Spring 2023),2022-12-05,2022,internship,9.048456,10.46423,-1
MEM-564-21,,Spring Intern,2021-12-06,2021,internship,5.8069944,12.704771,-1
MEM-560-21,Congressman Mike Quigley (IL-05),Spring Intern,2021-12-06,2021,internship,8.123942,2.2746646,-1
MEM-558-21,Congressman Anthony G. Brown (MD-04),Spring 2022 Intern,2021-12-06,2021,internship,5.4741898,3.5704117,-1
MEM-557-21,Congressman Jerry Nadler (NY-10),"Paid Undergraduate Student Intern, Spring 2022",2021-12-06,2021,internship,6.803337,5.8313465,-1
MEM-555-21,,Digital Intern,2021-12-06,2021,internship,11.089299,21.173819,15
MEM-554-21,,Press Intern,2021-12-06,2021,internship,14.525601,18.31195,-1
MEM-308-20,,Operations Internship,2020-12-07,2020,internship,10.53011,3.9773512,-1
MEM-307-20,,Digital Internship,2020-12-07,2020,internship,11.991481,18.92697,-1
MEM-305-20,Congressman Ralph Norman (SC-05),Spring 2021 Intern,2020-12-07,2020,internship,5.136648,2.636336,-1
MEM-303-20,,Financial Services Fellow,2020-12-07,2020,internship,7.598068,10.37093,-1
MEM-651-19,Congressman Charlie Crist (FL-13),Spring 2020 Intern,2019-12-09,2019,internship,9.259921,-0.70166165,24
MEM-649-19,Congressman Conor Lamb (PA-17),Congressional Intern,2019-12-09,2019,internship,2.087966,3.5470576,26
MEM-648-19,,Digital Intern,2019-12-09,2019,internship,10.95855,21.312866,-1
MEM-647-19,Congressman Ted Budd (NC-13),Legislative Intern,2019-12-09,2019,internship,8.663723,0.72288376,-1
MEM-646-19,Congressman H. Morgan Griffith (VA-09),Intern,2019-12-09,2019,internship,10.449542,1.1358795,36
MEM-645-19,Congresswoman Kendra S. Horn (OK-5),Press Intern,2019-12-09,2019,internship,13.767626,19.785809,-1
MEM-644-19,Congresswoman Kendra S. Horn (OK-05),Spring 2020 Intern,2019-12-09,2019,internship,7.9701104,-1.5733014,-1
MEM-643-19,Congressman Ron Estes (KS-04),Spring 2020 Intern,2019-12-09,2019,internship,9.020243,3.877996,-1
MEM-642-19,Congressman Charlie Crist (FL-13),Spring 2020 Intern,2019-12-09,2019,internship,9.283241,-0.70109713,24
MEM-639-19,,Press Intern,2019-12-09,2019,internship,13.265815,19.244167,-1
MEM-638-19,Congressman Mike Johnson (LA-04),Spring 2020 Intern,2019-12-09,2019,internship,7.3760543,-1.0534179,-1
MEM-637-19,,Intern,2019-12-09,2019,internship,9.03373,10.210896,-1
MEM-636-19,,"Full-Time Intern, Spring 2020",2019-12-09,2019,internship,8.105173,8.28837,-1
MEM-635-19,Congresswoman Elaine G. Luria (VA-02),Paid Intern,2019-12-09,2019,internship,6.376679,-0.11079773,-1
MEM-634-19,Congressman Bill Huizenga (MI-02),Paid Intern,2019-12-02,2019,internship,9.1788845,-0.51000774,-1
MEM-633-19,,Spring 2020 Paid Intern,2019-12-02,2019,internship,6.774128,4.3193293,-1
MEM-632-19,,Intern,2019-12-02,2019,internship,4.048667,3.545307,31
MEM-631-19,,Press Intern,2019-12-02,2019,internship,13.755805,19.763628,-1
MEM-630-19,,Digital Intern,2019-12-02,2019,internship,10.718326,21.573465,-1
MEM-628-19,,Legal Intern,2019-12-02,2019,internship,9.545383,11.731643,-1
MEM-627-19,Congressman Tom Malinowski (NJ-07),Spring 2020 Intern,2019-12-02,2019,internship,6.2293878,1.4654917,-1
MEM-624-19,Congressman Paul Cook (CA-08),Intern,2019-12-02,2019,internship,4.391318,2.8970878,-1
MEM-478-18,Congressman Charlie Crist (FL-13),Spring 2019 Intern,2018-12-10,2018,internship,9.253542,-0.83458734,24
MEM-477-18,Congresswoman Yvette D. Clarke (NY-09),Legislative Intern,2018-12-10,2018,internship,3.5908098,4.8237495,-1
MEM-470-18,,Press Intern,2018-12-10,2018,internship,14.407187,19.341002,-1
MEM-469-18,Congressman Rob Wittman (VA-01),Communications Intern,2018-12-10,2018,internship,12.828984,18.719921,-1
MEM-475-17,Congressman Patrick Meehan (PA-7),Spring 2018 Intern,2017-12-04,2017,internship,4.7919235,4.040104,-1
MEM-472-17,Congressman Raúl Labrador (ID-01),Full-Time Paid Intern,2017-12-04,2017,internship,7.2571354,1.0135975,-1
MEM-470-17,Congresswoman Terri A. Sewell (AL-07),Press and Digital Intern,2017-12-04,2017,internship,12.366483,19.439474,-1
MEM-469-17,Congressman Charlie Crist (FL-13),Intern,2017-12-04,2017,internship,9.007071,-1.0063555,24
MEM-468-17,Congressman Dave Loebsack (IA-02),Spring Intern,2017-12-04,2017,internship,3.9320557,1.2660999,-1
MEM-467-17,,Intern,2017-12-04,2017,internship,6.340651,1.8991014,-1
MEM-610-23,Congressman Jack Bergman (MI-01),Spring 2024 Intern,2023-12-04,2023,internship,7.132031,3.8054945,-1
MEM-609-23,,Spring 2024 Intern,2023-12-04,2023,internship,13.136757,8.317686,4
MEM-395-16,,Spring Intern,2016-12-05,2016,internship,7.1176424,4.7020507,-1
MEM-589-22,Congresswoman Angie Craig (MN-02),Intern,2022-12-12,2022,internship,9.095587,4.99262,-1
MEM-588-22,Congresswoman Susie Lee (NV-03),Spring Intern,2022-12-12,2022,internship,8.8758545,-2.7639267,25
MEM-584-22,Congressman Scott DesJarlais (TN-04),Paid Full-Time Intern,2022-12-12,2022,internship,6.5681176,2.2958684,41
MEM-572-21,Congressman Doug LaMalfa (CA-01),Paid Intern,2021-12-13,2021,internship,5.504543,5.224971,13
MEM-569-21,,Spring 2022 Intern,2021-12-13,2021,internship,10.412185,8.057811,-1
MEM-429-15,Congresswoman Elizabeth Esty (CT-5),Spring 2015 Intern,2015-12-07,2015,internship,5.77751,5.3246546,13
MEM-334-15,Congresswoman Zoe Lofgren (CA-19),Intern,2015-12-07,2015,internship,5.848198,2.7305405,-1
MEM-319-20,Congresswoman Abigail Spanberger (VA-07),Spring Intern,2020-12-14,2020,internship,7.9649673,4.3911986,-1
MEM-309-20,Congresswoman Grace Meng (NY-06),Spring 2021 Intern,2020-12-14,2020,internship,6.476234,2.748921,-1
MEM-659-19,,Spring 2020 Intern,2019-12-16,2019,internship,7.798742,-0.7201218,-1
MEM-658-19,,Full-Time Intern (Spring 2020),2019-12-16,2019,internship,5.766761,12.765761,8
MEM-657-19,Congressman Matt Cartwright (PA-08),Legislative Intern,2019-12-16,2019,internship,3.250384,3.4793863,-1
MEM-656-19,,Paid Intern,2019-12-16,2019,internship,6.164533,2.1209657,-1
MEM-654-19,,Law Clerk,2019-12-16,2019,internship,8.0404,11.493575,1
MEM-652-19,,Spring 2020 Intern,2019-12-16,2019,internship,10.570988,8.195864,6
MEM-624-23,,Intern,2023-12-18,2023,internship,9.058979,10.202464,-1
MEM-581-21,Congresswoman Grace Meng (NY-06),Spring 2022 Intern,2021-12-20,2021,internship,6.5028615,2.617811,-1
MEM-329-20,Democratic Staff of the Select Committee on the Climate Crisis,Legal Intern,2020-12-21,2020,internship,8.657818,11.043376,-1
MEM-328-20,,Intern,2020-12-21,2020,internship,8.604639,11.075496,-1
MEM-666-19,Congressman Greg Steube (FL-17),Spring Intern,2019-12-23,2019,internship,6.295862,2.5734994,-1
MEM-473-17,,Spring 2018 Intern,2017-12-04,2017,internship,9.7305565,7.715776,-1
MEM-608-23,Congressman Ro Khanna (CA-17),Winter Intern,2023-12-04,2023,internship,11.875077,18.356457,20
MEM-382-16,Congressman Robert A. Brady (PA-01),Spring 2017 Intern,2016-12-05,2016,internship,3.1321383,2.4423382,-1
MEM-419-15,Congresswoman Louise Slaughter (NY-25),Press Intern,2015-12-07,2015,internship,14.274242,20.07605,19
MEM-053-16,Congressman Bruce Westerman (AR-04),Spring and Summer 2016 Intern,2016-02-01,2016,internship,7.445298,0.27618748,39
MEM-052-16,,Congressional Intern,2016-02-01,2016,internship,7.950812,1.7043245,-1
MEM-049-16,Congresswoman Jackie Walorski (IN-02),Communications Intern,2016-02-01,2016,internship,-6.912957,5.621874,10
MEM-046-16,,Communications Intern,2016-02-01,2016,internship,12.835629,19.31837,-1
MEM-045-16,,Congressional Intern,2016-02-01,2016,internship,2.156359,8.091,11
MEM-043-16,,Intern,2016-02-01,2016,internship,4.320854,4.543138,-1
MEM-041-16,,2016 Summer Internship Program,2016-02-01,2016,internship,10.116255,7.6917734,-1
MEM-040-16,Congressman John K. Delaney (MD-6),Press Intern,2016-02-01,2016,internship,13.840628,19.724266,-1
MEM-038-16,Congresswoman Ann McLane Kuster (NH-02),Summer Intern,2016-02-01,2016,internship,5.1395493,1.4487716,27
MEM-037-16,,Intern,2016-02-01,2016,internship,5.6764355,4.8509455,-1
MEM-036-16,,Legislative Intern,2016-02-01,2016,internship,-3.7885358,-0.46462926,30
MEM-035-16,,Press Intern,2016-02-01,2016,internship,-10.533652,13.256146,-1
MEM-034-16,Congressman French Hill (AR-02),Intern,2016-02-01,2016,internship,8.330007,0.69970447,-1
MEM-033-16,Congressman French Hill (AR-02),Legislative Press Intern,2016-02-01,2016,internship,8.270548,0.8369299,-1
MEM-032-16,Congressman French Hill (AR-02),Legislative Intern,2016-02-01,2016,internship,8.324672,0.809651,35
MEM-031-16,,2016 Spring Intern,2016-02-01,2016,internship,4.0252857,3.5501413,-1
MEM-061-24,Congresswoman Katie Porter (CA-47),DC Press Intern,2024-02-12,2024,internship,12.87289,19.412952,21
MEM-058-24,Congresswoman Abigail Spanberger (VA-07),Summer 2024 Intern,2024-02-12,2024,internship,7.983497,4.408899,-1
MEM-052-24,Congressman Steve Cohen (TN-09),Summer 2024 Intern,2024-02-12,2024,internship,0.3392855,7.135071,12
MEM-051-24,Congressman Jeff Van Drew (NJ-02),Full Time Intern,2024-02-12,2024,internship,5.894128,-0.9148478,38
MEM-050-24,Representative Mary Gay Scanlon (PA-05),Paid Summer Legislative Internship,2024-02-05,2024,internship,6.6531806,6.731177,-1
MEM-048-24,,Summer 2024 Intern,2024-02-05,2024,internship,10.397215,8.023658,6
MEM-047-24,Congressman Seth Moulton (MA-06),Intern,2024-02-05,2024,internship,7.515919,4.3765535,33
MEM-045-24,Congressman Brian Mast (FL-21),Spring 2024 Intern,2024-02-05,2024,internship,8.6351185,-0.49400538,-1
MEM-043-24,Congressman Adam B. Schiff (CA-30),Summer 2024 Intern,2024-02-05,2024,internship,7.338835,3.7575421,-1
MEM-051-17,Congressman Derek Kilmer (WA-06),Summer Intern,2017-02-13,2017,internship,7.2006044,4.8610773,-1
MEM-050-17,Congressman Dave Loebsack (IA-02),Intern,2017-02-13,2017,internship,3.9210846,1.2827859,-1
MEM-049-17,Congressman Raja Krishnamoorthi (IL-08),Intern,2017-02-13,2017,internship,8.042192,1.2034085,-1
MEM-048-17,Congressman Pete Aguilar (CA-31),Intern,2017-02-13,2017,internship,4.8973455,3.1815755,-1
MEM-047-17,Congresswoman Jackie Walorski (IN-02),Communications Intern,2017-02-13,2017,internship,-6.9133515,5.621739,10
MEM-046-17,Congresswoman Jackie Walorski (IN-02),Legislative Intern,2017-02-13,2017,internship,4.247905,-0.1967086,44
MEM-042-17,,Paid Communications Intern,2017-02-13,2017,internship,13.777725,19.306355,-1
MEM-041-17,Congressman Jim Renacci (OH-16),Intern,2017-02-13,2017,internship,4.4437156,2.4179342,32
MEM-040-17,Congresswoman Tulsi Gabbard (HI-02),Healthcare Policy Fellow,2017-02-13,2017,internship,8.334652,10.247394,-1
MEM-038-17,Congressman Paul Tonko (NY-20),Press Intern,2017-02-13,2017,internship,13.721335,17.613018,-1
MEM-037-17,,Spring 2017 Intern,2017-02-06,2017,internship,8.321426,1.3621652,35
MEM-036-17,Congresswoman Claudia Tenney (NY-22),Spring Semester Intern,2017-02-06,2017,internship,4.4694166,1.1256119,-1
MEM-033-17,,Press Intern,2017-02-06,2017,internship,13.567314,18.341547,-1
MEM-032-17,Congressman Jose E. Serrano (NY-15),Press Intern,2017-02-06,2017,internship,13.726578,19.076315,-1
MEM-030-17,Congressman Bruce Westerman (AR-04),Spring and Summer 2017 Intern,2017-02-06,2017,internship,7.4495716,0.2551653,39
MEM-027-17,Congressman Bob Gibbs (OH-07),Intern,2017-02-06,2017,internship,6.0180445,0.96849686,-1
MEM-054-18,Congressman John Garamendi (CA-03),Intern,2018-02-13,2018,internship,6.9238973,-3.6043308,37
MEM-053-18,Congresswoman Martha McSally (AZ-02),Press Intern,2018-02-13,2018,internship,13.304745,19.824554,-1
MEM-052-18,,Full-Time Intern,2018-02-13,2018,internship,5.775697,12.751285,8
MEM-050-18,,Spring Intern,2018-02-13,2018,internship,5.434841,0.037938233,-1
MEM-049-18,,Spring Intern,2018-02-13,2018,internship,5.4717107,3.6150343,-1
MEM-043-18,Congressman Marc Veasey (TX-33),Defense Fellow,2018-02-05,2018,internship,10.465073,9.898266,-1
MEM-042-18,Congressman Walter B. Jones (NC-03),Intern,2018-02-05,2018,internship,5.7111597,5.025677,13
MEM-040-18,Congressman Ralph Norman (SC-05),Intern,2018-02-05,2018,internship,8.786882,2.1410406,-1
MEM-039-18,Congressman John P. Sarbanes (MD-03),Health Policy Fellow Or Intern,2018-02-05,2018,internship,8.447895,10.259829,-1
MEM-036-18,Congressman Jason Smith (MO-08),Intern,2018-02-05,2018,internship,5.2502465,-0.43789274,35
MEM-080-23,Congressman Raja Krishnamoorthi (IL-08),Press Intern,2023-02-13,2023,internship,13.891565,22.095932,-1
MEM-079-23,Congressman Cory Mills (FL-07),Spring 2023 Intern,2023-02-13,2023,internship,6.769036,0.8859299,-1
MEM-067-23,Congressman Morgan Luttrell (TX-08),Spring 2023 Intern,2023-02-06,2023,internship,8.001419,3.9051545,-1
MEM-065-23,Congresswoman Suzan DelBene (WA-01),Summer 2023 Intern,2023-02-06,2023,internship,7.186722,3.5240698,34
MEM-057-15,,Congressional Intern,2015-02-16,2015,internship,7.9125714,-0.09770598,-1
MEM-056-15,Congressman Kurt Schrader (OR-05),Spring Intern,2015-02-16,2015,internship,5.498359,-0.072759435,-1
MEM-055-15,Congressman Ron Kind (WI-03),Intern,2015-02-16,2015,internship,5.357104,6.3103642,-1
MEM-054-15,Congressman Peter DeFazio (OR-04),Part-Time Intern,2015-02-16,2015,internship,7.576365,1.5030289,37
MEM-053-15,Congressman Ken Buck (CO-04),Intern,2015-02-16,2015,internship,4.4004893,2.3471115,32
MEM-051-15,Congresswoman Tulsi Gabbard (HI-02),National Security Intern,2015-02-16,2015,internship,10.515107,9.911861,-1
MEM-050-15,Congressman Benishek (MI-01),Unpaid Intern,2015-02-09,2015,internship,-0.33925584,2.114936,7
MEM-047-15,Congressman Derek Kilmer (WA-06),Intern,2015-02-09,2015,internship,0.195707,18.09128,-1
MEM-046-15,Congressman Jerrold Nadler (NY-10),Spring Intern,2015-02-09,2015,internship,6.7881107,4.4385967,-1
MEM-042-15,Congresswoman Eddie Bernice Johnson (TX-30),Unpaid Intern,2015-02-02,2015,internship,6.4504457,4.732618,-1
MEM-039-15,Congressman Robert Aderholt (AL-4),Intern,2015-02-02,2015,internship,6.3702707,-0.08495298,-1
MEM-073-24,Congresswoman Grace F. Napolitano (CA-31),Summer Intern,2024-02-19,2024,internship,6.762106,3.243591,-1
MEM-069-24,Congressman Tom McClintock (CA-05),Intern,2024-02-19,2024,internship,10.480006,1.0801737,36
MEM-067-24,Congressman Glenn Grothman (WI-06),Summer Congressional Intern,2024-02-19,2024,internship,7.618371,2.6495137,-1
MEM-062-24,Congresswoman Hillary Scholten (MI-03),"Summer 2024 Intern - Washington, D.C. Office",2024-02-19,2024,internship,7.5036845,3.600715,-1
MEM-054-17,Congressman Rick Larsen (WA-02),Full-Time Intern,2017-02-20,2017,internship,9.9914665,5.546421,-1
MEM-052-17,,Summer Intern,2017-02-20,2017,internship,7.918871,-0.51581895,43
MEM-063-18,,Intern,2018-02-20,2018,internship,21.10036,7.678931,0
MEM-062-18,,Summer 2018 Intern,2018-02-20,2018,internship,8.998288,8.791849,-1
MEM-061-18,Congressman Bill Johnson (OH-06),Intern,2018-02-20,2018,internship,6.8113637,0.36612087,43
MEM-060-18,Congressman A. Donald McEachin (VA-04),Press Intern,2018-02-20,2018,internship,13.6020155,19.197113,-1
MEM-058-18,,Digital Intern,2018-02-20,2018,internship,10.720873,21.570627,15
MEM-057-18,,"Law Student, Graduate Student, and Undergraduate Student Intern",2018-02-20,2018,internship,8.950203,9.27871,-1
MEM-099-23,Congresswoman Lois Frankel (FL-22),Intern,2023-02-21,2023,internship,4.7267675,8.195718,18
MEM-095-23,Congresswoman Grace F. Napolitano (CA-31),Paid Summer Intern,2023-02-21,2023,internship,6.7642903,3.2497678,-1
MEM-093-23,Congressman David Rouzer (NC-07),Paid Intern,2023-02-21,2023,internship,5.6077557,0.42065555,-1
MEM-091-23,Congresswoman Angie Craig (MN-02),Winter Intern,2023-02-21,2023,internship,9.11781,5.0167274,-1
MEM-076-16,Congresswoman Debbie Wasserman Schultz (FL-23),Intern,2016-02-22,2016,internship,9.055731,1.7680174,-1
MEM-075-16,Congresswoman Doris Matsui (CA-06),Spring Intern,2016-02-22,2016,internship,5.5187774,1.5294389,40
MEM-073-16,Congressman Jared Huffman (CA-02),Spring Semester Intern,2016-02-22,2016,internship,5.974786,2.6684115,-1
MEM-072-16,Congressman Bill Johnson (OH-06),Summer Intern,2016-02-22,2016,internship,6.783269,0.33430365,43
MEM-070-16,Congressman Robert A. Brady (PA-01),Summer Intern,2016-02-22,2016,internship,3.134158,2.443187,-1
MEM-068-16,Congresswoman Jackie Walorski (IN-02),Communications Intern,2016-02-22,2016,internship,-6.9133635,5.6217365,10
MEM-067-16,Congresswoman Jackie Walorski (IN-02),Legislative Intern,2016-02-22,2016,internship,4.24188,-0.20209302,44
MEM-066-16,Congressman Derek Kilmer (WA-06),Intern,2016-02-22,2016,internship,0.19567959,18.091337,-1
MEM-064-16,Congressman Keith Ellison (MN-05),Unpaid Intern,2016-02-22,2016,internship,-0.35474014,2.1322813,7
MEM-063-16,Congresswoman Tulsi Gabbard (HI-02),Full-Time Intern Or Fellow,2016-02-22,2016,internship,10.481659,9.896949,-1
MEM-062-16,Congressman John Garamendi (CA-03),Intern,2016-02-22,2016,internship,6.960152,-3.645102,37
MEM-061-16,Congressman Reid Ribble (WI-08),Intern,2016-02-22,2016,internship,6.7266855,5.017024,27
MEM-060-16,Congressman Benishek (MI-01),Unpaid Intern,2016-02-22,2016,internship,-0.32638183,2.1249878,7
MEM-058-16,,Intern,2016-02-22,2016,internship,7.5833087,-0.28795636,39
MEM-056-16,Representative Buddy Carter (GA-01),Spring Semester Intern,2016-02-08,2016,internship,7.160651,1.1230297,-1
MEM-055-16,,Intern,2016-02-08,2016,internship,4.3165545,4.552462,-1
MEM-068-15,Congressman John Garamendi (CA-03),Intern,2015-02-23,2015,internship,6.970965,-3.6561265,37
MEM-067-15,,Summer 2015 Intern,2015-02-23,2015,internship,10.630712,8.241327,6
MEM-066-15,,Unpaid Intern,2015-02-23,2015,internship,5.7035046,4.8407173,-1
MEM-064-15,Congressman Jim Renacci (OH),Full Time Intern,2015-02-23,2015,internship,4.6309104,2.4613833,32
MEM-063-15,,Intern,2015-02-23,2015,internship,10.346471,8.865384,-1
MEM-062-15,,Press Intern,2015-02-23,2015,internship,0.47901115,-0.4281548,-1
MEM-061-15,,Congressional Intern,2015-02-23,2015,internship,1.7680808,7.6602798,11
MEM-060-15,Representative Buddy Carter (GA-01),Spring Intern,2015-02-23,2015,internship,7.1505146,1.1150409,-1
MEM-073-18,Congressman Dave Loebsack (IA-02),Spring Intern,2018-02-26,2018,internship,3.9298458,1.2802893,-1
MEM-072-18,,Spring Intern,2018-02-26,2018,internship,5.2762923,2.076907,-1
MEM-071-18,,Summer 2018 Intern,2018-02-26,2018,internship,9.866371,10.176859,-1
MEM-069-18,Congressman Buchanan (FL-16),Intern,2018-02-26,2018,internship,9.29137,4.2720656,-1
MEM-068-18,Congresswoman Terri A. Sewell (AL-07),Digital and Press Intern,2018-02-26,2018,internship,12.352215,19.455563,-1
MEM-067-18,Congressman Eliot L. Engel (NY-16),Intern,2018-02-26,2018,internship,7.195158,3.5055594,-1
MEM-066-18,,Intern,2018-02-26,2018,internship,6.4478073,2.8360949,41
MEM-065-18,Congressman Jason Lewis (MN-02),Unpaid Full-Time District Intern,2018-02-26,2018,internship,8.11696,5.037241,-1
MEM-084-24,Congressman Gregory W. Meeks (NY-05),Press/Digital Intern,2024-02-26,2024,internship,3.5609338,4.605378,-1
MEM-083-24,Congressman Gregory W. Meeks (NY-05),Part Time Legislative Intern,2024-02-26,2024,internship,3.5684927,4.603915,-1
MEM-082-24,Congressman Rob Menendez (NJ-08),Intern,2024-02-26,2024,internship,7.0505834,3.7074742,-1
MEM-080-24,Congressman Victoria Spartz (IN-05),Summer Congressional Intern,2024-02-26,2024,internship,7.6158524,2.6641812,-1
MEM-079-24,Congresswoman Suzan DelBene (WA-01),Summer 2024 Intern,2024-02-26,2024,internship,7.2161803,3.528437,34
MEM-076-24,Congressman Cliff Bentz (OR-02),Spring Intern,2024-02-26,2024,internship,7.6617284,1.6221527,-1
MEM-075-24,,Press/Digital Intern,2024-02-26,2024,internship,6.0264735,13.792631,8
MEM-074-24,,Legislative Intern,2024-02-26,2024,internship,5.7931204,13.485517,8
MEM-062-17,Congresswoman Kathy Castor (FL-14),Full-Time Intern,2017-02-27,2017,internship,7.851227,-0.37326163,-1
MEM-060-17,,Full-Time Intern,2017-02-27,2017,internship,1.5286992,2.3991222,-1
MEM-059-17,Congressman Robert A. Brady (PA-01),Summer Intern,2017-02-27,2017,internship,3.1305523,2.440416,-1
MEM-057-17,Congresswoman Jackie Walorski (IN-02),Communications Intern,2017-02-27,2017,internship,12.906902,18.465431,10
MEM-056-17,Congresswoman Jackie Walorski (IN-02),Legislative Intern,2017-02-27,2017,internship,4.284938,-0.17785469,44
MEM-055-17,Congresswoman Suzan DelBene (WA-01),Spring Intern,2017-02-27,2017,internship,7.5243545,1.8177217,34
MEM-122-23,Congressman Bill Johnson (OH-06),Spring 2023 Intern,2023-02-27,2023,internship,6.685484,0.9022885,42
MEM-121-23,Congresswoman Katie Porter (CA-47),DC Spring Intern,2023-02-27,2023,internship,2.486083,4.8798428,-1
MEM-120-23,Congressman Jeff Van Drew (NJ-02),Full Time Summer Intern,2023-02-27,2023,internship,5.908483,-0.8932218,38
MEM-119-23,Congressman Jerry Nadler (NY-12),Paid Undergraduate Student Intern,2023-02-27,2023,internship,6.8132358,5.847084,-1
MEM-117-23,Congresswoman Kim Schrier (WA-08),Paid Congressional Internship,2023-02-27,2023,internship,7.514287,3.5208085,34
MEM-116-23,Congressman Jason Smith (MO-08),Intern,2023-02-27,2023,internship,9.910891,3.0539382,-1
MEM-115-23,Congresswoman Chrissy Houlahan (PA-06),Press Intern,2023-02-27,2023,internship,11.472458,19.039137,21
MEM-114-23,Congresswoman Chrissy Houlahan (PA-06),Legislative Intern,2023-02-27,2023,internship,16.71792,11.236182,-1
MEM-112-23,Congresswoman Lori Trahan (MA-03),Summer 2023 District Office Intern,2023-02-27,2023,internship,7.961546,5.12528,-1
MEM-111-23,Congresswoman Lori Trahan (MA-03),DC Intern Summer 2023,2023-02-27,2023,internship,6.309706,3.3126373,-1
MEM-110-23,Congresswoman Lori Trahan (MA-03),Press Intern Summer 2023,2023-02-27,2023,internship,13.202151,19.025381,-1
MEM-109-23,Congressman Dan Newhouse (WA-04),Paid Congressional Intern,2023-02-27,2023,internship,4.7803674,4.7878046,-1
MEM-106-23,,Legal Intern,2023-02-27,2023,internship,9.085516,10.683729,3
MEM-104-23,Representative Pramila Jayapal (WA-07),Paid Intern (Spring 2023),2023-02-27,2023,internship,5.7653465,3.9153795,-1
MEM-103-23,Congressman Morgan McGarvey (KY-03),Spring 2023 Intern,2023-02-27,2023,internship,7.0370665,1.3386849,-1
MEM-084-16,,Constituent Service Intern,2016-02-29,2016,internship,7.7978535,4.621405,-1
MEM-083-16,,Legislative Intern,2016-02-29,2016,internship,3.837191,5.552948,16
MEM-082-16,,Summer 2016 Intern,2016-02-29,2016,internship,11.166443,8.393521,6
MEM-081-16,,Intern,2016-02-29,2016,internship,3.6797707,14.76468,-1
MEM-080-16,Congresswoman Tulsi Gabbard (HI-02),Intern or Fellow,2016-02-29,2016,internship,10.486841,9.888849,-1
MEM-079-16,,Press Intern,2016-02-29,2016,internship,0.4786114,-0.4285922,-1
MEM-078-16,,Congressional Intern,2016-02-29,2016,internship,1.7679303,7.6597137,11
MEM-077-16,Congressman Benishek (MI-01),Unpaid Intern,2016-02-29,2016,internship,-0.33782,2.1176813,7
MEM-031-17,Congressman Don Beyer (VA-08),Summer Intern,2017-02-06,2017,internship,5.5253386,0.041371908,-1
MEM-070-23,,Press Intern,2023-02-06,2023,internship,13.990792,19.30284,-1
MEM-069-23,,Digital Intern,2023-02-06,2023,internship,11.065589,21.17718,-1
MEM-068-23,,Intern,2023-02-06,2023,internship,10.519191,3.9839342,-1
MEM-054-16,,Intern,2016-02-08,2016,internship,7.2379713,-12.269932,-1
MEM-119-24,Congresswoman Brittany Pettersen (CO-07),Paid Congressional Intern,2024-03-11,2024,internship,7.049484,2.9757626,-1
MEM-118-24,Congressman Troy E. Nehls (TX-22),Law Clerk,2024-03-11,2024,internship,8.047359,11.483451,1
MEM-117-24,Congresswoman Rosa L. DeLauro (CT-03),Summer 2024 Intern,2024-03-11,2024,internship,6.112702,5.5771346,-1
MEM-115-24,Congressman Kevin Mullin (CA-15),Legislative Intern,2024-03-11,2024,internship,5.783549,3.5221798,-1
MEM-114-24,Congresswoman Shontel Brown (OH-11),Summer Intern,2024-03-11,2024,internship,6.810295,0.8998618,-1
MEM-111-24,Congresswoman Cori Bush (MO-01),Summer 2024 Intern,2024-03-11,2024,internship,7.479662,3.669938,-1
MEM-110-24,,Legislative Intern,2024-03-11,2024,internship,3.6114376,4.5545435,-1
MEM-109-24,Congresswoman Marilyn Strickland (WA-10),DC Summer Communications Intern,2024-03-11,2024,internship,13.024543,18.9554,-1
MEM-108-24,Congresswoman Marilyn Strickland (WA-10),Legislative Intern,2024-03-11,2024,internship,8.07402,6.577522,-1
MEM-107-24,Congressman Chris Pappas (NH-01),Paid DC Intern,2024-03-11,2024,internship,6.4324045,-0.5319655,-1
MEM-106-24,Congresswoman Chrissy Houlahan (PA-06),Press Intern,2024-03-11,2024,internship,11.47057,19.042158,21
MEM-105-24,Congresswoman Chrissy Houlahan (PA-06),Legislative Intern,2024-03-11,2024,internship,16.717375,11.236196,-1
MEM-104-24,,Legislative Intern,2024-03-11,2024,internship,8.991843,8.784554,28
MEM-097-24,Congresswoman Dina Titus (NV-01),Summer 2024 Intern,2024-03-04,2024,internship,8.119059,0.35139984,-1
MEM-096-24,Congressman Joseph Morelle (NY-25),Summer 2024 District Intern,2024-03-04,2024,internship,8.069664,5.488319,-1
MEM-095-24,Congressman Joe Morelle (NY-25),Summer Intern,2024-03-04,2024,internship,7.5937905,3.2758844,-1
MEM-093-24,,Full-Time Summer Intern,2024-03-04,2024,internship,11.753427,9.379131,2
MEM-089-24,Congresswoman Andrea Salinas (OR-06),Spring Intern,2024-03-04,2024,internship,8.919872,3.0164282,-1
MEM-088-24,,Legislative Intern,2024-03-04,2024,internship,9.010335,8.81846,28
MEM-087-24,,Summer Intern,2024-03-04,2024,internship,13.133701,8.315518,4
MEM-092-18,Congresswoman Louise Slaughter (NY-25),Press Intern,2018-03-12,2018,internship,14.285425,20.09406,19
MEM-091-18,Congresswoman Louise M. Slaughter (NY-25),Summer 2018 Intern,2018-03-12,2018,internship,6.978523,7.446091,-1
MEM-090-18,Congressman Mario Diaz-Balart (FL-25),Summer Intern,2018-03-12,2018,internship,6.935377,1.5464387,-1
MEM-089-18,Congressman Denny Heck (WA-10),Summer 2018 Intern,2018-03-12,2018,internship,5.9106073,1.1283363,40
MEM-087-18,Congresswoman Tulsi Gabbard (HI-02),Press Intern,2018-03-12,2018,internship,13.688534,19.38695,-1
MEM-086-18,,Communications Intern,2018-03-12,2018,internship,13.079106,18.51157,-1
MEM-085-18,,Communications Summer Intern,2018-03-12,2018,internship,13.217688,18.677235,-1
MEM-084-18,Congressman Scott DesJarlais (TN-04),Summer Intern,2018-03-12,2018,internship,6.3370275,2.019339,-1
MEM-083-18,Congressman Jim Langevin (RI-02),Summer Intern,2018-03-12,2018,internship,5.1830564,6.06847,14
MEM-081-18,,Full-Time Intern,2018-03-12,2018,internship,1.525132,2.4005978,-1
MEM-080-18,,Democratic Caucus Summer Intern,2018-03-12,2018,internship,10.695158,3.8192766,-1
MEM-079-18,Congressman Anthony G. Brown (MD-04),Legislative Intern,2018-03-05,2018,internship,3.7678602,5.584839,-1
MEM-077-18,Congressman Randy Hultgren (IL-14),Full-Time Intern,2018-03-05,2018,internship,7.115516,-0.99415916,-1
MEM-075-18,"Congressman Bill Pascrell, Jr. (NJ-09)",Summer Intern,2018-03-05,2018,internship,4.207839,1.0014032,-1
MEM-074-18,Congressman Sean P. Duffy (WI-07),Summer Intern,2018-03-05,2018,internship,7.706588,1.5381168,-1
MEM-080-17,Congresswoman Louise Slaughter (NY-25),Press Intern,2017-03-13,2017,internship,14.276788,20.078098,19
MEM-079-17,Congresswoman Louise M. Slaughter (NY-25),Summer Intern,2017-03-13,2017,internship,6.97976,7.445535,-1
MEM-076-17,,Spring 2017 Intern,2017-03-13,2017,internship,9.184584,2.2967927,-1
MEM-073-17,Congressman Steve Womack (AR-3),Intern,2017-03-06,2017,internship,7.498679,0.9173395,-1
MEM-071-17,,Full-Time Intern,2017-03-06,2017,internship,1.5270647,2.4011817,-1
MEM-070-17,Congressman Denny Heck (WA-10),Intern,2017-03-06,2017,internship,5.8492513,1.0569205,40
MEM-066-17,,Summer 2017 Democratic Leadership Intern,2017-03-06,2017,internship,10.688215,3.8202965,-1
MEM-064-17,,Intern,2017-03-06,2017,internship,9.983658,8.302897,-1
MEM-159-23,Congressman Kevin Mullin (CA-15),Part-Time Paid Spring Intern,2023-03-13,2023,internship,6.630038,1.0123061,-1
MEM-157-23,Congressman Vasquez (NM-02),Summer 2023 Congressional Intern,2023-03-13,2023,internship,7.195967,3.2437785,-1
MEM-155-23,Commission on Security and Cooperation in Europe,Max Kampelman Fellow,2023-03-13,2023,internship,7.8133183,9.622386,-1
MEM-149-23,Congressman Scott Fitzgerald (WI-05),Summer Intern,2023-03-13,2023,internship,5.8463883,3.9875386,-1
MEM-147-23,Congresswoman Sylvia R. Garcia (TX-29),Legislative Intern,2023-03-06,2023,internship,-2.3617089,6.826196,-1
MEM-146-23,Congressman Chris Pappas (NH-01),D.C. Legislative Intern,2023-03-06,2023,internship,6.438447,-0.5268268,-1
MEM-144-23,Congresswoman Brittany Pettersen (CO-07),Summer 2023 Congressional Intern,2023-03-06,2023,internship,7.0764465,3.17752,-1
MEM-143-23,Congressman Matt Cartwright (PA-08),Legislative Intern,2023-03-06,2023,internship,3.2064476,3.5438051,-1
MEM-142-23,Congresswoman Susie Lee (NV-03),Summer Legislative Intern,2023-03-06,2023,internship,8.878351,-2.766876,25
MEM-140-23,Congresswoman Abigail Spanberger (VA-07),Intern,2023-03-06,2023,internship,7.9697824,4.3940516,-1
MEM-136-23,,Fellow,2023-03-06,2023,internship,8.628043,10.336179,-1
MEM-135-23,,Legal Intern,2023-03-06,2023,internship,8.669382,10.344307,-1
MEM-134-23,,Committee Intern,2023-03-06,2023,internship,9.096077,8.641798,-1
MEM-133-23,Congresswoman Eleanor Holmes Norton (DC-00),Summer 2023 District Intern,2023-03-06,2023,internship,8.087501,5.079769,-1
MEM-130-23,Congressman Salud Carbajal (CA-24),Digital/Press Intern,2023-03-06,2023,internship,12.583925,19.489761,21
MEM-126-23,Congresswoman Dina Titus (NV-01),Paid Summer 2023 Intern,2023-03-06,2023,internship,8.122132,0.3572875,-1
MEM-125-23,,Internship,2023-03-06,2023,internship,7.491353,4.3537273,33
MEM-124-23,Congressman Steve Cohen (TN-09),Intern,2023-03-06,2023,internship,0.33315298,7.1296544,12
MEM-102-16,Congresswoman Maxine Waters (CA-43),Intern,2016-03-14,2016,internship,6.946415,-3.4389184,-1
MEM-101-16,Congressman Dan Donovan (NY-11),Full-Time Summer Intern,2016-03-14,2016,internship,6.784645,1.0235348,-1
MEM-100-16,Congresswoman Tulsi Gabbard (HI-02),Full-Time Intern or Fellow,2016-03-14,2016,internship,10.493912,9.88533,-1
MEM-099-016,Congressman Scott Rigell (VA-02),Summer 2016 Intern,2016-03-14,2016,internship,8.923539,4.803637,-1
MEM-096-16,,Legislative Fellow,2016-03-14,2016,internship,8.122193,10.154701,-1
MEM-095-16,Congresswoman Louise Slaughter (NY-25),Press Intern,2016-03-07,2016,internship,14.275859,20.075815,19
MEM-094-16,Congressman Bill Posey (FL-08),Summer Intern,2016-03-07,2016,internship,7.9198456,-0.51967925,43
MEM-090-16,Congressman Jody Hice (GA-10),Summer Intern,2016-03-07,2016,internship,7.092429,0.95152277,-1
MEM-086-16,Congressman Ruben Gallego (AZ-07),Summer Intern,2016-03-07,2016,internship,7.24544,0.39803305,39
MEM-085-15,,Intern,2015-03-16,2015,internship,4.6294765,7.147231,37
MEM-084-15,Congressman Bill Johnson (OH-06),Summer Internship,2015-03-16,2015,internship,6.8096337,0.39237443,43
MEM-083-15,,Full-Time Intern,2015-03-16,2015,internship,5.794195,2.2552838,-1
MEM-082-15,Congressman Derek Kilmer (WA-06),Intern,2015-03-16,2015,internship,0.19571273,18.091253,-1
MEM-081-15,Congresswoman Louise Slaughter (NY-25),Summer Intern,2015-03-16,2015,internship,6.8824387,7.2768574,-1
MEM-080-15,Congressman Bruce Westerman (AR-04),Intern,2015-03-16,2015,internship,6.3226624,2.7950704,-1
MEM-079-15,,Summer Intern,2015-03-09,2015,internship,7.991541,-0.5057647,-1
MEM-077-15,Congresswoman Debbie Dingell (MI-12),Congressional Intern,2015-03-09,2015,internship,-1.5186579,2.615849,-1
MEM-075-15,Congressman Rick Larsen (WA-02),Full-Time Intern,2015-03-02,2015,internship,10.000884,5.562433,-1
MEM-073-15,Congressman Adam Kinzinger (IL-16),Unpaid Intern,2015-03-02,2015,internship,7.1103444,-0.9855051,-1
MEM-071-15,Congressman Ami Bera (CA-07),Congressional Intern,2015-03-02,2015,internship,7.15175,1.9182199,-1
MEM-070-15,Congressman Ami Bera (CA-07),Communications Intern,2015-03-02,2015,internship,13.18232,18.805077,-1
MEM-124-24,Congressman Bruce Westerman (AR-04),Legislative Intern,2024-03-18,2024,internship,8.687199,0.5013706,-1
MEM-123-24,Congressman Matt Cartwright (PA-08),Legislative Intern,2024-03-18,2024,internship,3.2128077,3.5460978,-1
MEM-121-24,Congressman Jamie Raskin (MD-08),Correspondence Fellow,2024-03-18,2024,internship,6.442346,6.496605,-1
MEM-101-18,Congressman Brendan F. Boyle (PA-13),Summer Intern,2018-03-19,2018,internship,5.4521737,1.7050256,-1
MEM-099-18,Congresswoman Linda Sánchez (CA-38),Full-Time Summer Intern,2018-03-19,2018,internship,3.7100031,0.29413778,-1
MEM-098-18,Congressman Jimmy Gomez (CA-34),Intern,2018-03-19,2018,internship,7.095659,-2.1716835,-1
MEM-097-18,Congressman Buchanan (FL-16),Intern,2018-03-19,2018,internship,9.298938,4.286111,-1
MEM-096-18,,Summer Intern,2018-03-19,2018,internship,6.880441,0.61451006,-1
MEM-094-18,Congressman Sean Patrick Maloney (NY-18),Summer Intern,2018-03-19,2018,internship,5.1449056,0.84509444,-1
MEM-093-18,Congresswoman Kathy Castor (FL-14),Full-Time/Part-Time Intern,2018-03-19,2018,internship,7.7221227,-0.506801,40
MEM-072-15,Congressman Paul Gosar (AZ-04),Intern,2015-03-02,2015,internship,7.485784,1.3614296,37
MEM-092-17,Congresswoman Dina Titus (NV-1),Spring 2017 Intern,2017-03-20,2017,internship,9.065815,-1.681997,24
MEM-090-17,Congressman John Garamendi (CA-03),Intern,2017-03-20,2017,internship,6.938247,-3.6229064,37
MEM-089-17,,Press Intern,2017-03-20,2017,internship,13.780299,18.879982,-1
MEM-088-17,,Summer 2017 Intern,2017-03-20,2017,internship,8.959815,8.740672,-1
MEM-085-17,Congresswoman Martha McSally (AZ-02),Paid Full-Time Intern,2017-03-20,2017,internship,8.474934,2.012181,-1
MEM-084-17,,Intern,2017-03-20,2017,internship,9.897423,10.154445,-1
MEM-081-17,Congressman A. Donald McEachin (VA-04),Press Intern,2017-03-20,2017,internship,13.770331,19.41037,-1
MEM-174-23,Congresswoman Laurel Lee (FL-15),Spring 2023 Intern,2023-03-20,2023,internship,8.547364,-0.48629174,-1
MEM-173-23,Congresswoman Andrea Salinas (OR-06),Summer Intern,2023-03-20,2023,internship,8.912582,3.0140805,-1
MEM-172-23,Congressman Gregory W. Meeks (NY-05),Press/Digital Intern,2023-03-20,2023,internship,11.967702,20.352062,-1
MEM-171-23,Congressman Gregory W. Meeks (NY-05),Legislative Intern,2023-03-20,2023,internship,3.5696769,4.6023183,-1
MEM-166-23,,Internship,2023-03-20,2023,internship,6.393706,2.7868714,-1
MEM-165-23,Congresswoman Rosa L. DeLauro (CT-03),Internship (DC),2023-03-20,2023,internship,6.1545057,5.527878,-1
MEM-111-16,Congresswoman Dina Titus (NV-1),Intern,2016-03-21,2016,internship,9.079199,-1.6373038,24
MEM-110-16,Representative Scott Tipton (CO-03),Intern,2016-03-21,2016,internship,7.253912,1.1842368,-1
MEM-108-16,Congresswoman Tulsi Gabbard (HI-02),Press Intern,2016-03-21,2016,internship,10.983891,10.231083,-1
MEM-106-16,Congressman Mark Sanford (SC-01),Intern,2016-03-21,2016,internship,5.993345,0.796644,-1
MEM-105-16,,Unpaid Intern,2016-03-21,2016,internship,-0.3376639,2.114412,7
MEM-103-16,,"Graduate and Legal Interns and Fellows, Summer 2016",2016-03-21,2016,internship,8.610366,9.783782,9
MEM-099-16,Congressman Scott Rigell (VA-02),Summer 2016 Intern,2016-03-21,2016,internship,8.918915,4.8039856,-1
MEM-090-15,,Summer 2015 Intern,2015-03-23,2015,internship,8.541167,0.99532044,35
MEM-089-15,,Constituent Service Intern,2015-03-23,2015,internship,7.828738,4.5983005,-1
MEM-088-15,,Legislative Intern,2015-03-23,2015,internship,3.8275056,5.557383,16
MEM-087-15,Congresswoman Eleanor Holmes Norton (DC),Press and Social Media Intern,2015-03-23,2015,internship,14.386361,19.474203,-1
MEM-086-15,Congresswoman Eleanor Holmes Norton (DC),Summer Intern,2015-03-23,2015,internship,10.982238,2.1370287,29
MEM-140-24,,Summer Data Intern,2024-03-25,2024,internship,10.572035,8.651833,-1
MEM-139-24,Congresswoman Angie Craig (MN-02),Summer Intern,2024-03-25,2024,internship,9.116634,5.0168705,-1
MEM-138-24,Congressman Emanuel Cleaver (MO-5),Summer Intern,2024-03-25,2024,internship,4.0507827,1.6993784,-1
MEM-134-24,Congressman Jared Huffman (CA-02),Summer 2024 Intern,2024-03-25,2024,internship,5.482881,1.8977273,-1
MEM-132-24,Congresswoman Andrea Salinas (OR-06),Summer Intern,2024-03-25,2024,internship,8.91598,3.013284,-1
MEM-130-24,Congressman Ro Khanna (CA-17),Summer Intern,2024-03-25,2024,internship,11.865534,18.357754,20
MEM-110-18,Congressman Ben Ray Luján (NM-03),Intern,2018-03-26,2018,internship,5.386307,-1.7781844,26
MEM-109-18,Congressman Steve Russell (OK-5),Summer Intern,2018-03-26,2018,internship,7.391641,-1.2139685,-1
MEM-107-18,,Intern,2018-03-26,2018,internship,6.9367614,-3.0939689,-1
MEM-106-18,Congresswoman Eleanor Holmes Norton (DC-00),Summer Intern,2018-03-26,2018,internship,6.614955,3.4646738,-1
MEM-105-18,Congressman Raúl Labrador (ID-01),Summer Intern,2018-03-26,2018,internship,7.2300014,0.79919314,-1
MEM-102-18,Congressman Michael E. Capuano (MA-07),Intern,2018-03-26,2018,internship,4.6514163,7.1325703,37
MEM-107-17,Congresswoman Doris Matsui (CA-06),Intern,2017-03-27,2017,internship,5.4478245,1.5393184,40
MEM-106-17,Congressman Pete Aguilar (CA-31),Summer Intern,2017-03-27,2017,internship,4.9084587,3.1866708,-1
MEM-105-17,Congressman Don Beyer (VA-08),Intern,2017-03-27,2017,internship,5.50968,0.026520364,-1
MEM-104-17,,Press Intern,2017-03-27,2017,internship,13.772813,18.904902,-1
MEM-103-17,Congressman Charlie Crist (FL-13),Spring 2017 Intern,2017-03-27,2017,internship,9.01032,-0.987212,24
MEM-101-17,Congressman André Carson (IN),Press Intern,2017-03-27,2017,internship,13.58822,19.041187,-1
MEM-100-17,Congressman Ben Ray Luján (NM-03),Intern,2017-03-27,2017,internship,5.4183507,-1.7386347,26
MEM-099-17,Congressman Mark Pocan (WI-02),Legislative Intern,2017-03-27,2017,internship,5.3117847,6.392904,14
MEM-098-17,,Summer Intern,2017-03-27,2017,internship,8.623479,1.4731311,35
MEM-097-17,,Paid Intern,2017-03-27,2017,internship,10.757316,-0.46773615,-1
MEM-096-17,,Legislative Intern,2017-03-27,2017,internship,-3.7495408,-0.50343096,30
MEM-188-23,Congresswoman Marilyn Strickland (WA-10),Legislative Intern,2023-03-27,2023,internship,8.080901,6.577368,-1
MEM-186-23,Congressman Greg Murphy (NC-03),Spring 2023 Intern,2023-03-27,2023,internship,-0.008234601,9.081032,-1
MEM-181-23,Congresswoman Sydney Kamlager-Dove (CA-37),Summer 2023 Intern,2023-03-27,2023,internship,7.9118147,2.898984,-1
MEM-180-23,Congresswoman Kat Cammack (FL-03),"Full-Time Paid Intern, Summer 2023",2023-03-27,2023,internship,6.9491725,2.7769644,-1
MEM-178-23,Congresswoman Gwen Moore (WI-04),Summer 2023 Intern,2023-03-27,2023,internship,6.1354012,3.724293,-1
MEM-093-15,Congresswoman Lois Frankel (FL-22),Intern,2015-03-30,2015,internship,4.6358104,8.187802,18
MEM-074-17,Congressman Pete Aguilar (CA-31),Intern,2017-03-06,2017,internship,4.8953443,3.1874938,-1
MEM-131-23,Congressman Dan Kildee (MI-08),Paid Legislative Intern,2023-03-06,2023,internship,8.489653,3.4569504,-1
MEM-153-24,,Digital and Press Intern,2024-04-01,2024,internship,11.241297,21.020693,15
MEM-149-24,Congresswoman Sheila Cherfilus-McCormick (FL-20),Summer 2024 District Office Intern,2024-04-01,2024,internship,8.04223,5.127666,-1
MEM-148-24,Congresswoman Sheila Cherfilus-McCormick (FL-20),"Summer 2024 Washington, DC Intern",2024-04-01,2024,internship,7.6787896,3.823711,-1
MEM-142-24,,Oversight and Investigations Law Clerk,2024-04-01,2024,internship,8.046357,11.488533,1
MEM-121-17,,Legal Fellow,2017-04-10,2017,internship,8.444902,10.131508,-1
MEM-115-17,Congressman Jim Renacci (OH-16),Intern,2017-04-10,2017,internship,4.3849573,2.3976438,32
MEM-112-17,Congresswoman Claudia Tenney (NY-22),Summer Intern,2017-04-03,2017,internship,4.4869823,1.1234998,-1
MEM-212-23,Congressman Eric Swalwell (CA-14),Summer Press Intern,2023-04-10,2023,internship,12.6561,19.603682,-1
MEM-205-23,,Summer Intern,2023-04-10,2023,internship,11.772014,9.3983345,2
MEM-204-23,Congresswoman Ayanna Pressley (MA-07),Communications Intern,2023-04-10,2023,internship,12.0280285,18.922993,-1
MEM-190-23,Congressman Dan Goldman (NY-10),Intern,2023-04-03,2023,internship,4.3960314,2.5746598,-1
MEM-127-16,Congressman Raul Ruiz (CA-36),Summer 2016 Congressional Intern,2016-04-04,2016,internship,8.114455,2.8162277,-1
MEM-126-16,Congressman Joseph R. Pitts (PA-16),Spring Intern,2016-04-04,2016,internship,5.5095186,1.2839525,-1
MEM-125-16,,Paid Intern,2016-04-04,2016,internship,4.382371,2.136945,-1
MEM-124-16,Congressman Sam Farr (CA-20),Legislative Intern,2016-04-04,2016,internship,3.8503754,5.5490217,-1
MEM-123-16,Congressman Robert Aderholt (AL-4),Intern,2016-04-04,2016,internship,6.343207,-0.038293626,-1
MEM-122-16,,Press Intern,2016-04-04,2016,internship,13.778299,18.880688,-1
MEM-121-16,,Summer 2016 Intern,2016-04-04,2016,internship,7.4624715,-0.0840845,-1
MEM-120-16,Congresswoman Eleanor Holmes Norton (DC),Summer Intern,2016-04-04,2016,internship,11.008354,2.1420295,29
MEM-117-16,Congressman Paul Gosar (AZ-04),Intern,2016-04-04,2016,internship,7.4764776,1.3799336,37
MEM-115-16,,Full-Time Intern,2016-04-04,2016,internship,5.678218,4.861593,-1
MEM-114-16,Congressman Tony Cárdenas (CA-29),Intern,2016-04-04,2016,internship,4.597895,7.1799664,37
MEM-113-16,Congressman Joseph R. Pitts (PA-16),Summer Intern,2016-04-04,2016,internship,5.5586634,1.3021287,-1
MEM-112-16,Congresswoman Cheri Bustos (IL-17),Summer Press Intern,2016-04-04,2016,internship,13.64735,19.44831,-1
MEM-105-15,,Intern,2015-04-13,2015,internship,4.6236567,2.4653547,32
MEM-103-15,,Communications Intern,2015-04-13,2015,internship,12.980081,18.39485,-1
MEM-102-15,,Intern,2015-04-13,2015,internship,5.41579,0.009975347,-1
MEM-101-15,Congressman Mark Takano (CA-41),Spring Intern,2015-04-13,2015,internship,6.7067404,4.199936,-1
MEM-100-15,Congressman Kevin Brady (TX-08),Full Time Intern,2015-04-13,2015,internship,4.7634687,2.6742015,-1
MEM-099-15,Congresswoman Suzan DelBene (WA-01),Intern,2015-04-06,2015,internship,7.6364074,1.7934836,34
MEM-096-15,,Press Intern,2015-04-06,2015,internship,-10.533655,13.256147,-1
MEM-095-15,,Legislative Intern,2015-04-06,2015,internship,-3.757452,-0.49587265,30
MEM-094-15,,Summer Intern,2015-04-06,2015,internship,8.01117,-0.5962642,-1
MEM-167-24,Congressman Greg Casar (TX-35),Summer 2024 Intern,2024-04-15,2024,internship,7.937396,3.407254,-1
MEM-164-24,Congresswoman Angie Craig (MN-02),Part-Time Press Fellow,2024-04-15,2024,internship,13.52497,19.581015,-1
MEM-131-17,Congresswoman Tulsi Gabbard (HI-02),Press Intern,2017-04-17,2017,internship,10.98461,10.229764,-1
MEM-128-17,,Press Intern,2017-04-17,2017,internship,13.73394,19.210926,-1
MEM-126-17,Congressman Tom Reed (NY-23),Summer Intern,2017-04-17,2017,internship,5.148105,0.7705614,44
MEM-125-17,,Digital Intern,2017-04-17,2017,internship,10.718412,21.573149,15
MEM-233-23,Congresswoman Yvette D. Clarke (NY-09),Digital Press Intern,2023-04-17,2023,internship,13.054412,19.33896,-1
MEM-232-23,,Summer 2023 Legal Intern,2023-04-17,2023,internship,9.229472,10.84625,3
MEM-231-23,Congressman Brian Mast (FL-21),"Part-Time Intern, Summer 2023",2023-04-17,2023,internship,8.682148,-0.518775,-1
MEM-228-23,Congresswoman Angie Craig (MN-02),Summer Intern,2023-04-17,2023,internship,9.121867,5.0200257,-1
MEM-134-16,,Summer Intern,2016-04-18,2016,internship,9.764892,7.6890903,5
MEM-113-18,Congressman Bill Posey (FL-08),Full-Time Intern,2018-04-02,2018,internship,7.8437624,-0.3951903,43
MEM-109-15,,Press Intern,2015-04-20,2015,internship,12.419138,19.420073,-1
MEM-107-15,Congresswoman Candice S. Miller (MI-10),Legislative Intern,2015-04-20,2015,internship,8.900068,0.40865162,-1
MEM-106-15,,Congressional Intern,2015-04-20,2015,internship,10.475618,1.1663933,-1
MEM-176-24,Congresswoman Katie Porter (CA-47),DC Press Internship,2024-04-22,2024,internship,12.834081,19.423601,21
MEM-175-24,,Digital Fellow,2024-04-22,2024,internship,12.803082,20.05756,-1
MEM-170-24,Congressman Salud Carbajal (CA-24),Digital/Press Intern,2024-04-22,2024,internship,12.495985,19.45858,21
MEM-125-18,Congressman Steve Russell (OK-5),Full-Time Intern (Fall 2018),2018-04-23,2018,internship,7.3866663,-1.2062993,-1
MEM-120-18,,Paid Intern,2018-04-09,2018,internship,10.758558,-0.45404682,-1
MEM-119-18,Congressman John Garamendi (CA-03),Intern,2018-04-09,2018,internship,6.963849,-3.6366239,37
MEM-117-18,Congressman Charlie Crist (FL-13),Summer Intern,2018-04-09,2018,internship,9.173841,-0.913674,24
MEM-116-18,Congressman Tom McClintock (CA-04),Intern,2018-04-09,2018,internship,10.3888235,1.1553128,36
MEM-135-17,,Intern,2017-04-24,2017,internship,10.686617,-0.4224012,-1
MEM-134-17,,Internship,2017-04-24,2017,internship,10.362569,8.884725,-1
MEM-132-17,,Press Intern,2017-04-24,2017,internship,13.778581,18.90407,-1
MEM-244-23,,Paid Intern - Summer 2023,2023-04-24,2023,internship,12.054763,19.76147,-1
MEM-136-16,Congressman Jim Costa (CA-16),Intern,2016-04-25,2016,internship,8.464242,2.0111592,-1
MEM-115-15,,Communications Intern,2015-04-27,2015,internship,13.064465,18.543863,-1
MEM-114-15,,Unpaid Intern,2015-04-27,2015,internship,7.5256567,-0.18093508,-1
MEM-113-15,Congresswoman Jackie Walorski (IN-02),Communications Intern,2015-04-27,2015,internship,-6.91338,5.6217523,10
MEM-112-15,Congresswoman Jackie Walorski (IN-02),Full-Time Intern,2015-04-27,2015,internship,4.268603,-0.15412048,44
MEM-179-24,Congressman Wesley Hunt (TX-38),Summer 2024 District Office Intern,2024-04-29,2024,internship,8.008521,5.179957,-1
MEM-191-23,Representative Pramila Jayapal (WA-07),Paid Intern,2023-04-03,2023,internship,5.745413,3.8652546,-1
MEM-118-18,Congressman Hank Johnson (GA-04),Legal Fellow,2018-04-09,2018,internship,8.505795,10.270539,-1
MEM-126-15,Congressman Derek Kilmer (WA-06),Intern,2015-05-11,2015,internship,0.19570245,18.091269,-1
MEM-122-15,Congressman Benishek (MI-01),Unpaid Intern,2015-05-11,2015,internship,-0.3422943,2.1116493,7
MEM-192-24,Congresswoman Terri Sewell (AL-07),Digital and Press Fellow,2024-05-13,2024,internship,12.829944,20.040146,-1
MEM-189-24,,Health Policy Law Clerk or Graduate Student Research Intern,2024-05-06,2024,internship,8.399723,10.647985,-1
MEM-133-18,,Intern,2018-05-14,2018,internship,6.322091,1.9279742,-1
MEM-146-17,Congresswoman Debbie Wasserman Schultz (FL-23),Intern,2017-05-15,2017,internship,9.064181,1.7651575,-1
MEM-136-17,Congressman Dan Newhouse (WA-04),Intern,2017-05-08,2017,internship,5.724104,1.2067119,-1
MEM-268-23,Congressman Greg Casar (TX-35),Paid Intern (Summer 2023),2023-05-15,2023,internship,7.955144,3.3958085,-1
MEM-262-23,Congressman Salud Carbajal (CA-24),Digital/Press Intern,2023-05-15,2023,internship,12.560742,19.501892,21
MEM-147-16,,Summer Intern,2016-05-16,2016,internship,5.1708736,1.5623509,-1
MEM-146-16,Congresswoman Debbie Wasserman Schultz (FL-23),Intern,2016-05-09,2016,internship,9.056145,1.7688377,-1
MEM-139-16,,Press Intern,2016-05-02,2016,internship,-10.533658,13.256149,-1
MEM-138-16,,Legislative Intern,2016-05-02,2016,internship,-3.7486823,-0.5055329,30
MEM-137-16,,Legislative Fellow,2016-05-02,2016,internship,8.223632,10.147477,-1
MEM-129-15,Congressman Bill Johnson (OH-06),Fall Intern,2015-05-18,2015,internship,6.7951674,0.3772439,43
MEM-195-24,Congressman Seth Moulton (MA-06),Intern,2024-05-20,2024,internship,7.5250015,4.350609,33
MEM-137-18,,Fall 2018 Policy Intern,2018-05-21,2018,internship,21.086021,7.664064,0
MEM-154-17,,Intern,2017-05-22,2017,internship,9.967819,8.292799,-1
MEM-278-23,Congressman Jason Smith (MO-08),Intern,2023-05-22,2023,internship,9.914579,3.0591638,-1
MEM-156-16,,Intern,2016-05-23,2016,internship,7.237972,-12.269939,-1
MEM-155-16,,Press Intern,2016-05-23,2016,internship,13.467504,19.09636,22
MEM-134-15,,Part-Time Press Intern,2015-05-25,2015,internship,13.761354,19.162876,-1
MEM-160-16,,Intern,2016-05-30,2016,internship,7.2379723,-12.269954,-1
MEM-158-16,,Fall 2016 Intern,2016-05-30,2016,internship,10.725778,8.453887,6
MEM-155-17,,Intern And Fellow,2017-05-30,2017,internship,8.98967,1.7998976,-1
MEM-281-23,Congressman Bill Johnson (OH-06),Fall 2023 Intern,2023-05-31,2023,internship,6.7084947,0.7630857,-1
MEM-225-24,Congresswoman Chrissy Houlahan (PA-06),Legislative Intern,2024-06-10,2024,internship,16.717266,11.236188,-1
MEM-219-24,Congresswoman Stephanie Bice (OK-05),Fall 2024 Paid Intern,2024-06-10,2024,internship,8.1065035,3.3639777,-1
MEM-218-24,Congressman Jeff Van Drew (NJ-02),Fall Intern,2024-06-10,2024,internship,5.868972,-0.9547384,38
MEM-217-24,Congresswoman Suzan DelBene (WA-01),Intern,2024-06-03,2024,internship,7.6905804,1.8431685,34
MEM-155-18,,Fall 2018 Intern,2018-06-11,2018,internship,21.119032,7.6969953,0
MEM-154-18,Congressman Dan Newhouse (WA-04),Fall 2018 Intern,2018-06-11,2018,internship,9.2084055,-0.95820963,-1
MEM-153-18,Congresswoman Eleanor Holmes Norton (DC-00),Fall 2018 Intern,2018-06-11,2018,internship,8.18065,3.8661325,-1
MEM-150-18,Congressman Charlie Crist (FL-13),Fall 2018 Intern,2018-06-05,2018,internship,9.206688,-0.92035085,24
MEM-147-18,,Fall 2018 Intern,2018-06-05,2018,internship,21.115889,7.6938105,0
MEM-299-23,Congresswoman Pramila Jayapal (WA-07),Paid Intern (Fall 2023),2023-06-12,2023,internship,5.749464,3.9037573,-1
MEM-298-23,Congressman Seth Moulton (MA-06),DC Digital Production Intern,2023-06-12,2023,internship,12.396154,19.265947,-1
MEM-297-23,,Fern Holland International Affairs Fellow,2023-06-12,2023,internship,7.7885203,9.604827,-1
MEM-296-23,,Fall 2023 Intern,2023-06-12,2023,internship,7.437435,4.265735,33
MEM-294-23,,Fall 2023 Intern,2023-06-12,2023,internship,10.4235115,8.042232,6
MEM-292-23,Congressman Dan Kildee (MI-08),Fall 2023 Paid Intern,2023-06-12,2023,internship,8.459632,3.4444878,-1
MEM-165-16,Congressman Diane Black (TN-06),Intern,2016-06-13,2016,internship,10.197253,1.282458,-1
MEM-164-17,Congressman Rob Wittman (VA-01),Fall 2017 Intern,2017-06-13,2017,internship,12.993027,0.8294209,17
MEM-160-17,,Fall Intern,2017-06-05,2017,internship,7.2379723,-12.269963,-1
MEM-144-15,Congresswoman Tulsi Gabbard (HI-02),Press Intern,2015-06-15,2015,internship,10.967395,10.2173395,-1
MEM-142-15,Congressman Patrick Meehan (PA-07),Fall 2015 Intern,2015-06-15,2015,internship,4.7899427,4.0409203,-1
MEM-237-24,Congressman Rob Menendez (NJ-08),Intern,2024-06-17,2024,internship,7.074305,3.7592623,-1
MEM-234-24,Congressman Glenn Grothman (WI-06),Fall Congressional Intern,2024-06-17,2024,internship,7.61282,2.6708088,-1
MEM-231-24,Congressman Adam B. Schiff (CA-30),Fall 2024 Intern,2024-06-17,2024,internship,7.3457737,3.7615087,-1
MEM-168-18,,Fall Intern,2018-06-18,2018,internship,10.713462,3.7915642,-1
MEM-167-18,Congressman Walter B. Jones (NC-03),"Intern, Fall 2018",2018-06-18,2018,internship,5.7287087,5.0035496,13
MEM-166-18,Congressman John Garamendi (CA-03),Fall Intern,2018-06-18,2018,internship,6.9284277,-3.6238182,37
MEM-165-18,Congressman Paul Tonko (NY-20),Legislative Intern,2018-06-18,2018,internship,3.1483293,7.3107867,-1
MEM-164-18,Congressman Paul Tonko (NY-20),Press Intern,2018-06-18,2018,internship,13.72925,17.603062,-1
MEM-163-18,,Full-Time Intern,2018-06-18,2018,internship,9.692876,7.878412,5
MEM-161-18,Congressman Steve Russell (OK-5),Fall 2018 Intern,2018-06-18,2018,internship,7.397596,-1.2103645,-1
MEM-160-18,Congressman Rob Wittman (VA-01),Fall Intern,2018-06-18,2018,internship,13.005913,0.8154882,17
MEM-159-18,,Fall 2018 Intern,2018-06-18,2018,internship,10.724708,8.447083,6
MEM-158-18,,"Law Student, Graduate Student, And Undergraduate Student Intern",2018-06-18,2018,internship,8.946237,9.296488,-1
MEM-157-18,,Intern,2018-06-18,2018,internship,1.5325296,2.4001632,-1
MEM-171-17,Congressman Glenn Grothman (WI-06),Fall 2017 Intern,2017-06-19,2017,internship,4.531334,0.37403318,44
MEM-170-17,,Fall 2017 Intern,2017-06-19,2017,internship,10.715342,8.443366,6
MEM-174-16,Congresswoman Jackie Walorski (IN-02),Communications Intern,2016-06-20,2016,internship,12.908525,18.454212,10
MEM-173-16,Congresswoman Jackie Walorski (IN-02),Legislative Intern,2016-06-20,2016,internship,4.246411,-0.19760546,44
MEM-172-16,Congressman Richard Hanna (NY-22),Fall Semester Intern,2016-06-20,2016,internship,6.993981,1.232264,-1
MEM-171-16,,Communications Intern,2016-06-20,2016,internship,12.870409,19.302515,-1
MEM-170-16,,Congressional Intern,2016-06-20,2016,internship,2.1565812,8.092744,11
MEM-169-16,Congressman Bruce Westerman (AR-04),Summer II 2016 Intern,2016-06-20,2016,internship,7.444276,0.26090994,39
MEM-311-23,Congressman Anthony D'Esposito (NY-04),Fall Intern,2023-06-20,2023,internship,6.436977,1.6757112,-1
MEM-308-23,Congresswoman Lisa Blunt Rochester (DE-At Large),Fall Intern,2023-06-20,2023,internship,6.4326916,2.976536,41
MEM-304-23,Congresswoman Mary Gay Scanlon (PA-05),Paid Fall Legislative Internship,2023-06-20,2023,internship,6.6501594,6.702797,-1
MEM-303-23,Congresswoman Lois Frankel (FL-22),Fall 2023 Intern,2023-06-20,2023,internship,4.793005,8.138856,18
MEM-150-15,,Intern,2015-06-22,2015,internship,7.5302672,-0.10852458,39
MEM-258-24,"Representative Yadira Caraveo, M.D. (CO-08)",Fall 2024 Intern,2024-06-24,2024,internship,7.64248,3.562638,-1
MEM-257-24,Congressman Matt Cartwright (PA-08),Legislative Intern,2024-06-24,2024,internship,3.21282,3.5464506,-1
MEM-256-24,Congressman Joseph Morelle (NY-25),Fall 2024 District Internship,2024-06-24,2024,internship,8.060809,5.525607,-1
MEM-255-24,Congressman Joe Morelle (NY-25),Fall 2024 Intern,2024-06-24,2024,internship,7.564002,3.5345933,-1
MEM-253-24,Congressman Mike Levin (CA-49),Press and Legislative Intern,2024-06-24,2024,internship,12.125758,18.320404,20
MEM-252-24,Congresswoman Marilyn Strickland (WA-10),Fall Communications Intern,2024-06-24,2024,internship,12.9701395,18.92819,-1
MEM-251-24,Congresswoman Marilyn Strickland (WA-10),Fall Legislative Intern,2024-06-24,2024,internship,8.073629,6.5768976,-1
MEM-246-24,Congressman Steve Cohen (TN-09),Fall 2024 Intern,2024-06-24,2024,internship,0.33863938,7.13248,12
MEM-245-24,Congresswoman Mary Gay Scanlon (PA-05),Paid Fall Legislative Internship,2024-06-24,2024,internship,6.651249,6.7101307,-1
MEM-176-18,Congressman Tom McClintock (CA-04),Intern,2018-06-25,2018,internship,10.417874,1.1226913,36
MEM-172-18,Congressman Conor Lamb (PA-18),Fall 2018 Congressional Intern,2018-06-25,2018,internship,2.08155,3.50137,26
MEM-171-18,Congressman Vern Buchanan (FL-16),Intern,2018-06-25,2018,internship,7.567535,-0.3845813,-1
MEM-170-18,Congressman Ron Estes (KS-04),Fall 2018 Intern,2018-06-25,2018,internship,5.878752,1.1900381,-1
MEM-179-17,Congressman Mario Diaz-Balart (FL-25),Fall Intern,2017-06-26,2017,internship,6.9714723,1.5744323,-1
MEM-178-17,Congresswoman Kathy Castor (FL-14),Full-Time/Part-Time Intern (Fall 2017),2017-06-26,2017,internship,7.6225324,-0.45802578,40
MEM-177-17,,Fall Intern,2017-06-26,2017,internship,9.788965,8.081391,-1
MEM-174-17,Congressman Denny Heck (WA-10),Fall 2017 Intern,2017-06-26,2017,internship,5.8183117,1.0623138,40
MEM-324-23,,Full-Time Intern (Fall 2023),2023-06-26,2023,internship,11.753638,9.378236,2
MEM-322-23,Congresswoman Suzan DelBene (WA-01),Fall 2023 Intern,2023-06-26,2023,internship,7.2558045,3.574863,34
MEM-320-23,Congressman Chris Pappas (NH-01),Paid Intern,2023-06-26,2023,internship,6.403828,-0.5720134,-1
MEM-318-23,Congressman Doug LaMalfa (CA-01),Paid Fall 2023 Intern,2023-06-26,2023,internship,5.5974703,5.201717,13
MEM-317-23,,Fall 2023 Legal Internship,2023-06-26,2023,internship,9.217126,10.841023,3
MEM-316-23,Congressman Robert Garcia (CA-42),Press Intern,2023-06-26,2023,internship,13.662356,19.374079,-1
MEM-315-23,Congresswoman Sydney Kamlager-Dove (CA-37),Fall 2023 Intern,2023-06-26,2023,internship,7.9122453,2.8895864,-1
MEM-187-16,Congressman Earl Blumenauer (OR-03),Intern,2016-06-27,2016,internship,7.7294483,1.5116447,-1
MEM-186-16,Congressman Patrick Meehan (PA-07),Fall 2016 Intern,2016-06-27,2016,internship,4.786068,4.0456467,-1
MEM-185-16,,Intern,2016-06-27,2016,internship,8.924621,1.865963,-1
MEM-181-16,Congressman Reid Ribble (WI-08),Intern,2016-06-27,2016,internship,6.7099614,5.0076404,27
MEM-180-16,Congresswoman Eleanor Holmes Norton (DC-00),Press Intern,2016-06-27,2016,internship,13.9845705,19.93897,19
MEM-178-16,Representative Martha McSally (AZ-02),Paid Full-Time Intern,2016-06-27,2016,internship,8.460885,2.0057564,-1
MEM-177-16,,Intern,2016-06-27,2016,internship,9.739312,7.724657,5
MEM-176-16,,Communications Intern,2016-06-27,2016,internship,12.88583,18.125937,-1
MEM-158-15,,Legislative Fellow,2015-06-29,2015,internship,7.709312,10.276324,-1
MEM-157-15,,Press Intern,2015-06-29,2015,internship,0.4780486,-0.42853045,-1
MEM-156-15,,Congressional Intern,2015-06-29,2015,internship,1.770943,7.6571436,11
MEM-154-15,,Communications Fellow,2015-06-29,2015,internship,0.47942412,-0.427402,-1
MEM-152-15,Congressman Jerrold Nadler (NY-10),Unpaid Intern,2015-06-29,2015,internship,6.7638645,4.52336,-1
MEM-274-24,Representative Rick Larsen (WA-02),Fall 2024 Intern,2024-07-01,2024,internship,6.720624,0.6631643,42
MEM-272-24,Congressman Jared Huffman (CA-02),Fall 2024 Intern,2024-07-01,2024,internship,5.553238,1.9716072,-1
MEM-271-24,Congressman Greg Casar (TX-35),Paid Intern (Fall 2024),2024-07-01,2024,internship,7.9732695,3.4062405,-1
MEM-268-24,,Fall 2024 Paid Intern,2024-07-01,2024,internship,12.062581,19.762487,-1
MEM-267-24,,Full-Time Intern (Fall 2024),2024-07-01,2024,internship,11.753206,9.3789,2
MEM-265-24,Congressman Cliff Bentz (OR-02),Intern,2024-07-01,2024,internship,7.65731,1.6017925,-1
MEM-264-24,Congresswoman Cori Bush (MO-01),Fall 2024 Intern,2024-07-01,2024,internship,7.5342193,3.700598,-1
MEM-262-24,Congressman Cory Mills (FL-07),Fall 2024 Intern,2024-07-01,2024,internship,6.468407,0.8092594,42
MEM-261-24,Congressman Shri Thanedar (MI-13),Fall 2024 Intern,2024-07-01,2024,internship,7.247024,2.7506366,-1
MEM-260-24,Congresswoman Hillary Scholten (MI-03),Fall 2024 Intern,2024-07-01,2024,internship,7.522391,3.6613529,-1
MEM-259-24,Congresswoman Sydney Kamlager-Dove (CA-37),Fall 2024 Intern,2024-07-01,2024,internship,7.9209642,2.8825145,-1
MEM-250-24,Congressman Kevin Mullin (CA-15),Press Intern,2024-07-01,2024,internship,13.545996,19.406866,22
MEM-197-16,,Communications Intern,2016-07-04,2016,internship,13.072072,18.515717,-1
MEM-196-16,Congressman Ted W. Lieu (CA-33),Fall Intern,2016-07-04,2016,internship,5.2448964,3.4131327,-1
MEM-195-16,,Fall 2016 Intern,2016-07-04,2016,internship,7.466355,-0.08536566,-1
MEM-193-16,Congressman Ruben Gallego (AZ-07),Fall 2016 Intern,2016-07-04,2016,internship,7.3536563,0.29961735,39
MEM-192-16,Congressman Rob Wittman (VA-01),Fall Semester Intern,2016-07-04,2016,internship,12.9713745,0.8514721,17
MEM-191-16,Congressman Glenn Grothman (WI-06),Fall 2016 Intern,2016-07-04,2016,internship,4.513039,0.3597757,44
MEM-190-16,,Fall 2016 Intern,2016-07-04,2016,internship,11.185029,8.397946,6
MEM-162-15,,Fall 2015 Intern,2015-07-06,2015,internship,9.193529,2.2988603,-1
MEM-160-15,,Legislative Intern,2015-07-06,2015,internship,8.614837,0.85314834,35
MEM-159-15,,Communications Intern,2015-07-06,2015,internship,12.9595585,18.404016,-1
MEM-195-17,,Fall Intern,2017-07-10,2017,internship,10.677464,3.836017,-1
MEM-194-17,Congresswoman Claudia Tenney (NY-22),Fall Intern,2017-07-10,2017,internship,4.4754972,1.1326796,-1
MEM-193-17,Congresswoman Doris Matsui (CA-06),Fall Intern,2017-07-10,2017,internship,5.5560093,1.5110852,40
MEM-190-17,,Fall 2017 Internship,2017-07-10,2017,internship,9.877355,10.160408,-1
MEM-189-17,,Unpaid Intern,2017-07-10,2017,internship,10.706997,-0.43591514,-1
MEM-187-17,Congressman Austin Scott (GA-08),Fall Intern,2017-07-10,2017,internship,7.1092224,1.0178229,-1
MEM-186-17,Congressman John Garamendi (CA-03),Intern,2017-07-10,2017,internship,6.9636536,-3.6489627,37
MEM-185-17,Congressman Paul Tonko (NY-20),Legislative Intern,2017-07-10,2017,internship,3.149539,7.3101044,-1
MEM-184-17,Congressman Paul Tonko (NY-20),Press Intern,2017-07-10,2017,internship,13.71344,17.593092,-1
MEM-183-17,Congressman Ben Ray Luján (NM-03),Intern,2017-07-10,2017,internship,5.3959303,-1.7711837,26
MEM-182-17,,Fall 2017 Intern,2017-07-10,2017,internship,11.208514,8.40592,6
MEM-181-17,Congressman Tom Reed (NY-23),Fall 2017 Intern,2017-07-10,2017,internship,5.1713867,0.7338755,44
MEM-353-23,,Paid Intern,2023-07-10,2023,internship,9.68295,7.9461966,5
MEM-351-23,Congresswoman Grace F. Napolitano (CA-31),Fall Intern,2023-07-10,2023,internship,6.7381744,3.18698,-1
MEM-350-23,Congressman Kevin Mullin (CA-15),Press Intern,2023-07-10,2023,internship,13.463836,19.364119,22
MEM-349-23,Congressman Kevin Mullin (CA-15),Paid Legislative Intern (Fall),2023-07-10,2023,internship,5.7891197,3.5648875,-1
MEM-348-23,Congressman Maxwell Alejandro Frost (FL-10),Intern,2023-07-10,2023,internship,6.4289417,2.772333,-1
MEM-347-23,Congressman Barry Moore (AL-02),Fall 2023 Intern,2023-07-10,2023,internship,6.881449,3.8706555,33
MEM-346-23,Congresswoman Shontel Brown (OH-11),Fall Intern,2023-07-10,2023,internship,6.788434,0.86722183,-1
MEM-345-23,Congressman Pat Ryan (NY-18),Fall 2023 Intern,2023-07-10,2023,internship,7.2087045,3.7840974,18
MEM-344-23,,Intern,2023-07-10,2023,internship,6.9008527,4.6934476,-1
MEM-343-23,Congresswoman Kat Cammack (FL-03),"Full-Time Paid Intern, Fall 2023",2023-07-10,2023,internship,6.958678,2.7800226,-1
MEM-341-23,Congressman Matt Cartwright (PA-08),Legislative Intern,2023-07-10,2023,internship,3.208692,3.5478125,-1
MEM-338-23,Congresswoman Kay Granger (TX-12),Paid Congressional Intern,2023-07-10,2023,internship,4.771187,4.786324,-1
MEM-337-23,Congresswoman Andrea Salinas (OR-06),Fall Intern,2023-07-10,2023,internship,8.882425,2.9971967,-1
MEM-336-23,Congresswoman Sylvia R. Garcia (TX-29),Legislative Intern,2023-07-10,2023,internship,-2.3617387,6.826158,-1
MEM-334-23,Congressman Brian Mast (FL-21),Part-Time Summer Intern,2023-07-03,2023,internship,8.691961,-0.49789718,-1
MEM-333-23,,Press/Digital Fellow,2023-07-03,2023,internship,12.841266,20.043692,-1
MEM-331-23,Congresswoman Eleanor Holmes Norton (DC-00),District Intern,2023-07-03,2023,internship,8.104716,5.066771,-1
MEM-330-23,Congressman Mike Collins (GA-10),Fall 2023 Intern,2023-07-03,2023,internship,9.915428,3.0507712,-1
MEM-327-23,,"Paid Intern, Fall 2023",2023-07-03,2023,internship,12.059629,19.770752,-1
MEM-207-16,Congressman Gerald Connolly (VA-11),Intern,2016-07-11,2016,internship,5.1424584,1.8726568,-1
MEM-206-16,Congressman Tony Cárdenas (CA-29),Press Intern,2016-07-11,2016,internship,12.813754,19.31025,-1
MEM-205-16,Congressman Ben Ray Luján (NM-03),Intern,2016-07-11,2016,internship,5.4021697,-1.764289,26
MEM-204-16,Congressman Scott Rigell (VA-02),Fall 2016 Intern,2016-07-11,2016,internship,8.929514,4.8236184,-1
MEM-202-16,,Congressional Intern,2016-07-11,2016,internship,7.9105234,-0.13991643,-1
MEM-201-16,Congresswoman Dina Titus (NV-1),Fall 2016 Intern,2016-07-11,2016,internship,9.092835,-1.666609,24
MEM-200-16,Congressman Don Beyer (VA-08),Full-Time Unpaid Intern,2016-07-11,2016,internship,5.1000338,5.3416643,-1
MEM-198-16,Congressman Bruce Poliquin (ME-02),Fall 2016 Intern,2016-07-11,2016,internship,7.233513,2.94082,-1
MEM-169-15,,Congressional Intern,2015-07-13,2015,internship,-1.5173603,2.615799,-1
MEM-168-15,,Fall 2015 Intern,2015-07-13,2015,internship,4.680093,2.4890618,32
MEM-167-15,Congressman John Garamendi (CA-03),Intern,2015-07-13,2015,internship,6.975063,-3.6585963,37
MEM-166-15,Congressman Frank Pallone (NJ-06),Fall 2015 Intern,2015-07-13,2015,internship,4.837611,1.6418549,-1
MEM-164-15,,Fall Intern,2015-07-13,2015,internship,8.022005,-0.6483235,-1
MEM-309-24,Congressman Josh Harder (CA-9),Legislative Intern,2024-07-15,2024,internship,3.5666637,4.597933,-1
MEM-308-24,,Legislative Fellow,2024-07-15,2024,internship,7.973533,10.133328,-1
MEM-307-24,Congresswoman Lois Frankel (FL-22),Fall 2024 Intern,2024-07-15,2024,internship,4.7307105,8.1902,18
MEM-304-24,Congressman Brian Mast (FL-21),Part-Time Fall 2024 Intern,2024-07-15,2024,internship,8.666219,-0.5110909,-1
MEM-303-24,,Law Clerk,2024-07-15,2024,internship,8.047341,11.484565,1
MEM-302-24,,Digital Media And Traditional Press Intern,2024-07-15,2024,internship,11.224652,21.037281,15
MEM-301-24,,Legislative Intern,2024-07-15,2024,internship,8.974539,8.757955,28
MEM-300-24,,Fall Intern,2024-07-15,2024,internship,5.7970276,12.829998,-1
MEM-298-24,,Fall 2024 Intern,2024-07-15,2024,internship,7.3132052,3.70676,-1
MEM-297-24,Congressman Raja Krishnamoorthi (IL-18),Legislative Intern,2024-07-15,2024,internship,-2.361142,6.825738,-1
MEM-296-24,Congresswoman Susie Lee (NV-03),Fall 2024 Intern,2024-07-15,2024,internship,8.898165,-2.7606819,25
MEM-295-24,,Legislative Intern,2024-07-15,2024,internship,5.7921524,13.485911,8
MEM-294-24,Congresswoman Andrea Salinas (OR-06),Fall Intern,2024-07-15,2024,internship,8.908967,3.0214074,-1
MEM-293-24,Congressman Emanuel Cleaver (MO-5),Fall Intern,2024-07-15,2024,internship,4.0619493,1.701037,-1
MEM-291-24,Congresswoman Dina Titus (NV-01),Paid Fall 2024 Intern,2024-07-15,2024,internship,8.124827,0.36553255,-1
MEM-289-24,Congresswoman Sydney Kamlager-Dove (CA-37),Press Intern,2024-07-15,2024,internship,13.002185,19.114887,-1
MEM-286-24,Congressman Gregory W. Meeks (NY-05),Press/Digital Intern,2024-07-08,2024,internship,11.958306,20.345787,-1
MEM-285-24,Congressman Gregory W. Meeks (NY-05),Legislative Intern,2024-07-08,2024,internship,3.5680676,4.591994,-1
MEM-283-24,Congressman Jim Baird (IN-4),Fall 2024 Intern,2024-07-08,2024,internship,7.3587866,2.9644918,-1
MEM-282-24,Congresswoman Pramila Jayapal (WA-07),Law Clerk,2024-07-08,2024,internship,8.068003,11.457945,1
MEM-281-24,Congresswoman Summer Lee (PA-12),Congressional Intern,2024-07-08,2024,internship,7.580708,2.2133744,-1
MEM-279-24,Representative Pramila Jayapal (WA-07),"Paid Intern, Fall 2024",2024-07-08,2024,internship,5.766742,3.9209077,-1
MEM-277-24,,Fall 2024 Intern,2024-07-08,2024,internship,10.400452,8.027411,6
MEM-249-24,Congressman Kevin Mullin (CA-15),Legislative Intern,2024-07-08,2024,internship,5.812533,3.538797,-1
MEM-217-18,Congresswoman Kathy Castor (FL-14),Full-Time/Part-Time Intern (Fall 2018),2018-07-16,2018,internship,7.6839395,-0.49883664,40
MEM-216-18,Congressman Dave Reichert (WA-08),Fall Intern,2018-07-16,2018,internship,8.84657,2.2255242,-1
MEM-215-18,Representative Sean Patrick Maloney (NY-18),Legislative Intern,2018-07-16,2018,internship,5.0976357,0.89864504,-1
MEM-214-18,Congresswoman Brenda L. Lawrence (MI-14),Intern,2018-07-16,2018,internship,4.037836,3.56544,31
MEM-213-18,Congresswoman Diana DeGette (CO-01),Intern,2018-07-16,2018,internship,4.0231586,2.1586432,32
MEM-212-18,Congressman Paul Cook (CA-08),Intern,2018-07-16,2018,internship,9.957528,3.044292,-1
MEM-211-18,,Fall 2018 Intern,2018-07-16,2018,internship,9.872745,10.172275,-1
MEM-210-18,Congressman Michael E. Capuano (MA-07),Intern,2018-07-16,2018,internship,4.656505,7.1323647,37
MEM-311-18,Congressman Jimmy Gomez (CA-34),Intern,2018-07-16,2018,internship,7.0955076,-2.1727629,-1
MEM-310-18,Congressman Bill Posey (FL-08),Intern,2018-07-16,2018,internship,7.870814,-0.45265982,43
MEM-309-18,Congresswoman Linda Sánchez (CA-38),Full-Time Intern,2018-07-16,2018,internship,3.7061882,0.29085916,-1
MEM-308-18,Congressman Fred Upton (MI-06),Fall 2018 Intern,2018-07-16,2018,internship,7.100333,1.5331954,-1
MEM-307-18,Congressman Peter DeFazio (OR-04),Fall 2018 Intern,2018-07-16,2018,internship,7.153419,1.5999529,-1
MEM-305-18,Congressman Mark Pocan (WI-02),Legislative Intern,2018-07-16,2018,internship,5.2923326,6.3851533,14
MEM-304-18,Congressman David Price (NC-04),Fall Intern,2018-07-16,2018,internship,6.9832344,1.6409799,-1
MEM-303-18,Congresswoman Tulsi Gabbard (HI-02),Press Intern,2018-07-16,2018,internship,13.6872015,19.394209,-1
MEM-302-18,Congresswoman Gwen Moore (WI-04),Press Intern,2018-07-16,2018,internship,-3.724513,14.089257,23
MEM-301-18,Congressman Ro Khanna (CA-17),Full-Time Intern,2018-07-16,2018,internship,6.5271487,2.5564582,-1
MEM-300-18,,Fall 2018 Intern,2018-07-16,2018,internship,8.656516,1.4341351,35
MEM-208-18,,Legislative Intern,2018-07-16,2018,internship,9.020256,8.784127,28
MEM-207-18,Congressman Al Lawson (FL-05),Fall Intern,2018-07-16,2018,internship,5.5860615,1.348788,-1
MEM-206-18,Congressman Steve Pearce (NM-02),Intern,2018-07-16,2018,internship,9.0254345,3.881091,-1
MEM-205-18,Congressman Erik Paulsen (MN-03),Congressional Intern,2018-07-16,2018,internship,6.78328,4.6476645,-1
MEM-203-18,Congresswoman Debbie Lesko (AZ-08),Fall Intern,2018-07-16,2018,internship,5.617113,2.4517379,-1
MEM-202-18,Congressman Donald Norcross (NJ-01),Fall 2018 Intern,2018-07-16,2018,internship,6.416903,1.4996223,-1
MEM-201-18,Congressman Kurt Schrader (OR-05),Fall Internship,2018-07-09,2018,internship,7.836008,1.639869,-1
MEM-200-18,,Fall Semester Intern,2018-07-09,2018,internship,5.713553,2.698781,-1
MEM-199-18,Congresswoman Elise Stefanik (NY-21),Fall 2018 Intern,2018-07-09,2018,internship,4.846972,1.193074,-1
MEM-198-18,Congressman Bruce Westerman (AR-04),Intern,2018-07-09,2018,internship,10.25387,1.2351134,-1
MEM-197-18,Congressman Mark Pocan (WI-02),Legislative Intern,2018-07-09,2018,internship,5.295898,6.387716,14
MEM-196-18,Congressman Ron DeSantis (FL-06),Fall 2018 Intern,2018-07-09,2018,internship,5.8025293,1.1410851,-1
MEM-195-18,Congressman Denny Heck (WA-10),Fall 2018 Intern,2018-07-09,2018,internship,5.912526,1.1234038,40
MEM-194-18,Congressman Doug LaMalfa (CA-01),Fall Intern,2018-07-02,2018,internship,5.6402097,2.4376326,-1
MEM-192-18,Congressman Jim Renacci (OH-16),Fall Intern,2018-07-02,2018,internship,6.6224856,0.38786972,-1
MEM-191-18,Congressman Charlie Crist (FL-13),Fall 2018 Intern,2018-07-02,2018,internship,9.198783,-0.9287798,24
MEM-190-18,,Fall Intern,2018-07-02,2018,internship,4.215665,1.0202829,-1
MEM-189-18,Congresswoman Martha McSally (AZ-02),Fall Intern,2018-07-02,2018,internship,8.044234,1.7961767,-1
MEM-188-18,Congresswoman Doris Matsui (CA-06),Fall 2018 Intern,2018-07-02,2018,internship,5.6664553,1.4582728,40
MEM-187-18,Congressman Dwight Evans (PA-02),Fall 2018 Intern,2018-07-02,2018,internship,3.032894,1.6182523,-1
MEM-184-18,Congressman Brendan F. Boyle (PA-13),Fall Intern,2018-07-02,2018,internship,5.477202,1.7539682,-1
MEM-183-18,Congressman Daniel Lipinski (IL-03),Fall Intern,2018-07-02,2018,internship,8.522018,2.4224644,-1
MEM-181-18,Congressman Scott DesJarlais (TN-04),Fall Intern,2018-07-02,2018,internship,6.723697,2.1875794,41
MEM-178-18,Congressman Jason Smith (MO-08),Intern,2018-07-02,2018,internship,5.2352595,-0.45243376,35
MEM-207-17,Congressman Rod Blum (IA-01),Fall 2017 Intern,2017-07-17,2017,internship,5.352451,0.7373448,-1
MEM-206-17,,Fall 2017 Intern,2017-07-17,2017,internship,9.18961,2.2911296,-1
MEM-204-17,,Full-Time Unpaid Intern,2017-07-17,2017,internship,1.5359361,2.398775,-1
MEM-202-17,Congressman Bruce Westerman (AR-04),Fall Intern,2017-07-17,2017,internship,7.453655,0.2821386,39
MEM-201-17,Congresswoman Dina Titus (NV-1),Fall 2017 Intern,2017-07-17,2017,internship,9.079286,-1.6546694,24
MEM-198-17,Congressman Gerald Connolly (VA-11),Intern,2017-07-17,2017,internship,5.1415653,1.9067861,-1
MEM-197-17,,Congressional Intern,2017-07-17,2017,internship,1.7639076,7.6541543,11
MEM-196-17,Congressman Bill Posey (FL-08),Intern,2017-07-17,2017,internship,7.8794937,-0.49198377,43
MEM-375-23,,Legislative Intern,2023-07-17,2023,internship,8.981115,8.771644,28
MEM-373-23,Congresswoman Dina Titus (NV-01),Fall 2023 Intern,2023-07-17,2023,internship,8.1193075,0.3493523,-1
MEM-372-23,Congressman Raja Krishnamoorthi (IL-08),Press Intern,2023-07-17,2023,internship,13.891189,22.094395,-1
MEM-371-23,"Congressman Emanuel Cleaver, II (MO-05)",Paid Fall Intern,2023-07-17,2023,internship,4.0585895,1.7070944,-1
MEM-370-23,Congressman Ro Khanna (CA-17),Fall Intern,2023-07-17,2023,internship,11.870084,18.361317,20
MEM-368-23,Congressman Steve Cohen (TN-09),Fall 2023 Intern,2023-07-17,2023,internship,0.33944455,7.131568,12
MEM-366-23,,Press And Digital Intern,2023-07-17,2023,internship,11.210986,21.050571,15
MEM-364-23,Congresswoman Lori Trahan (MA-03),General Internship,2023-07-17,2023,internship,5.6866655,2.9851665,-1
MEM-362-23,Congressman Dan Newhouse (WA-04),"Paid Congressional Intern, Fall 2023",2023-07-17,2023,internship,4.8063655,4.778297,-1
MEM-361-23,Congresswoman Abigail Spanberger (VA-07),Fall 2023 Intern,2023-07-17,2023,internship,7.966087,4.4068346,-1
MEM-357-23,Congressman Jerry Nadler (NY-12),"Paid Undergraduate Student Intern, Fall 2023",2023-07-17,2023,internship,6.8030744,5.8417873,-1
MEM-356-23,Congressman Jeff Van Drew (NJ-02),Fall Intern,2023-07-17,2023,internship,5.869404,-0.93049216,38
MEM-215-16,,Legislative Intern,2016-07-18,2016,internship,-3.7424092,-0.5105407,30
MEM-214-16,Congresswoman Louise Slaughter (NY-25),Press Intern,2016-07-18,2016,internship,14.26864,20.074608,19
MEM-213-16,Congresswoman Louise M. Slaughter (NY-25),Fall Intern,2016-07-18,2016,internship,6.977506,7.445718,-1
MEM-211-16,Congressman John Garamendi (CA-03),Fall Intern,2016-07-18,2016,internship,6.984435,-3.6743937,37
MEM-210-16,Congressman Bill Posey (FL-08),Fall 2016 Intern,2016-07-18,2016,internship,7.929963,-0.5185402,43
MEM-208-16,,Full Time Intern,2016-07-18,2016,internship,4.6086597,2.4478643,32
MEM-184-15,,Fall 2015 Intern,2015-07-20,2015,internship,7.4770145,-0.1131205,-1
MEM-183-15,Congresswoman Louise M. Slaughter (NY-25),Fall Intern,2015-07-20,2015,internship,6.969372,7.4324403,-1
MEM-182-15,Congressman Dan Donovan (NY-11),Fall Intern,2015-07-20,2015,internship,5.27571,0.8889647,-1
MEM-181-15,Congresswoman Jackie Walorski (IN-02),Communications Intern,2015-07-20,2015,internship,12.88048,18.440666,10
MEM-180-15,Congresswoman Jackie Walorski (IN-02),Full-Time Intern,2015-07-20,2015,internship,4.2597857,-0.15066561,44
MEM-179-15,,Fall Intern,2015-07-20,2015,internship,5.407001,0.02875333,-1
MEM-178-15,Congressman Paul Gosar (AZ-04),Intern,2015-07-20,2015,internship,7.472386,1.4089427,37
MEM-177-15,,Legislative Intern,2015-07-20,2015,internship,3.799566,5.583731,16
MEM-176-15,Congressman John Lewis (GA-05),Fall Intern,2015-07-20,2015,internship,7.4275293,1.566944,-1
MEM-174-15,Congresswoman Candice S. Miller (MI-10),Legislative Intern,2015-07-20,2015,internship,8.924075,0.3986523,-1
MEM-173-15,,Legislative Fellow,2015-07-20,2015,internship,8.116442,10.133876,-1
MEM-171-15,,Press Intern,2015-07-20,2015,internship,-10.533662,13.25615,-1
MEM-170-15,,Legislative Intern,2015-07-20,2015,internship,-3.7635663,-0.48966557,30
MEM-311-24,,Press/Digital Intern,2024-07-22,2024,internship,6.0193815,13.7838335,8
MEM-316-24,Congresswoman Rosa L. DeLauro (CT-03),Fall 2024 Intern,2024-07-22,2024,internship,6.117061,5.561451,-1
MEM-313-24,Congressman Salud Carbajal (CA-24),Digital/Press Intern,2024-07-22,2024,internship,12.487408,19.443714,21
MEM-312-24,Congressman Andrew Garbarino (NY-02),Part-Time Paid Intern,2024-07-22,2024,internship,8.726159,-0.46046326,-1
MEM-310-24,Congresswoman Katie Porter (CA-47),Fall Intern,2024-07-22,2024,internship,2.4947147,4.872798,-1
MEM-306-24,Congresswoman Jennifer Wexton (VA-10),Fall 2024 Intern,2024-07-22,2024,internship,7.344464,2.9133296,-1
MEM-237-18,Congressman Jason Lewis (MN-02),Full-Time/Part-Time Intern,2018-07-23,2018,internship,8.135155,5.007184,-1
MEM-235-18,Congressman Mike Quigley (IL-05),Fall Intern,2018-07-23,2018,internship,8.112982,2.240634,-1
MEM-234-18,,Paid Intern,2018-07-23,2018,internship,10.774156,-0.4813136,-1
MEM-233-18,,Social Media Fellow,2018-07-23,2018,internship,11.952886,18.429409,-1
MEM-232-18,,Press Intern,2018-07-23,2018,internship,13.893409,19.163143,-1
MEM-231-18,,Full-Time Legislative Intern,2018-07-23,2018,internship,9.106516,8.841279,-1
MEM-230-18,Congressman Sean Patrick Maloney (NY-18),Digital/Press Intern,2018-07-23,2018,internship,11.284716,20.97876,-1
MEM-229-18,Congressman Greg Gianforte (MT-00),Intern,2018-07-23,2018,internship,6.528215,2.7259731,-1
MEM-227-18,Congressman Sean P. Duffy (WI-07),Fall Intern,2018-07-23,2018,internship,7.503394,1.4039773,-1
MEM-226-18,,Fall 2018 Intern,2018-07-23,2018,internship,9.190955,2.298121,-1
MEM-225-18,Congressman Alcee L. Hastings (FL-20),Fall 2018 Intern,2018-07-23,2018,internship,3.4708927,5.0405335,16
MEM-224-18,Congresswoman Eleanor Holmes Norton (DC-00),Fall 2018 Intern,2018-07-23,2018,internship,7.0661163,1.9305749,-1
MEM-223-18,Congressman Ben Ray Luján (NM-03),Unpaid Full-Time Intern,2018-07-23,2018,internship,5.392778,-1.7645183,26
MEM-222-18,Congressman Steve Russell (OK-5),Fall 2018 Intern,2018-07-23,2018,internship,7.4023685,-1.19563,-1
MEM-221-18,Congressman Jared Huffman (CA-02),Fall Intern,2018-07-23,2018,internship,8.999942,-1.4952761,-1
MEM-220-18,Congressman Mark DeSaulnier (CA-11),Intern,2018-07-23,2018,internship,6.2835417,0.299193,-1
MEM-218-18,,Fall 2018 Intern,2018-07-23,2018,internship,10.364403,8.878425,-1
MEM-244-17,Congressman Denny Heck (WA-10),Fall 2017 Intern,2017-07-24,2017,internship,5.805766,1.0946774,40
MEM-242-17,,Press Fellow,2017-07-24,2017,internship,13.305058,19.970161,-1
MEM-241-17,Congresswoman Jacky Rosen (NV-03),Intern,2017-07-24,2017,internship,4.6362076,8.189216,18
MEM-240-17,Congressman David Price (NC-04),Fall Intern,2017-07-24,2017,internship,6.9493666,1.6039348,-1
MEM-239-17,Congresswoman Louise M. Slaughter (NY-25),Fall Intern,2017-07-24,2017,internship,6.9614735,7.4433517,-1
MEM-238-17,Congresswoman Louise Slaughter (NY-25),Press Intern,2017-07-24,2017,internship,14.26278,20.060411,19
MEM-237-17,Congressman Daniel Webster (FL-11),Fall Intern,2017-07-24,2017,internship,7.8899693,-0.70095944,-1
MEM-236-17,,Fall 2017 Intern,2017-07-24,2017,internship,5.6173368,1.0150894,40
MEM-234-17,Congressman Ron Estes (KS-04),Fall Intern,2017-07-24,2017,internship,7.208143,1.2655779,-1
MEM-233-17,Congresswoman Eddie Bernice Johnson (TX-30),Fall 2017 Intern,2017-07-24,2017,internship,6.4040647,4.729333,-1
MEM-232-17,,Legal Fellow,2017-07-24,2017,internship,8.46013,10.064813,-1
MEM-230-17,Congressman Charlie Crist (FL-13),Intern,2017-07-24,2017,internship,8.993444,-1.0052625,24
MEM-229-17,,Legislative Intern,2017-07-24,2017,internship,-3.7765274,-0.47664708,30
MEM-228-17,,Press Intern,2017-07-24,2017,internship,-10.533667,13.256153,-1
MEM-227-17,,Fall 2017 Intern,2017-07-24,2017,internship,8.620807,1.4363708,35
MEM-226-17,Congressman Jim Langevin (RI-02),Intern,2017-07-24,2017,internship,5.1852484,6.0873475,14
MEM-225-17,Congresswoman Jackie Walorski (IN-02),Communications Intern,2017-07-24,2017,internship,12.885078,18.452667,10
MEM-224-17,Congresswoman Jackie Walorski (IN-02),Legislative Intern,2017-07-24,2017,internship,4.245207,-0.1966817,44
MEM-222-17,Congressman Glenn Grothman (WI-06),Fall 2017 Intern,2017-07-24,2017,internship,4.531301,0.3814196,44
MEM-221-17,Congressman Bill Shuster (PA-09),Fall Intern,2017-07-24,2017,internship,3.7870147,2.6994174,-1
MEM-220-17,Congressman Bill Johnson (OH-06),Fall 2017 Intern,2017-07-24,2017,internship,6.767942,0.4509605,43
MEM-219-17,Congressman Dave Reichert (WA-08),Intern,2017-07-24,2017,internship,6.837948,7.098709,-1
MEM-218-17,Congressman Ro Khanna (CA-17),Fall 2017 Intern,2017-07-24,2017,internship,5.21461,1.4712751,27
MEM-217-17,Congressman Matt Cartwright (PA-17),Unpaid Intern,2017-07-24,2017,internship,3.776643,2.7739956,-1
MEM-216-17,Congressman Patrick Meehan (PA-07),Fall 2017 Intern,2017-07-24,2017,internship,4.775212,4.048235,-1
MEM-215-17,Congressman John Sarbanes (MD-03),Fall 2017 Intern,2017-07-24,2017,internship,5.9235525,5.494616,13
MEM-214-17,Congressman Peter Welch (VT-00),Unpaid Intern,2017-07-24,2017,internship,6.7372274,4.4952383,-1
MEM-213-17,Congressman Tom Graves (GA-14),Fall 2017 Intern,2017-07-24,2017,internship,7.2784758,1.0525889,-1
MEM-212-17,,Legislative Intern,2017-07-24,2017,internship,7.9101996,1.0342466,-1
MEM-211-17,,Fall 2017 Intern,2017-07-24,2017,internship,8.958676,8.79102,-1
MEM-210-17,Congressman Brendan F. Boyle (PA-13),Fall Intern,2017-07-24,2017,internship,5.4797516,1.7486504,-1
MEM-209-17,Congressman Doug LaMalfa (CA-01),Intern,2017-07-24,2017,internship,6.7650495,-3.5437684,-1
MEM-393-23,,Intern,2023-07-24,2023,internship,10.491969,1.0698295,36
MEM-389-23,,Paid Intern,2023-07-24,2023,internship,9.845021,9.217441,-1
MEM-388-23,Congresswoman Susie Lee (NV-03),Fall Intern,2023-07-24,2023,internship,8.853232,-2.731608,25
MEM-385-23,Congressman Cliff Bentz (OR-02),Fall Intern,2023-07-24,2023,internship,7.648793,1.6386156,-1
MEM-380-23,,Legal Intern,2023-07-24,2023,internship,9.078973,10.636291,-1
MEM-378-23,Congressman Gregory W. Meeks (NY-05),Legislative Intern,2023-07-24,2023,internship,3.5652697,4.6051555,-1
MEM-377-23,Congressman Gregory W. Meeks (NY-05),Press/Digital Internship,2023-07-24,2023,internship,11.980069,20.327826,-1
MEM-376-23,Congresswoman Marilyn Strickland (WA-10),Legislative Intern,2023-07-24,2023,internship,8.068494,6.5664654,-1
MEM-230-16,Congressman Derek Kilmer (WA-06),Intern,2016-07-25,2016,internship,0.19567744,18.09135,-1
MEM-229-16,Congressman Jim Langevin (RI-02),Intern (Fall 2016),2016-07-25,2016,internship,5.1603003,6.074042,14
MEM-228-16,Congressman Bill Johnson (OH-06),Fall Intern,2016-07-25,2016,internship,6.7989407,0.34959528,43
MEM-227-16,,Intern,2016-07-25,2016,internship,4.8927426,1.2155399,-1
MEM-226-16,Congresswoman Brenda L. Lawrence (MI-14),Intern,2016-07-25,2016,internship,4.061522,3.5721135,31
MEM-225-16,Congresswoman Tulsi Gabbard (HI-02),Legislative Intern,2016-07-25,2016,internship,10.495629,9.888401,-1
MEM-224-16,,Intern,2016-07-25,2016,internship,7.2283735,4.9717402,-1
MEM-223-16,Congressman Bruce Westerman (AR-04),Fall Intern,2016-07-25,2016,internship,7.4533167,0.2625975,39
MEM-222-16,Congresswoman Elizabeth H. Esty (CT-05),Fall 2016 Intern,2016-07-25,2016,internship,5.748334,5.3074937,13
MEM-221-16,,Press Intern,2016-07-25,2016,internship,13.4675665,19.124594,22
MEM-220-16,Congressman Keith Ellison (MN-05),Legislative Fellow,2016-07-25,2016,internship,7.935542,10.205221,-1
MEM-219-16,Congressman Dan Donovan (NY-11),Fall Intern,2016-07-25,2016,internship,6.8825297,1.0621461,43
MEM-218-16,Congressman Tony Cárdenas (CA-29),Intern,2016-07-25,2016,internship,4.6089087,7.1685286,37
MEM-196-15,Congressman Don Beyer (VA-08),Unpaid Intern,2015-07-27,2015,internship,5.0843215,5.35806,-1
MEM-195-15,,Intern,2015-07-27,2015,internship,9.021627,3.8721428,-1
MEM-194-15,,Press Intern,2015-07-27,2015,internship,12.430153,19.439222,-1
MEM-190-15,Congressman Adam Kinzinger (IL-16),Intern,2015-07-27,2015,internship,7.1025496,-0.99305516,-1
MEM-189-15,,Washington Intern,2015-07-27,2015,internship,6.359468,2.778179,-1
MEM-187-15,Congressman Scott Rigell (VA-02),Fall 2015 Intern,2015-07-27,2015,internship,8.933031,4.828629,-1
MEM-186-15,Congressman Donald Norcross (NJ-01),Fall Intern,2015-07-27,2015,internship,6.507454,1.490169,-1
MEM-185-15,,Intern,2015-07-27,2015,internship,7.520058,0.038849816,-1
MEM-339-24,Congressman Dan Kildee (MI-08),Paid Intern (Fall 2024),2024-07-29,2024,internship,8.426662,3.4671984,-1
MEM-338-24,Congressman Dan Kildee (MI-08),Paid Intern,2024-07-29,2024,internship,8.40434,3.659238,-1
MEM-337-24,Congresswoman Emilia Sykes (OH-13),Legislative Fellow,2024-07-29,2024,internship,7.548493,3.8986843,-1
MEM-336-24,Congresswoman Abigail Spanberger (VA-07),Fall 2024 Intern,2024-07-29,2024,internship,7.995624,4.373356,-1
MEM-335-24,,Intern,2024-07-29,2024,internship,10.472408,1.0898064,36
MEM-334-24,Congresswoman Victoria Spartz (IN-05),Congressional Intern,2024-07-29,2024,internship,7.5868583,2.6342475,-1
MEM-333-24,,Financial Services Fellow,2024-07-29,2024,internship,7.625318,10.3425255,-1
MEM-330-24,Congressman Wesley Hunt (TX-38),Fall 2024 District Office Intern,2024-07-29,2024,internship,7.999122,5.1733675,-1
MEM-329-24,Congresswoman Eleanor Holmes Norton (DC-00),District Intern,2024-07-29,2024,internship,8.105222,5.0739565,-1
MEM-328-24,Congressman Jim Costa (CA-21),Digital/Press Intern,2024-07-29,2024,internship,12.559865,19.2737,21
MEM-326-24,Congresswoman Lori Trahan (MA-03),Press Intern,2024-07-29,2024,internship,13.217787,18.976517,-1
MEM-324-24,Congressman Greg Murphy (NC-03),Fall 2024 Intern,2024-07-29,2024,internship,-0.014668806,9.087708,-1
MEM-323-24,Congresswoman Angie Craig (MN-02),Fall Intern,2024-07-29,2024,internship,9.092934,4.9929886,-1
MEM-259-17,Congressman Robert Pittenger (NC-09),Fall Intern,2017-07-31,2017,internship,3.9950898,5.349843,16
MEM-258-17,Congressman Alcee L. Hastings (FL-20),Fall 2017 Intern,2017-07-31,2017,internship,3.4787483,5.0374656,16
MEM-257-17,,Press Intern,2017-07-31,2017,internship,13.604437,19.666323,-1
MEM-255-17,,Congressional Intern,2017-07-31,2017,internship,7.886781,1.6472012,-1
MEM-254-17,Congressman Dave Loebsack (IA-02),Fall Intern,2017-07-31,2017,internship,7.8382444,1.9486003,-1
MEM-253-17,House Veterans' Affairs Committee (Majority),Fall 2017 Intern,2017-07-31,2017,internship,5.769399,12.764913,8
MEM-252-17,Congresswoman Diana DeGette (CO-01),Intern,2017-07-31,2017,internship,4.047993,2.1613283,32
MEM-251-17,,Intern,2017-07-31,2017,internship,6.3284407,1.8837957,-1
MEM-250-17,Congresswoman Elizabeth H. Esty (CT-05),Fall 2017 Intern,2017-07-31,2017,internship,5.781516,5.2937245,13
MEM-249-17,Congressman Steve Womack (AR-3),Fall Semester Intern,2017-07-31,2017,internship,7.5577755,0.964802,-1
MEM-248-17,Congresswoman Terri A. Sewell (AL-07),Fall 2017 Intern,2017-07-31,2017,internship,7.111293,1.0590358,-1
MEM-247-17,Congressman Sean P. Duffy (WI-07),Fall Intern,2017-07-31,2017,internship,7.534339,1.4394865,-1
MEM-246-17,Congressman Anthony G. Brown (MD-04),Legislative Intern,2017-07-31,2017,internship,3.7454205,5.566384,16
MEM-245-17,Congressman Steve King (IA-04),Fall Intern,2017-07-31,2017,internship,4.4737167,1.125345,-1
MEM-412-23,Congressman Bill Johnson (OH-06),Fall 2023 Intern,2023-07-31,2023,internship,6.7270637,0.8040425,-1
MEM-410-23,Congressman Dan Goldman (NY-10),Intern,2023-07-31,2023,internship,12.859241,19.08746,-1
MEM-409-23,Congressman Salud Carbajal (CA-24),Digital/Press Intern,2023-07-31,2023,internship,12.478563,19.455715,21
MEM-408-23,Congressman Greg Casar (TX-35),"Paid Intern, Fall 2023",2023-07-31,2023,internship,7.9613175,3.3902009,-1
MEM-406-23,Congresswoman Angie Craig (MN-02),Fall Intern,2023-07-31,2023,internship,9.112932,5.011171,-1
MEM-404-23,,Legal Intern,2023-07-31,2023,internship,8.976006,10.318535,-1
MEM-399-23,Congressman Mark Pocan (WI-02),Fall Intern,2023-07-31,2023,internship,5.608134,6.289476,14
MEM-398-23,Congresswoman Gwen Moore (WI-04),Fall 2023 Intern,2023-07-31,2023,internship,6.1659265,3.7218907,-1
MEM-397-23,,Fellow,2023-07-31,2023,internship,8.650448,10.356554,-1
MEM-396-23,,Committee Intern,2023-07-31,2023,internship,9.240499,8.370881,-1
MEM-214-15,,Intern,2015-08-03,2015,internship,9.735707,7.709568,5
MEM-212-15,,Intern,2015-08-03,2015,internship,4.615949,7.1615725,37
MEM-211-15,,Fall 2015 Intern,2015-08-03,2015,internship,4.640348,2.4679315,32
MEM-209-15,Congressman Ben Ray Luján (NM-03),Intern,2015-08-03,2015,internship,5.3815365,-1.7848927,26
MEM-208-15,Congressman Xavier Becerra (CA-34),Intern,2015-08-03,2015,internship,3.6795778,14.764766,-1
MEM-206-15,Congressman Robert A. Brady (PA-01),Fall 2015 Intern,2015-08-03,2015,internship,3.6897035,2.578248,-1
MEM-205-15,,Press Intern,2015-08-03,2015,internship,13.392535,19.482676,-1
MEM-204-15,Congressman Brad Sherman (CA-30),Fall 2015 Intern,2015-08-03,2015,internship,9.247244,6.6345468,-1
MEM-203-15,Congresswoman Eleanor Holmes Norton (DC-00),Fall 2015 Intern,2015-08-03,2015,internship,11.0067215,2.138541,29
MEM-202-15,,Intern,2015-08-03,2015,internship,5.4095225,-0.001230004,-1
MEM-201-15,Congressman Jared Huffman (CA-02),Fall Semester Intern,2015-08-03,2015,internship,8.98196,-1.4776781,-1
MEM-200-15,Congressman Matt Cartwright (PA-17),Intern,2015-08-03,2015,internship,3.7843122,2.7068894,-1
MEM-199-15,Congresswoman Lois Frankel (FL-22),Fall Intern,2015-08-03,2015,internship,4.643313,8.195086,18
MEM-198-15,,Intern,2015-08-03,2015,internship,4.4837775,2.3514328,-1
MEM-237-16,Congressman Ralph Abraham (LA-05),Fall Intern,2016-08-01,2016,internship,5.500352,1.4863496,40
MEM-236-16,,Legislative Intern,2016-08-01,2016,internship,8.565998,0.867291,35
MEM-235-16,,Intern,2016-08-01,2016,internship,13.372395,19.046669,22
MEM-233-16,"Congressman Raul Ruiz, M.D. (CA-36)",Congressional Intern (Fall 2016),2016-08-01,2016,internship,8.122508,2.8143172,-1
MEM-232-16,Congressman Kevin Yoder (KS-03),Fall Intern,2016-08-01,2016,internship,6.3255663,2.779273,41
MEM-231-16,Congressman Mark Pocan (WI-02),Legislative Intern,2016-08-01,2016,internship,5.2383156,6.334522,14
MEM-220-15,Congressman Amash (MI-03),Fall Intern,2015-08-10,2015,internship,6.990739,0.6613874,-1
MEM-219-15,,Fall 2015 Intern,2015-08-10,2015,internship,11.198068,8.400517,6
MEM-218-15,Congresswoman Louise M. Slaughter (NY-25),Press Intern,2015-08-10,2015,internship,14.292848,20.083216,19
MEM-216-15,,Intern,2015-08-10,2015,internship,7.565606,-0.2829182,39
MEM-215-15,Congresswoman Lucille Roybal-Allard (CA-40),Intern,2015-08-10,2015,internship,5.3666396,1.6641858,40
MEM-361-24,Representative Mary Sattler Peltola (AK-AL),Press/Digital Intern,2024-08-12,2024,internship,12.681342,19.603693,-1
MEM-354-24,Congresswoman Michelle Steel (CA-45),Fall Intern,2024-08-05,2024,internship,8.150545,2.0816064,-1
MEM-352-24,,Fall 2024 Intern,2024-08-05,2024,internship,6.5264134,2.6903958,-1
MEM-344-24,Congressman Jeff Van Drew (NJ-02),Fall Intern,2024-08-05,2024,internship,5.9207096,-0.87077326,38
MEM-340-24,Congressman Cory Mills (FL-07),Fall 2024 Intern,2024-08-05,2024,internship,6.5198765,0.75559705,42
MEM-273-18,,Intern,2018-08-13,2018,internship,13.116838,18.52101,-1
MEM-260-18,Congresswoman Martha McSally (AZ-02),Paid Intern,2018-08-06,2018,internship,8.090618,1.7946965,-1
MEM-249-18,Congresswoman Dina Titus (NV-1),Fall 2018 Intern,2018-08-06,2018,internship,9.084777,-1.6363713,24
MEM-248-18,,"Full-Time Intern, Fall 2018",2018-08-06,2018,internship,5.3986354,1.9892039,-1
MEM-247-18,Congressman Randy Hultgren (IL-14),Fall 2018 Intern,2018-08-06,2018,internship,5.8055916,1.4313873,-1
MEM-245-18,Congressman Charlie Crist (FL-13),Fall 2018 Intern,2018-08-06,2018,internship,9.197152,-0.93859065,24
MEM-244-18,Congresswoman Claudia Tenney (NY-22),Fall 2018 Intern,2018-08-06,2018,internship,4.490547,1.1586138,-1
MEM-243-18,Congressman Glenn Grothman (WI-06),Fall 2018 Intern,2018-08-06,2018,internship,4.510441,0.35003927,44
MEM-242-18,Congressman Mark Pocan (WI-02),Communications Intern,2018-08-06,2018,internship,5.3354554,6.3921027,-1
MEM-241-18,Congresswoman Gwen Moore (WI-04),Congressional Intern,2018-08-06,2018,internship,8.267075,1.311966,-1
MEM-240-18,,Fall 2018 Intern,2018-08-06,2018,internship,8.948428,9.280826,-1
MEM-239-18,Congressman Tom Suozzi (NY-03),Intern,2018-08-06,2018,internship,4.8681245,1.206005,-1
MEM-287-17,Congressman French Hill (AR-02),Intern,2017-08-14,2017,internship,8.094533,0.8528049,35
MEM-285-17,Congressman Robert Pittenger (NC-09),Legislative Intern,2017-08-14,2017,internship,3.9396057,5.3675165,16
MEM-283-17,Congresswoman Tulsi Gabbard (HI-02),Press Intern,2017-08-14,2017,internship,10.983181,10.228316,-1
MEM-282-17,Congresswoman Ann McLane Kuster (NH-02),Fall 2017 Intern,2017-08-14,2017,internship,6.837687,0.7810196,-1
MEM-281-17,Congressman Michael E. Capuano (MA-07),Intern,2017-08-14,2017,internship,4.6577377,7.1333013,37
MEM-280-17,Congressman Justin Amash (MI-03),Intern,2017-08-14,2017,internship,6.902017,0.46802133,-1
MEM-279-17,,Fall 2017 Intern,2017-08-14,2017,internship,10.383163,8.874496,-1
MEM-278-17,,Spring Intern,2017-08-14,2017,internship,7.2379746,-12.269977,-1
MEM-277-17,,Fall Intern,2017-08-14,2017,internship,7.004494,4.6345,-1
MEM-276-17,,Legislative Fellow,2017-08-14,2017,internship,7.789372,10.238777,-1
MEM-270-17,,Fall Semester Intern,2017-08-07,2017,internship,6.302409,2.6305673,41
MEM-269-17,Congressman Walter B. Jones (NC-03),Intern,2017-08-07,2017,internship,5.711689,5.0257616,13
MEM-265-17,Congressman Ron Estes (KS-04),Fall Intern,2017-08-07,2017,internship,7.2401624,1.3060385,-1
MEM-264-17,Congressman Tom Reed (NY-23),Fall 2017 Intern,2017-08-07,2017,internship,5.163351,0.73534733,44
MEM-263-17,Congressman Paul Cook (CA-08),Intern,2017-08-07,2017,internship,9.955008,3.0773554,-1
MEM-262-17,Congresswoman Norton (DC-00),Congressional Intern,2017-08-07,2017,internship,8.862089,1.909587,-1
MEM-261-17,Congresswoman Kathy Castor (FL-14),Full-Time/Part-Time Intern,2017-08-07,2017,internship,7.667612,-0.49116206,40
MEM-437-23,Congressman Glenn Grothman (WI-06),Fall Congressional Intern,2023-08-14,2023,internship,7.635122,2.6497622,-1
MEM-432-23,Congressman Troy Balderson (OH-12),Fall Intern,2023-08-14,2023,internship,6.5698385,1.4352908,-1
MEM-429-23,Congressman French Hill (AR-02),Fall 2023 Intern,2023-08-14,2023,internship,8.677993,0.5103973,-1
MEM-427-23,Congresswoman Valerie P. Foushee (NC-04),Fall 2023 Intern,2023-08-07,2023,internship,7.461607,3.872505,-1
MEM-426-23,Representative Rick Larsen (WA-02),Fall 2023 Intern,2023-08-07,2023,internship,6.7426095,0.7081098,42
MEM-423-23,Congressman Blaine Luetkemeyer (MO-03),Fall Intern,2023-08-07,2023,internship,8.147734,2.0966518,-1
MEM-420-23,Congressman Blaine Luetkemeyer (MO-03),Fall Intern,2023-08-07,2023,internship,8.164737,2.0792336,-1
MEM-418-23,Congressman David Rouzer (NC-07),Paid Intern,2023-08-07,2023,internship,5.6188135,0.4471851,-1
MEM-414-23,Congresswoman Rosa L. DeLauro (CT-03),Fall 2023 Intern,2023-08-07,2023,internship,6.100201,5.5703416,-1
MEM-255-16,Congressman Jeff Fortenberry (NE-01),Intern,2016-08-15,2016,internship,4.0741615,5.2826376,-1
MEM-254-16,Congressman Alcee L. Hastings (FL-20),Fall 2016 Intern,2016-08-15,2016,internship,3.4785419,5.035824,16
MEM-252-16,Congressman Mike Thompson (CA-5),Fall 2016 Intern,2016-08-15,2016,internship,7.759385,0.9417173,-1
MEM-251-16,Congressman Bruce Poliquin (ME-02),Fall 2016 Intern,2016-08-15,2016,internship,7.2226725,2.9089062,-1
MEM-250-16,,Legislative Intern And Fellow,2016-08-15,2016,internship,8.621011,9.768376,9
MEM-249-16,Congresswoman Tulsi Gabbard (HI-02),Press Intern,2016-08-15,2016,internship,10.987008,10.234699,-1
MEM-248-16,,Intern,2016-08-15,2016,internship,3.679754,14.764675,-1
MEM-247-16,,Fall Intern,2016-08-15,2016,internship,9.758949,8.064024,-1
MEM-246-16,Congressman Brad Wenstrup (OH-02),Fall Intern,2016-08-15,2016,internship,5.671425,1.3170463,-1
MEM-245-16,Congresswoman Eddie Bernice Johnson (TX-30),Fall 2016 Intern,2016-08-15,2016,internship,6.410304,4.734588,-1
MEM-244-16,Congressman Glenn Grothman (WI-06),Fall 2016 Intern,2016-08-08,2016,internship,4.511063,0.35329267,44
MEM-243-16,Congressman Tom Reed (NY-23),Fall 2016 Intern,2016-08-08,2016,internship,5.1807137,0.7418298,44
MEM-242-16,Congresswoman Lois Frankel (FL-22),Fall Intern,2016-08-08,2016,internship,4.651815,8.204737,18
MEM-241-16,,Press Intern,2016-08-08,2016,internship,12.473569,19.465973,-1
MEM-240-16,Congressman Keith Ellison (MN-05),Legislative Fellow,2016-08-08,2016,internship,7.8001842,10.274885,-1
MEM-246-15,,Press Intern,2015-08-17,2015,internship,13.671294,18.224714,-1
MEM-240-15,,Intern,2015-08-17,2015,internship,10.339366,8.888537,-1
MEM-235-15,,Fall 2015 Intern,2015-08-17,2015,internship,4.8276324,4.0308785,-1
MEM-234-15,,Administrative/Outreach Intern,2015-08-17,2015,internship,7.816357,4.5802345,-1
MEM-367-24,Congressman Troy Nehls (TX-22),"Full-Time Intern, Fall 2024",2024-08-19,2024,internship,5.9016747,-0.8907759,-1
MEM-293-18,Congressman Jason Smith (MO-08),Intern,2018-08-21,2018,internship,5.2336965,-0.45467436,35
MEM-292-18,Congresswoman Tulsi Gabbard (HI-02),Fall 2018 Legislative Intern,2018-08-21,2018,internship,9.025134,3.930865,-1
MEM-275-18,Congressman Dwight Evans (PA-02),Fall Intern,2018-08-21,2018,internship,3.0306325,1.613983,-1
MEM-440-23,Congressman Mike Levin (CA-49),Digital/Press Intern,2023-08-21,2023,internship,12.702535,19.57518,21
MEM-266-16,,Press Intern,2016-08-22,2016,internship,13.772392,18.90485,-1
MEM-265-16,Congresswoman Debbie Dingell (MI-12),Congressional Intern,2016-08-22,2016,internship,-1.5173367,2.615915,-1
MEM-264-16,,Fall 2016 Intern,2016-08-22,2016,internship,4.043018,3.5365343,-1
MEM-263-16,,Press Intern,2016-08-22,2016,internship,-10.53367,13.256156,-1
MEM-262-16,Congressman Michael Capuano (MA),Full-Time Intern,2016-08-22,2016,internship,8.912076,1.8779525,-1
MEM-261-16,,Intern,2016-08-22,2016,internship,5.677244,4.8801107,-1
MEM-260-16,,Intern,2016-08-22,2016,internship,8.6552725,1.4435087,35
MEM-259-16,,Fall 2016 Intern,2016-08-22,2016,internship,5.8543406,1.0619802,40
MEM-258-16,Congressman Coffman (CO-06),Legislative Intern,2016-08-22,2016,internship,7.908827,1.0492603,-1
MEM-257-16,Congressman Jared Polis (CO-02),Intern,2016-08-22,2016,internship,4.075875,2.0834258,-1
MEM-303-17,,Fall Intern,2017-08-22,2017,internship,7.237974,-12.269985,-1
MEM-301-17,Congressman Al Green (TX-09),Intern,2017-08-22,2017,internship,8.1621475,8.254278,-1
MEM-300-17,Congressman John Sarbanes (MD-03),Fall 2017 Intern,2017-08-22,2017,internship,5.8537235,5.4405856,13
MEM-298-17,Congressman Jason Smith (MO-08),Intern,2017-08-22,2017,internship,5.22981,-0.45860246,35
MEM-297-17,Congressman Jeb Hensarling (TX-05),Fall Intern,2017-08-22,2017,internship,6.2128463,-0.22298707,-1
MEM-296-17,Congresswoman Debbie Dingell (MI-12),Congressional Intern,2017-08-22,2017,internship,-1.5107944,2.6119835,-1
MEM-294-17,,Press Intern,2017-08-22,2017,internship,13.386363,19.157772,-1
MEM-293-17,Congresswoman Brenda L. Lawrence (MI-14),Intern,2017-08-22,2017,internship,4.017775,3.5838912,31
MEM-290-17,Congressman Pete Olson (TX-22),Fall Intern,2017-08-22,2017,internship,7.4050684,1.5292953,-1
MEM-289-17,Congressman John Faso (NY-19),Intern,2017-08-22,2017,internship,7.4358306,4.215257,-1
MEM-264-15,,Legislative Intern,2015-08-24,2015,internship,3.826972,5.557491,16
MEM-263-15,Congressman Don Beyer (VA-08),Unpaid Intern,2015-08-24,2015,internship,5.0812154,5.3493767,-1
MEM-262-15,Congresswoman Louise M. Slaughter (NY-25),Press Intern,2015-08-24,2015,internship,14.241937,20.05477,19
MEM-253-15,,House Budget Committee Democratic Staff Intern,2015-08-24,2015,internship,9.321739,8.47685,-1
MEM-251-15,,Fall 2015 Intern,2015-08-24,2015,internship,8.35341,1.289018,35
MEM-313-18,,Press Fellow,2018-08-27,2018,internship,13.129191,20.019316,-1
MEM-299-18,,Intern,2018-08-27,2018,internship,13.143696,8.297275,4
MEM-295-18,Congressman Gene Green (TX-29),Fall Intern,2018-08-27,2018,internship,6.4051714,1.4740411,-1
MEM-257-18,,Congressional Intern,2018-08-06,2018,internship,1.7670065,7.6498995,11
MEM-417-23,,Intern,2023-08-07,2023,internship,9.04373,10.201898,-1
MEM-416-23,Congresswoman Victoria Spartz (IN-05),"Paid Intern, Fall 2023",2023-08-07,2023,internship,8.224476,3.3961532,-1
MEM-458-22,Congresswoman Young Kim (CA-39),Fall Intern,2022-09-06,2022,internship,6.8539834,4.6022162,-1
MEM-280-15,,Fall 2015 Intern,2015-09-08,2015,internship,8.35896,1.299336,35
MEM-318-17,,Internship,2017-09-11,2017,internship,7.2361484,4.982873,-1
MEM-314-17,Congresswoman Louise Slaughter (NY-25),Press Intern,2017-09-11,2017,internship,14.270197,20.073362,19
MEM-311-17,Congressman Dan Kildee (MI-05),Intern,2017-09-05,2017,internship,8.345947,4.013812,-1
MEM-310-17,Congressman Don Bacon (NE-02),Fall 2017 Intern,2017-09-05,2017,internship,8.458904,1.979533,-1
MEM-309-17,Congresswoman Doris Matsui (CA-06),Intern,2017-09-05,2017,internship,5.475217,1.4963039,40
MEM-307-17,"Congressman Bill Pascrell, Jr. (NJ-09)",Fall Intern,2017-09-05,2017,internship,4.2218227,1.0451685,-1
MEM-306-17,Congressman Ro Khanna (CA-17),Intern,2017-09-05,2017,internship,5.076911,1.535434,27
MEM-305-17,Congresswoman Kay Granger (TX-12),Intern,2017-09-05,2017,internship,6.6461663,-0.10001234,-1
MEM-467-23,Congresswoman Sydney Kamlager-Dove (CA-37),Spring 2024 Intern,2023-09-11,2023,internship,7.915018,2.8598566,-1
MEM-461-23,Congresswoman Cherfilus-McCormick (FL-20),Communications Intern,2023-09-04,2023,internship,12.430303,19.128395,-1
MEM-460-23,Congressman Marc Molinaro (NY-19),Fall Intern,2023-09-04,2023,internship,6.714359,4.49302,-1
MEM-459-23,"Congressman Glenn ""GT"" Thompson (PA-15)",Intern,2023-09-04,2023,internship,3.741835,2.7485566,-1
MEM-458-23,Congresswoman Nicole Malliotakis (NY-11),Fall Intern,2023-09-04,2023,internship,5.820099,5.3280535,14
MEM-456-23,Congressman Jeff Van Drew (NJ-02),Fall Intern,2023-09-04,2023,internship,5.8651786,-0.8855415,38
MEM-276-16,,Press Intern,2016-09-05,2016,internship,13.465705,19.129906,22
MEM-275-16,Congressman Tom McClintock (CA-04),Intern,2016-09-05,2016,internship,10.362268,1.077214,-1
MEM-273-16,,Press Intern,2016-09-05,2016,internship,13.646514,18.24837,-1
MEM-272-16,Congressman Rick Larsen (WA-02),Full-Time Intern,2016-09-05,2016,internship,9.982797,5.560689,-1
MEM-380-24,Congresswoman Chrissy Houlahan (PA-06),Spring 2025 Press Intern,2024-09-16,2024,internship,11.468784,19.042034,21
MEM-379-24,Congresswoman Chrissy Houlahan (PA-06),Spring 2025 Legislative Intern,2024-09-16,2024,internship,16.719063,11.23602,-1
MEM-376-24,Congresswoman Abigail Spanberger (VA-07),Foreign Affairs Fellow,2024-09-03,2024,internship,7.8445644,9.688418,-1
MEM-335-18,Congressman Alcee L. Hastings (FL-20),Fall 2018 Intern,2018-09-17,2018,internship,3.4685433,5.039137,16
MEM-336-18,,Intern,2018-09-24,2018,internship,7.4716544,1.2245226,-1
MEM-283-15,Congressman John Carney (DE-At-Large),Intern,2015-09-28,2015,internship,7.809272,1.8017333,-1
MEM-395-24,Congressman Joe Morelle (NY-25),Spring 2025 Intern,2024-09-30,2024,internship,7.535434,3.4581015,-1
MEM-387-24,Congressman Tom McClintock (CA-05),Intern,2024-09-30,2024,internship,10.353774,1.0738924,36
MEM-385-24,Congresswoman Grace Meng (NY-06),Paid Fall 2024 Intern,2024-09-30,2024,internship,6.6559334,2.3833253,-1
MEM-383-24,Congressman Josh Brecheen (OK-02),"Full-Time Paid Internship – Spring and Summer 2025 (Flexible Dates), DC Office",2024-09-30,2024,internship,7.781237,3.3935454,-1
MEM-408-24,Congressman Gabe Amo (RI-01),Spring 2025 Intern,2024-10-07,2024,internship,5.3037643,5.762292,-1
MEM-405-24,Congressman Gabe Amo (RI-01),Spring 2025 Intern,2024-10-07,2024,internship,5.3190527,5.7507415,-1
MEM-403-24,,"Full-Time Intern, Spring 2025",2024-10-07,2024,internship,11.75484,9.3811035,2
MEM-399-24,Congresswoman Lois Frankel (FL-22),Spring 2025 Intern,2024-10-07,2024,internship,4.744276,8.180878,18
MEM-422-24,Congressman Max Miller (OH-07),Legislative Correspondent,2024-10-14,2024,internship,6.558169,6.603227,-1
MEM-419-24,Congressman Max Miller (OH-07),Staff Assistant,2024-10-14,2024,internship,8.496774,3.4134758,-1
